{
    "AUC": 0.5536864088798726,
    "AR": 0.5506024096385544,
    "AP": 0.4295807453608933,
    "F1": 0.482620400735549
}