{
    "AUC": 0.6421961704285185,
    "AR": 0.6493975903614456,
    "AP": 0.5381337350517953,
    "F1": 0.588553317889502
}