{
    "AUC": 0.6214227531398248,
    "AR": 0.5871485943775098,
    "AP": 0.4776823303104586,
    "F1": 0.5267888118161979
}