{
    "AUC": 0.9841396033555979,
    "AR": 0.9858433734939753,
    "AP": 0.9789863964029658,
    "F1": 0.9824029200099432
}