{
    "AUC": 0.6143890716083339,
    "AR": 0.600502008032129,
    "AP": 0.48737496199054686,
    "F1": 0.5380565108089483
}