{
    "AUC": 0.01170528628868138,
    "AR": 0.012510040160642569,
    "AP": 0.007113227998499188,
    "F1": 0.009069515557894096
}