{
    "AUC": 0.9913176961577654,
    "AR": 0.9892971887550192,
    "AP": 0.9859866146943063,
    "F1": 0.9876391274649355
}