{
    "AUC": 0.9299613644451223,
    "AR": 0.9319277108433747,
    "AP": 0.9024641583542171,
    "F1": 0.9169593164203526
}