{
    "AUC": 0.8412236634068607,
    "AR": 0.8447991967871479,
    "AP": 0.7814028966130787,
    "F1": 0.8118653174841469
}