{
    "AUC": 0.9915490840366815,
    "AR": 0.9890763052208826,
    "AP": 0.9869341971991671,
    "F1": 0.9880040901264247
}