{
    "AUC": 0.6260998603981254,
    "AR": 0.6265060240963849,
    "AP": 0.5111267372131612,
    "F1": 0.5629654679989362
}