{
    "AUC": 0.9956408217878072,
    "AR": 0.9914457831325294,
    "AP": 0.9909253186958749,
    "F1": 0.9911854825911647
}