{
    "AUC": 0.7203587172469069,
    "AR": 0.7159638554216864,
    "AP": 0.6175355064294321,
    "F1": 0.6631170808049667
}