{
    "AUC": 0.9865848479850072,
    "AR": 0.987570281124497,
    "AP": 0.9819762188556899,
    "F1": 0.9847653056402983
}