{
    "AUC": 0.012994818064809009,
    "AR": 0.014317269076305207,
    "AP": 0.008138690749731928,
    "F1": 0.010377986627642756
}