{
    "AUC": 0.925208868924915,
    "AR": 0.9236947791164665,
    "AP": 0.8911819578562185,
    "F1": 0.9071471411195561
}