{
    "AUC": 0.8109265659797484,
    "AR": 0.8095582329317265,
    "AP": 0.732078437098808,
    "F1": 0.7688713396956138
}