{
    "AUC": 0.46344661015356275,
    "AR": 0.43345381526104393,
    "AP": 0.3179972295717963,
    "F1": 0.36685586732000347
}