{
    "AUC": 0.615236094354344,
    "AR": 0.5789558232931731,
    "AP": 0.46855064432668764,
    "F1": 0.5179349864198602
}