{
    "AUC": 0.07165599334274034,
    "AR": 0.07500000000000002,
    "AP": 0.04005406017385964,
    "F1": 0.05221987835109875
}