{
    "AUC": 0.3009493727120873,
    "AR": 0.31592369477911625,
    "AP": 0.20802772060754426,
    "F1": 0.2508663367664082
}