{
    "AUC": 0.9198724805401337,
    "AR": 0.9182128514056231,
    "AP": 0.8835121077001215,
    "F1": 0.9005283160037608
}