{
    "AUC": 0.13709820061797479,
    "AR": 0.13991967871485944,
    "AP": 0.07944526329042569,
    "F1": 0.10134669298931062
}