{
    "AUC": 0.9747256957464501,
    "AR": 0.9678714859437757,
    "AP": 0.9569830375847147,
    "F1": 0.9623964650712435
}