{
    "AUC": 0.8596409567997356,
    "AR": 0.8614457831325298,
    "AP": 0.8025138784514315,
    "F1": 0.8309362449799196
}