{
    "AUC": 0.9890923900509019,
    "AR": 0.9877510040160632,
    "AP": 0.9839246858234738,
    "F1": 0.9858341321613807
}