{
    "AUC": 0.2016173677042082,
    "AR": 0.1945983935742972,
    "AP": 0.11465902904485531,
    "F1": 0.14429702396113614
}