{
    "AUC": 0.9892366724709583,
    "AR": 0.9890963855421677,
    "AP": 0.9849621618090759,
    "F1": 0.9870249445725418
}