{
    "AUC": 0.31827337392193567,
    "AR": 0.335341365461847,
    "AP": 0.22401073105298455,
    "F1": 0.26859670285484505
}