{
    "AUC": 0.7060642535870498,
    "AR": 0.702228915662651,
    "AP": 0.600429556276193,
    "F1": 0.6473515588596
}