{
    "AUC": 0.7509508900722186,
    "AR": 0.7490361445783138,
    "AP": 0.6575890822745369,
    "F1": 0.7003400500725386
}