{
    "AUC": 0.01574023703994364,
    "AR": 0.01893574297188755,
    "AP": 0.009238976106445985,
    "F1": 0.012418713129928339
}