{
    "AUC": 0.9916511397062171,
    "AR": 0.9889759036144569,
    "AP": 0.9860011074977456,
    "F1": 0.9874862651725712
}