{
    "AUC": 0.015398381089123331,
    "AR": 0.020080321285140573,
    "AP": 0.01028929614238592,
    "F1": 0.01360651795039057
}