{
    "AUC": 0.6591336689139666,
    "AR": 0.6462851405622495,
    "AP": 0.53598476605848,
    "F1": 0.5859896931005172
}