{
    "AUC": 0.993670390629636,
    "AR": 0.9879518072289146,
    "AP": 0.9860075640999998,
    "F1": 0.9869787281773378
}