{
    "AUC": 0.03755577613138032,
    "AR": 0.03771084337349396,
    "AP": 0.01886593061812255,
    "F1": 0.025149901786222225
}