{
    "AUC": 0.2486931558728952,
    "AR": 0.2590361445783131,
    "AP": 0.16369064633158456,
    "F1": 0.20061086659777666
}