{
    "AUC": 0.986953357986401,
    "AR": 0.9799196787148583,
    "AP": 0.9749569605910641,
    "F1": 0.9774320203881683
}