{
    "AUC": 0.46957174576892224,
    "AR": 0.4427911646586348,
    "AP": 0.32387077356385635,
    "F1": 0.37410782999798564
}