{
    "AUC": 0.18017460264642537,
    "AR": 0.1820448877805486,
    "AP": 0.10759261447379061
}