{
    "AUC": 0.01055235901362155,
    "AR": 0.0,
    "AP": 1.7305007404249612e-05
}