{
    "AUC": 0.0012108059105985114,
    "AR": 0.0,
    "AP": 1.0431686590355664e-05
}