{
    "AUC": 0.0010132818804570079,
    "AR": 0.0,
    "AP": 5.720159770216491e-06
}