{
    "AUC": 0.004164638705048245,
    "AR": 0.0,
    "AP": 2.6082423125494605e-05
}