{
    "AUC": 0.007245157145364327,
    "AR": 0.0,
    "AP": 3.11934641918252e-05
}