{
    "AUC": 0.003158712421553938,
    "AR": 0.0,
    "AP": 1.9125646406268854e-05
}