{
    "AUC": 0.003665405451887522,
    "AR": 0.0,
    "AP": 2.437747151492453e-06
}