{
    "AUC": 0.9930933596764326,
    "AR": 0.9549376558603488,
    "AP": 0.949986865947821
}