{
    "AUC": 0.5047270993572002,
    "AR": 0.36112219451371574,
    "AP": 0.21806936368530264
}