{
    "AUC": 0.48353346991790697,
    "AR": 0.34992518703241904,
    "AP": 0.19085262893269947
}