{
    "AUC": 0.38588065949890676,
    "AR": 0.22655860349127183,
    "AP": 0.11519805441000336
}