{
    "AUC": 0.9692784561063044,
    "AR": 0.9711044176706835,
    "AP": 0.9581649247463555,
    "F1": 0.9645912790098623
}