{
    "AUC": 0.9914741966425544,
    "AR": 0.988132530120481,
    "AP": 0.9859628625043267,
    "F1": 0.9870465040048836
}