{
    "AUC": 0.9922986000404075,
    "AR": 0.9925187032418951,
    "AP": 0.9888060397634344
}