{
    "AUC": 0.9242847270118811,
    "AR": 0.9277911646586353,
    "AP": 0.8957866116209039,
    "F1": 0.9115080414908171
}