{
    "AUC": 0.98749530391326,
    "AR": 0.9839357429718868,
    "AP": 0.9790602194454741,
    "F1": 0.981491926501969
}