{
    "AUC": 0.044048554612631664,
    "AR": 0.04445783132530118,
    "AP": 0.02321068004935819,
    "F1": 0.030498572456149113
}