{
    "AUC": 0.8958885592419723,
    "AR": 0.8935742971887545,
    "AP": 0.8485891101940651,
    "F1": 0.8705009122913691
}