{
    "AUC": 0.40982809825218,
    "AR": 0.4062449799196785,
    "AP": 0.2874441806512829,
    "F1": 0.3366717026415566
}