{
    "AUC": 0.1553298796373023,
    "AR": 0.16325301204819276,
    "AP": 0.09387335057169166,
    "F1": 0.11920292478558525
}