{
    "AUC": 0.92991513519201,
    "AR": 0.9319277108433746,
    "AP": 0.9024647007202019,
    "F1": 0.9169595963845715
}