{
    "AUC": 0.01434926987100345,
    "AR": 0.016405622489959828,
    "AP": 0.009173518397915987,
    "F1": 0.011767187991231132
}