{
    "AUC": 0.015740478948344475,
    "AR": 0.01985943775100402,
    "AP": 0.009269421486180493,
    "F1": 0.012639389513587672
}