{
    "AUC": 0.015413889233911593,
    "AR": 0.020080321285140573,
    "AP": 0.010294987054818258,
    "F1": 0.013611492951672466
}