{
    "AUC": 0.9915280719419464,
    "AR": 0.9907028112449792,
    "AP": 0.9879600488094731,
    "F1": 0.9893295290601818
}