{
    "AUC": 0.9819305048215682,
    "AR": 0.9780522088353403,
    "AP": 0.9720207215193036,
    "F1": 0.975027137618676
}