{
    "AUC": 0.9034327169173461,
    "AR": 0.9074899598393573,
    "AP": 0.8664541611436166,
    "F1": 0.8864974297647693
}