{
    "AUC": 0.43215663679483085,
    "AR": 0.4387349397590363,
    "AP": 0.31627002336950644,
    "F1": 0.367570324506556
}