{
    "AUC": 0.3162248542959203,
    "AR": 0.33333333333333326,
    "AP": 0.22233400402414485,
    "F1": 0.2667471333735667
}