{
    "AUC": 0.9895940777784419,
    "AR": 0.9892971887550192,
    "AP": 0.9849700816145077,
    "F1": 0.9871288932087183
}