{
    "AUC": 0.5259983653205789,
    "AR": 0.5054417670682732,
    "AP": 0.3870747424296385,
    "F1": 0.43840923886370065
}