{
    "AUC": 0.9894441449305891,
    "AR": 0.9862851405622484,
    "AP": 0.9829701599923679,
    "F1": 0.9846248601118646
}