{
    "AUC": 0.9914103970941623,
    "AR": 0.9899598393574288,
    "AP": 0.9870005005816529,
    "F1": 0.9884779550323433
}