{
    "AUC": 0.9892482895513051,
    "AR": 0.9895783132530112,
    "AP": 0.9849680897596346,
    "F1": 0.9872678194700673
}