{
    "AUC": 0.92580090674663,
    "AR": 0.929718875502009,
    "AP": 0.89885725633495,
    "F1": 0.9140276339022703
}