{
    "AUC": 0.9874945163383034,
    "AR": 0.9839357429718868,
    "AP": 0.9790603610246853,
    "F1": 0.9814919976436486
}