{
    "AUC": 0.991289636292673,
    "AR": 0.9899598393574288,
    "AP": 0.9870095759452371,
    "F1": 0.9884825062884453
}