{
    "AUC": 0.9380952121922024,
    "AR": 0.9371285140562243,
    "AP": 0.9092850159762146,
    "F1": 0.9229968281920136
}