{
    "AUC": 0.9845746937629817,
    "AR": 0.9815863453815252,
    "AP": 0.9750402459358922,
    "F1": 0.9783023453276282
}