{
    "AUC": 0.9912257959933829,
    "AR": 0.9893373493975894,
    "AP": 0.9860103815066213,
    "F1": 0.9876710637389756
}