{
    "AUC": 0.43807264141461644,
    "AR": 0.4270281124497989,
    "AP": 0.3056947582744008,
    "F1": 0.35631549342166186
}