{
    "AUC": 0.9777071870877536,
    "AR": 0.979357429718875,
    "AP": 0.9690155380851709,
    "F1": 0.9741590367129246
}