{
    "AUC": 0.9528213977950867,
    "AR": 0.9518072289156624,
    "AP": 0.9317416592494362,
    "F1": 0.9416675641686378
}