{
    "AUC": 0.7300653894783858,
    "AR": 0.732931726907631,
    "AP": 0.6356007531130559,
    "F1": 0.6808051170198036
}