{
    "AUC": 0.42046007096016913,
    "AR": 0.4151606425702812,
    "AP": 0.29507943327988484,
    "F1": 0.34496889515312407
}