{
    "AUC": 0.029201269214214936,
    "AR": 0.030421686746987975,
    "AP": 0.015566498943743031,
    "F1": 0.02059481788642583
}