{
    "AUC": 0.637901237920876,
    "AR": 0.6131325301204817,
    "AP": 0.4978723708425389,
    "F1": 0.5495236720327108
}