{
    "AUC": 0.9894104720769871,
    "AR": 0.9888152610441757,
    "AP": 0.9849483688381239,
    "F1": 0.9868780270368874
}