{
    "AUC": 0.741288372864678,
    "AR": 0.7456827309236951,
    "AP": 0.6527774001294353,
    "F1": 0.6961440281421848
}