{
    "AUC": 0.48852680394077436,
    "AR": 0.48082329317269096,
    "AP": 0.35818168931787153,
    "F1": 0.41053891932975234
}