{
    "AUC": 0.4665322900098116,
    "AR": 0.47188755020080275,
    "AP": 0.3484341938828158,
    "F1": 0.40087138819227336
}