{
    "AUC": 0.9956531968867883,
    "AR": 0.9924096385542162,
    "AP": 0.9909420186527306,
    "F1": 0.9916752856064291
}