{
    "AUC": 0.9916388874210292,
    "AR": 0.9876907630522078,
    "AP": 0.984042807836932,
    "F1": 0.9858634108564792
}