{
    "AUC": 0.4627481263589773,
    "AR": 0.45299196787148566,
    "AP": 0.3334769860572072,
    "F1": 0.3841534885752216
}