{
    "AUC": 0.4440459374285369,
    "AR": 0.4322289156626505,
    "AP": 0.31036108585292504,
    "F1": 0.36129502236310107
}