{
    "AUC": 0.8817969128847125,
    "AR": 0.8831927710843381,
    "AP": 0.831861119473762,
    "F1": 0.8567587657858062
}