{
    "AUC": 0.9933148124333919,
    "AR": 0.9915461847389552,
    "AP": 0.9889680169369631,
    "F1": 0.9902554227512255
}