{
    "AUC": 0.6305831874939947,
    "AR": 0.6285140562248992,
    "AP": 0.5140841604435362,
    "F1": 0.565569097181779
}