{
    "AUC": 0.8740699372051597,
    "AR": 0.8755020080321294,
    "AP": 0.8217740175995734,
    "F1": 0.8477876216854969
}