{
    "AUC": 0.015466628418435647,
    "AR": 0.020080321285140573,
    "AP": 0.010275293210311974,
    "F1": 0.013594268631458448
}