{
    "AUC": 0.06363631590238429,
    "AR": 0.06038152610441772,
    "AP": 0.03213587743119638,
    "F1": 0.0419469904654901
}