{
    "AUC": 0.6132885654825212,
    "AR": 0.6131526104417675,
    "AP": 0.4939634141897088,
    "F1": 0.5471422147899365
}