{
    "AUC": 0.9623363798209414,
    "AR": 0.9598393574297194,
    "AP": 0.9434285791064273,
    "F1": 0.9515632179443784
}