{
    "AUC": 0.7282720827443855,
    "AR": 0.7289156626506026,
    "AP": 0.6328602935263893,
    "F1": 0.6775002571143749
}