{
    "AUC": 0.7060748765773532,
    "AR": 0.702228915662651,
    "AP": 0.600429364969416,
    "F1": 0.6473514476719134
}