{
    "AUC": 0.4614449548281156,
    "AR": 0.43144578313252974,
    "AP": 0.3160735780022334,
    "F1": 0.36485640233227273
}