{
    "AUC": 0.015404878405267056,
    "AR": 0.020080321285140573,
    "AP": 0.010286847636245227,
    "F1": 0.013604376890176467
}