{
    "AUC": 0.615228879937495,
    "AR": 0.5789558232931731,
    "AP": 0.46854282403429903,
    "F1": 0.5179302085572661
}