{
    "AUC": 0.8106140563872399,
    "AR": 0.8112449799196784,
    "AP": 0.7361528244723793,
    "F1": 0.771876865291971
}