{
    "AUC": 0.9865059069245617,
    "AR": 0.985943775100401,
    "AP": 0.9810243592098525,
    "F1": 0.9834779153898078
}