{
    "AUC": 0.43805838066690767,
    "AR": 0.4270281124497989,
    "AP": 0.30569501689786194,
    "F1": 0.3563156691052532
}