{
    "AUC": 0.9326503185631253,
    "AR": 0.9277108433734949,
    "AP": 0.8979103975356517,
    "F1": 0.9125673973390019
}