{
    "AUC": 0.9410696497516924,
    "AR": 0.9421084337349392,
    "AP": 0.9171016236894394,
    "F1": 0.9294368549907331
}