{
  "AUC": 0.09411435103440532,
  "AR": 0.0,
  "AP": 0.0008807479546122396,
  "F1": 0.0,
  "timePerImage": 0.16422888142721995
}