{
  "AUC": 0.40268648951904934,
  "AR": 0.2942285714285715,
  "AP": 0.1876546345905511,
  "F1": 0.2291565855288902,
  "timePerImage": 0.01167015416281564
}