{
  "AUC": 0.026651766622543527,
  "AR": 0.0,
  "AP": 4.8932635911545425e-05,
  "F1": 0.0,
  "timePerImage": 0.050589831897190636
}