{
  "AUC": 0.06406668376506798,
  "AR": 0.023600000000000003,
  "AP": 0.007929834839574958,
  "F1": 0.011870921821580456,
  "timePerImage": 0.017039356912885394
}