{
  "AUC": 0.058365544123184634,
  "AR": 0.007,
  "AP": 0.0017091648295171273,
  "F1": 0.0027474859049793033,
  "timePerImage": 0.01949686118534633
}