{
  "AUC": 0.3141245510452587,
  "AR": 0.18554285714285712,
  "AP": 0.10832236878056574,
  "F1": 0.13678679900197355,
  "timePerImage": 0.005302478926522391
}