{
  "AUC": 0.12063663817372162,
  "AR": 0.015542857142857157,
  "AP": 0.00972854054706179,
  "F1": 0.011966834425766166,
  "timePerImage": 0.013385534967694963
}