{
  "AUC": 0.48348698695513825,
  "AR": 0.4465999999999997,
  "AP": 0.3199346089781177,
  "F1": 0.3728019444812992,
  "timePerImage": 0.024030494008745466
}