{
  "AUC": -1,
  "AR": 0.9971428571428571,
  "AP": 0.015002022478961706,
  "F1": 0.029559324675302676,
  "timePerImage": 1.6566018091428578
}