{
  "AUC": 0.40282986947739696,
  "AR": 0.26625714285714275,
  "AP": 0.1708784082924216,
  "F1": 0.20816241849132797,
  "timePerImage": 0.019447971752711703
}