{
  "AUC": 0.1257713792820176,
  "AR": 0.009914285714285721,
  "AP": 0.005504773355913953,
  "F1": 0.007079017674742149,
  "timePerImage": 0.08502144472939628
}