{
  "AUC": -1,
  "AR": 0.3746031746031746,
  "AP": 0.013187702355793035,
  "F1": 0.025478449657930224,
  "timePerImage": 0.346097383234236
}