{
    "AUC": 0.0851598993891484,
    "AR": 0.08515151515151524,
    "AP": 0.034394749635391346,
    "F1": 0.04899801846475383
}