{
    "AUC": 0.3035592836091589,
    "AR": 0.2809090909090909,
    "AP": 0.1798522525934887,
    "F1": 0.21929848710802816
}