{
    "AUC": 0.23261453758930317,
    "AR": 0.212121212121212,
    "AP": 0.1294727697781261,
    "F1": 0.16079862244247548
}