{
    "AUC": 0.166520979020979,
    "AR": 0.16151515151515142,
    "AP": 0.09167584287201513,
    "F1": 0.11696338321662883
}