{
    "AUC": 0.2219317479057739,
    "AR": 0.18333333333333335,
    "AP": 0.11218051369688942,
    "F1": 0.1391909564832881
}