{
    "AUC": 0.22264309764309764,
    "AR": 0.18181818181818182,
    "AP": 0.11153936137854774,
    "F1": 0.138260524450934
}