{
    "AUC": 0.3162366912366913,
    "AR": 0.2727272727272727,
    "AP": 0.17818017016779808,
    "F1": 0.2155413162042358
}