{
    "AUC": 0.01491841491841492,
    "AR": 0.0,
    "AP": 5.08440105755542e-05,
    "F1": 0.0
}