{
    "AUC": 0.024017957351290684,
    "AR": 0.0,
    "AP": 0.0002805836139169472,
    "F1": 0.0
}