{
    "AUC": 0.024635381243860048,
    "AR": 0.0,
    "AP": 0.00017024174327545113,
    "F1": 0.0
}