{
    "AUC": 0.02463458110516934,
    "AR": 0.0,
    "AP": 0.00018037518037518038,
    "F1": 0.0
}