{
    "AUC": 0.01666231902960741,
    "AR": 0.0,
    "AP": 5.5298775623376376e-05,
    "F1": 0.0
}