{
    "AUC": 0.015000670421024407,
    "AR": 0.0,
    "AP": 3.2866627226713995e-05,
    "F1": 0.0
}