{
    "AUC": 0.01848223615464995,
    "AR": 0.0,
    "AP": 5.8823471067591024e-05,
    "F1": 0.0
}