{
    "AUC": 0.016528925619834708,
    "AR": 0.0,
    "AP": 5.5217209037647384e-05,
    "F1": 0.0
}