{
    "AUC": 0.014970832688038824,
    "AR": 0.0,
    "AP": 5.08440105755542e-05,
    "F1": 0.0
}