{
    "AUC": 0.023848348960456584,
    "AR": 0.0,
    "AP": 0.00031565656565656563,
    "F1": 0.0
}