{
    "AUC": 0.07538722959283707,
    "AR": 0.006060606060606059,
    "AP": 0.0004920910374233301,
    "F1": 0.0009102724814411623
}