{
    "AUC": 0.01667318812225555,
    "AR": 0.0,
    "AP": 5.5298775623376376e-05,
    "F1": 0.0
}