{
    "AUC": 0.007564825746643929,
    "AR": 0.0,
    "AP": 1.4213428847575189e-05,
    "F1": 0.0
}