{
    "AUC": 0.02831715210355987,
    "AR": 0.005151515151515149,
    "AP": 0.00030303030303030303,
    "F1": 0.0005723905723905724
}