{
    "AUC": 0.02583583322464241,
    "AR": 0.0,
    "AP": 7.243475447703985e-05,
    "F1": 0.0
}