{
    "AUC": 0.024390243902439025,
    "AR": 0.0,
    "AP": 0.0002754820936639118,
    "F1": 0.0
}