{
    "AUC": 0.019865319865319864,
    "AR": 0.0,
    "AP": 0.0001594896331738437,
    "F1": 0.0
}