{
    "AUC": 0.013356183015069913,
    "AR": 0.0,
    "AP": 4.9193231011412834e-05,
    "F1": 0.0
}