{
    "AUC": 0.04507257448433919,
    "AR": 0.005151515151515149,
    "AP": 0.0004228125755226554,
    "F1": 0.0007814845110348608
}