{
    "AUC": 0.019546611149664588,
    "AR": 0.0,
    "AP": 8.325008325008326e-05,
    "F1": 0.0
}