{
    "AUC": 0.023284796012068735,
    "AR": 0.0,
    "AP": 0.0002805836139169472,
    "F1": 0.0
}