{
    "AUC": 0.04012042672949801,
    "AR": 0.0,
    "AP": 0.00012860742364533473,
    "F1": 0.0
}