{
    "AUC": 0.42011830034295233,
    "AR": 0.4201004016064262,
    "AP": 0.2995277400905471,
    "F1": 0.34971318272122354
}