{
    "AUC": 0.4968059522020142,
    "AR": 0.5,
    "AP": 0.3752515090543259,
    "F1": 0.42873563218390803
}