{
    "AUC": 0.9624274650511441,
    "AR": 0.9656425702811254,
    "AP": 0.949310388710872,
    "F1": 0.9574068328361185
}