{
    "AUC": 0.10321660473670383,
    "AR": 0.1104417670682732,
    "AP": 0.06133184650069089,
    "F1": 0.07886656587540332
}