{
    "AUC": 0.8860628161850134,
    "AR": 0.8895582329317262,
    "AP": 0.8412321317463011,
    "F1": 0.8647205159832709
}