{
    "AUC": 0.7785775998053485,
    "AR": 0.7951807228915657,
    "AP": 0.7143826816319604,
    "F1": 0.7526193805428387
}