{
    "AUC": 0.009212157271059547,
    "AR": 0.012048192771084335,
    "AP": 0.006086630258056447,
    "F1": 0.008087522503808335
}