{
    "AUC": 0.478623364903863,
    "AR": 0.4819277108433739,
    "AP": 0.3578275816114238,
    "F1": 0.41070780698151177
}