{
    "AUC": 0.40352602435780555,
    "AR": 0.40763052208835326,
    "AP": 0.28706374794954465,
    "F1": 0.3368847289986391
}