{
    "AUC": 0.9849858869009638,
    "AR": 0.9819277108433726,
    "AP": 0.9760270986030788,
    "F1": 0.978968513500445
}