{
    "AUC": 0.009340683768283467,
    "AR": 0.012048192771084335,
    "AP": 0.006082868057596239,
    "F1": 0.00808420066001445
}