{
    "AUC": 0.4508150436139462,
    "AR": 0.4558232931726909,
    "AP": 0.33200811293463595,
    "F1": 0.38418633790108053
}