{
    "AUC": 0.009256421552665352,
    "AR": 0.012048192771084335,
    "AP": 0.0060854623928651794,
    "F1": 0.008086491482002462
}