{
    "AUC": 0.0066393676263044096,
    "AR": 0.008032128514056219,
    "AP": 0.0040426167479836695,
    "F1": 0.005378302655371346
}