{
    "AUC": 0.7478302413711921,
    "AR": 0.7627108433734933,
    "AP": 0.6728001723819359,
    "F1": 0.71493981065581
}