{
    "AUC": 0.09221474338685742,
    "AR": 0.09500000000000007,
    "AP": 0.05099542019776854,
    "F1": 0.06636598479905
}