{
    "AUC": 0.009153962789935252,
    "AR": 0.012048192771084335,
    "AP": 0.006087396872955923,
    "F1": 0.008088199219215431
}