{
    "AUC": 0.6416710029150517,
    "AR": 0.6443172690763057,
    "AP": 0.5294424285101912,
    "F1": 0.5812584984341312
}