{
    "AUC": 0.7009722570696562,
    "AR": 0.7087751004016061,
    "AP": 0.6051414736706557,
    "F1": 0.652871296735018
}