{
    "AUC": 0.4860120189813682,
    "AR": 0.48995983935742915,
    "AP": 0.36525175147269157,
    "F1": 0.4185132460678446
}