{
    "AUC": 0.4125964919493308,
    "AR": 0.41566265060240976,
    "AP": 0.29439286320331626,
    "F1": 0.34467197411554346
}