{
    "AUC": 0.023101301508508313,
    "AR": 0.02409638554216867,
    "AP": 0.012360402293163847,
    "F1": 0.016339399974439093
}