{
    "AUC": 0.7407095466505522,
    "AR": 0.7449799196787151,
    "AP": 0.650545845353244,
    "F1": 0.6945677446628621
}