{
    "AUC": 0.648247334994323,
    "AR": 0.6526104417670685,
    "AP": 0.5396838864512375,
    "F1": 0.5907993206305399
}