{
    "AUC": 0.2684606801988158,
    "AR": 0.2731526104417671,
    "AP": 0.17473404749329405,
    "F1": 0.21313008708899384
}