{
    "AUC": 0.8768817408573498,
    "AR": 0.8802992518703247,
    "AP": 0.8276130123568883
}