{
    "AUC": 0.6873405571973427,
    "AR": 0.7014257028112454,
    "AP": 0.597629189432784,
    "F1": 0.6453806944128109
}