{
    "AUC": 0.4948469863825606,
    "AR": 0.49598393574297156,
    "AP": 0.3717461198652873,
    "F1": 0.42497111270098265
}