{
    "AUC": 0.7824832038434109,
    "AR": 0.7967269076305215,
    "AP": 0.7165393193545188,
    "F1": 0.7545085536500882
}