{
    "AUC": 0.009389840588982708,
    "AR": 0.012048192771084335,
    "AP": 0.006084741651168432,
    "F1": 0.008085855126190379
}