{
    "AUC": 0.9467098040402817,
    "AR": 0.943694779116465,
    "AP": 0.9198597004254666,
    "F1": 0.9316248130556637
}