{
    "AUC": 0.9664227173459622,
    "AR": 0.9653212851405629,
    "AP": 0.9529971617912931,
    "F1": 0.9591196356653282
}