{
    "AUC": 0.0713543997504732,
    "AR": 0.07630522088353416,
    "AP": 0.0410697114413388,
    "F1": 0.05339868302510238
}