{
    "AUC": 0.9560527322616004,
    "AR": 0.9598393574297194,
    "AP": 0.9414923274587281,
    "F1": 0.9505773219847395
}