{
    "AUC": 0.48471085547412285,
    "AR": 0.48833333333333395,
    "AP": 0.36424477790437404,
    "F1": 0.4172588158170765
}