{
    "AUC": 0.9463495258999653,
    "AR": 0.9457831325301198,
    "AP": 0.9219891778205538,
    "F1": 0.9337345970122826
}