{
    "AUC": 0.12151115623207116,
    "AR": 0.1285140562248995,
    "AP": 0.07266607855594676,
    "F1": 0.09283831642080206
}