{
    "AUC": 0.826147951214985,
    "AR": 0.829317269076306,
    "AP": 0.7592341195768991,
    "F1": 0.7927297424994098
}