{
    "AUC": 0.5443474144832896,
    "AR": 0.5471686746987953,
    "AP": 0.42362766158746046,
    "F1": 0.47753741437320707
}