{
    "AUC": 0.6547669276327098,
    "AR": 0.6606425702811239,
    "AP": 0.5489846710786809,
    "F1": 0.5996601791782512
}