{
    "AUC": 0.9850380524723567,
    "AR": 0.9840763052208827,
    "AP": 0.9789706872690668,
    "F1": 0.9815168567364021
}