{
    "AUC": 0.4786170796598038,
    "AR": 0.4819277108433739,
    "AP": 0.3578276048216898,
    "F1": 0.4107078222701358
}