{
    "AUC": 0.1777087968701002,
    "AR": 0.1795511221945137,
    "AP": 0.10589486383791145
}