{
    "AUC": 0.011666024288020764,
    "AR": 0.0,
    "AP": 2.3245981503041214e-05
}