{
    "AUC": 0.012449158311354671,
    "AR": 2.493765586034915e-05,
    "AP": 0.001278362777409309
}