{
    "AUC": 0.01296431512425671,
    "AR": 0.0,
    "AP": 1.5988076859868306e-05
}