{
    "AUC": 0.01041756499252775,
    "AR": 0.0,
    "AP": 3.238774227536998e-05
}