{
    "AUC": 0.8694940031843491,
    "AR": 0.8651620947630924,
    "AP": 0.8092925109134382
}