{
    "AUC": 0.5997862264538157,
    "AR": 0.4954862842892769,
    "AP": 0.36471848616466773
}