{
    "AUC": 0.59967465131142,
    "AR": 0.4158603491271821,
    "AP": 0.2579916515146868
}