{
    "AUC": 0.9701511495380228,
    "AR": 0.9698753117206976,
    "AP": 0.9540940603247176
}