{
    "AUC": 0.6353485648194722,
    "AR": 0.5051122194513716,
    "AP": 0.353376886682467
}