{
    "AUC": 0.5299175880857446,
    "AR": 0.5451606425702811,
    "AP": 0.42134214960199684,
    "F1": 0.4753202140320863
}