{
    "AUC": 0.5635738784173014,
    "AR": 0.5646787148594378,
    "AP": 0.4432054544934893,
    "F1": 0.4966219215899618
}