{
    "AUC": 0.4968056321090344,
    "AR": 0.5,
    "AP": 0.3752515090543259,
    "F1": 0.42873563218390803
}