{
    "AUC": 0.13856215823746965,
    "AR": 0.1485943775100402,
    "AP": 0.08535954683926854,
    "F1": 0.10843116876451495
}