{
    "AUC": 0.14048447310368234,
    "AR": 0.1506024096385544,
    "AP": 0.086664565707498,
    "F1": 0.1100186185354445
}