{
    "AUC": 0.8517986459361873,
    "AR": 0.852831325301204,
    "AP": 0.7905912312961006,
    "F1": 0.8205326923999091
}