{
    "AUC": 0.45278427910310365,
    "AR": 0.457831325301205,
    "AP": 0.33393129863518456,
    "F1": 0.3861869817840297
}