{
    "AUC": 0.31748398509499043,
    "AR": 0.32726907630522095,
    "AP": 0.21610107328018585,
    "F1": 0.26031315373115477
}