{
    "AUC": 0.03960502665622147,
    "AR": 0.039598393574297217,
    "AP": 0.018935585353771156,
    "F1": 0.02561994845147194
}