{
    "AUC": 0.008095123053663555,
    "AR": 0.010040160642570286,
    "AP": 0.00506163727758717,
    "F1": 0.00673027829534981
}