{
    "AUC": 0.48357445687321865,
    "AR": 0.48833333333333395,
    "AP": 0.36464877734379525,
    "F1": 0.4175237691558654
}