{
    "AUC": 0.5410290528377727,
    "AR": 0.5415863453815257,
    "AP": 0.41790290934966107,
    "F1": 0.4717728901766583
}