{
    "AUC": 0.007921757953801019,
    "AR": 0.010040160642570286,
    "AP": 0.005061914323962516,
    "F1": 0.006730523200836588
}