{
    "AUC": 0.7235104616306048,
    "AR": 0.724317269076305,
    "AP": 0.6253667626594442,
    "F1": 0.6712147955370683
}