{
    "AUC": 0.7323882700613775,
    "AR": 0.734939759036145,
    "AP": 0.63808150105452,
    "F1": 0.6830942509942842
}