{
    "AUC": 0.8831837883685517,
    "AR": 0.8875502008032119,
    "AP": 0.8384402802356307,
    "F1": 0.8622965737757026
}