{
    "AUC": 0.43310725220542706,
    "AR": 0.43632530120481955,
    "AP": 0.313869355899222,
    "F1": 0.36510295016056826
}