{
    "AUC": 0.5687569039484162,
    "AR": 0.5713654618473896,
    "AP": 0.44821771883863626,
    "F1": 0.5023545479832391
}