{
    "AUC": 0.5231278658065313,
    "AR": 0.5281124497991971,
    "AP": 0.40378819099334967,
    "F1": 0.45765731111446945
}