{
    "AUC": 0.5443669938723634,
    "AR": 0.5471686746987953,
    "AP": 0.4236286930331801,
    "F1": 0.4775380697063115
}