{
    "AUC": 0.9663697965092968,
    "AR": 0.966767068273093,
    "AP": 0.9522424436189915,
    "F1": 0.9594497888601483
}