{
    "AUC": 0.009209072795036187,
    "AR": 0.012048192771084335,
    "AP": 0.006089104619918523,
    "F1": 0.008089706496235837
}