{
    "AUC": 0.1735599982569693,
    "AR": 0.17014056224899599,
    "AP": 0.09766474786943048,
    "F1": 0.12409563579649135
}