{
    "AUC": 0.9664297433636987,
    "AR": 0.9653212851405629,
    "AP": 0.9529971617912931,
    "F1": 0.9591196356653282
}