{
    "AUC": 0.6832606472193316,
    "AR": 0.69277108433735,
    "AP": 0.5868342585634287,
    "F1": 0.6354174869412292
}