{
    "AUC": 0.5807422062600489,
    "AR": 0.5835542168674696,
    "AP": 0.46223205833929404,
    "F1": 0.5158558172163717
}