{
    "AUC": 0.02226765833264722,
    "AR": 0.02126506024096387,
    "AP": 0.010302801050203137,
    "F1": 0.01388055294354318
}