{
    "AUC": 0.995683367207892,
    "AR": 0.9936947791164653,
    "AP": 0.9929382073053749,
    "F1": 0.9933163491478473
}