{
    "AUC": 0.7589886579443509,
    "AR": 0.7630522088353408,
    "AP": 0.6732362043748435,
    "F1": 0.7153359563320087
}