{
    "AUC": 0.7825115559779406,
    "AR": 0.7967670682730918,
    "AP": 0.7165392182899465,
    "F1": 0.754526505742883
}