{
    "AUC": 0.9289035369742562,
    "AR": 0.929718875502009,
    "AP": 0.8979176262393639,
    "F1": 0.9135415767471118
}