{
    "AUC": 0.29964285464551177,
    "AR": 0.29805220883534145,
    "AP": 0.19406945820814714,
    "F1": 0.23507532612379245
}