{
    "AUC": 0.18448581318841706,
    "AR": 0.1967871485943776,
    "AP": 0.11775616522314157,
    "F1": 0.1473431414098606
}