{
    "AUC": 0.08546222389558233,
    "AR": 0.08034136546184745,
    "AP": 0.04073131789319418,
    "F1": 0.054056945066684736
}