{
    "AUC": 0.00922754563404118,
    "AR": 0.012048192771084335,
    "AP": 0.0060879560645408495,
    "F1": 0.008088692799366479
}