{
    "AUC": 0.10354456995060062,
    "AR": 0.10606425702811255,
    "AP": 0.058052927752751476,
    "F1": 0.07503590387105182
}