{
    "AUC": 0.8507637836998816,
    "AR": 0.8574297188755013,
    "AP": 0.7970473443068047,
    "F1": 0.8261366634420892
}