{
    "AUC": 0.8521713404893251,
    "AR": 0.8514056224899598,
    "AP": 0.7905985544019783,
    "F1": 0.8198761779332275
}