{
    "AUC": 0.5484871918543084,
    "AR": 0.5511445783132533,
    "AP": 0.42786133482579675,
    "F1": 0.48174061421754943
}