{
    "AUC": 0.480589587604991,
    "AR": 0.4877309236947797,
    "AP": 0.3631628379370235,
    "F1": 0.41632869903513875
}