{
    "AUC": 0.20662768031189083,
    "AR": 0.19545454545454535,
    "AP": 0.11196264975334744,
    "F1": 0.14237075320805045
}