{
    "AUC": 0.21014869727316085,
    "AR": 0.212121212121212,
    "AP": 0.1285583103764922,
    "F1": 0.16009148084619781
}