{
    "AUC": 0.21471121471121474,
    "AR": 0.1742424242424242,
    "AP": 0.09446127241641554,
    "F1": 0.12250788736827607
}