{
    "AUC": 0.2759581105169341,
    "AR": 0.17030303030303023,
    "AP": 0.1024557228230392,
    "F1": 0.12794104584123966
}