{
    "AUC": 0.07397504456327986,
    "AR": 0.0606060606060606,
    "AP": 0.03341076403480101,
    "F1": 0.043075158041614596
}