{
    "AUC": 0.12340696686491079,
    "AR": 0.08393939393939405,
    "AP": 0.03779230509240905,
    "F1": 0.05211893385634451
}