{
  "AUC": 0.15112348454604668,
  "AR": 0.0026416666666666706,
  "AP": 0.006323719223918795,
  "F1": 0.0037265899063480498,
  "timePerImage": 0.16745157500108082
}