{
  "AUC": 0.06601608523885306,
  "AR": 0.053125,
  "AP": 0.027899444779148068,
  "F1": 0.0365854528946721,
  "timePerImage": 0.04970810691515604
}