{
  "AUC": 0.05235141162888331,
  "AR": 0.041083333333333326,
  "AP": 0.020997506158248334,
  "F1": 0.027791104364334924,
  "timePerImage": 0.016086581150690716
}