{
  "AUC": 0.6091185027627012,
  "AR": 0.538775,
  "AP": 0.41121650507332647,
  "F1": 0.46643190247007643,
  "timePerImage": 0.01999093174934387
}