{
  "AUC": 0.1347361369868749,
  "AR": 0.10380833333333334,
  "AP": 0.05582778531722875,
  "F1": 0.07260749505139949,
  "timePerImage": 0.01941276470820109
}