{
  "AUC": 0.3239773547297771,
  "AR": 0.21789999999999998,
  "AP": 0.1317855424077928,
  "F1": 0.16423938772493046,
  "timePerImage": 0.004905277490615844
}