{
  "AUC": 0.5011794394743092,
  "AR": 0.4895083333333331,
  "AP": 0.36553273951663967,
  "F1": 0.4185326945830901,
  "timePerImage": 0.021394301454226175
}