{
  "AUC": 0.1749936640938518,
  "AR": 0.15199999999999997,
  "AP": 0.08048060712920216,
  "F1": 0.10523933531230115,
  "timePerImage": 0.013025409579277038
}