{
  "AUC": -1,
  "AR": 0.2125,
  "AP": 0.3260952965548991,
  "F1": 0.25731843913662095,
  "timePerImage": 1.9667289773333398
}