{
  "AUC": 0.4570411702216297,
  "AR": 0.43513333333333326,
  "AP": 0.31077201454850145,
  "F1": 0.36258558269145724,
  "timePerImage": 0.011613014539082846
}