{
  "AUC": 0.14469492878149645,
  "AR": 0.12361666666666665,
  "AP": 0.06759216459956643,
  "F1": 0.08739678000488493,
  "timePerImage": 0.08657219449679057
}