{
  "AUC": -1,
  "AR": 0.3685185185185185,
  "AP": 0.8069421353554195,
  "F1": 0.5059686502841306,
  "timePerImage": 0.3315535639928392
}