{
    "AUC": 0.0015427852811769535,
    "AR": 0.0,
    "AP": 3.3836584859955444e-07,
    "F1": 0.0
}