{
    "AUC": 0.026869238262484083,
    "AR": 0.0009036144578313254,
    "AP": 0.0011268956807657638,
    "F1": 0.0010029787197331236
}