{
    "AUC": 0.0015421323952705317,
    "AR": 0.0,
    "AP": 3.422004308987826e-07,
    "F1": 0.0
}