{
    "AUC": 0.00035790017933822843,
    "AR": 0.0,
    "AP": 9.025674795550414e-08,
    "F1": 0.0
}