{
    "AUC": 0.0021185528927248898,
    "AR": 0.0,
    "AP": 3.008964004666301e-07,
    "F1": 0.0
}