{
    "AUC": 0.03877422559542124,
    "AR": 0.0,
    "AP": 0.00020167786112805448,
    "F1": 0.0
}