{
    "AUC": 0.03664967663055002,
    "AR": 2.008032128514058e-05,
    "AP": 0.0012493345084950956,
    "F1": 3.952535882622048e-05
}