{
    "AUC": 0.0008268149635167665,
    "AR": 0.0,
    "AP": 9.262140814179225e-08,
    "F1": 0.0
}