{
    "AUC": 0.00039318425553403033,
    "AR": 0.0,
    "AP": 8.978056552419101e-08,
    "F1": 0.0
}