{
    "AUC": 0.006629685366245074,
    "AR": 6.024096385542174e-05,
    "AP": 0.0010103074523493203,
    "F1": 0.00011370227408416212
}