{
    "AUC": 0.004227683044664749,
    "AR": 0.0,
    "AP": 5.027062352330043e-07,
    "F1": 0.0
}