{
    "AUC": 0.0021386338815227246,
    "AR": 0.0,
    "AP": 3.218258079195538e-07,
    "F1": 0.0
}