{
    "AUC": 0.036133131385427696,
    "AR": 0.0,
    "AP": 0.00024864033832045266,
    "F1": 0.0
}