{
    "AUC": 0.011685651001719328,
    "AR": 0.0,
    "AP": 1.5405556273169006e-05,
    "F1": 0.0
}