{
    "AUC": 0.0007991790383712429,
    "AR": 0.0,
    "AP": 3.2265319008822306e-07,
    "F1": 0.0
}