{
    "AUC": 0.013953865901811502,
    "AR": 0.0,
    "AP": 9.108200883108506e-06,
    "F1": 0.0
}