{
    "AUC": 0.0015442389448803385,
    "AR": 0.0,
    "AP": 3.419090973121158e-07,
    "F1": 0.0
}