{
    "AUC": 0.0020748909860661604,
    "AR": 0.0,
    "AP": 3.2371951128712814e-07,
    "F1": 0.0
}