{
    "AUC": 0.004135323894923676,
    "AR": 0.0,
    "AP": 4.858142246404975e-07,
    "F1": 0.0
}