{
    "AUC": 0.0036113073886881106,
    "AR": 0.0,
    "AP": 6.749435747171537e-07,
    "F1": 0.0
}