{
    "AUC": 0.05626162820424016,
    "AR": 0.0,
    "AP": 0.00043445247738059506
}