{
    "AUC": 0.05214124910794634,
    "AR": 0.00032418952618453893,
    "AP": 0.001671906774964971
}