{
    "AUC": 0.01074509925337146,
    "AR": 0.0,
    "AP": 0.00021647701527765484
}