{
    "AUC": 0.02241650083440251,
    "AR": 0.0,
    "AP": 0.0001984330028514561
}