{
    "AUC": 0.01100686584869991,
    "AR": 0.0,
    "AP": 0.00011117297839421098
}