{
    "AUC": 0.005967492620409883,
    "AR": 0.0,
    "AP": 8.297434040505899e-06
}