{
    "AUC": 0.012038297247651635,
    "AR": 0.0,
    "AP": 7.379540108584747e-05
}