{
    "AUC": 0.012879601520804538,
    "AR": 0.0,
    "AP": 0.00010308066904741686
}