{
    "AUC": 0.004980635823249017,
    "AR": 0.0,
    "AP": 5.858751736438717e-05
}