{
    "AUC": 0.062138950485484436,
    "AR": 0.0002992518703241898,
    "AP": 0.005367417370791954
}