{
    "AUC": 0.08576542590054939,
    "AR": 0.027157107231920215,
    "AP": 0.012239875848923169
}