{
    "AUC": 0.025947984233449024,
    "AR": 0.0024937655860349127,
    "AP": 0.0014556823434552825
}