{
    "AUC": 0.024947912148549883,
    "AR": 0.0,
    "AP": 0.0001273013481690888
}