{
    "AUC": 0.01015501037850677,
    "AR": 0.0011720698254364089,
    "AP": 0.0037987071990869693
}