{
    "AUC": 0.004505337598605688,
    "AR": 0.0,
    "AP": 1.6321218288852138e-06,
    "F1": 0.0
}