{
    "AUC": 0.036658517984874205,
    "AR": 2.008032128514058e-05,
    "AP": 0.0012493353388816231,
    "F1": 3.9525359241790475e-05
}