{
    "AUC": 0.04132823371696826,
    "AR": 0.00026104417670682755,
    "AP": 0.0012912012907936195,
    "F1": 0.00043428772700593033
}