{
    "AUC": 0.03969711836726277,
    "AR": 6.024096385542174e-05,
    "AP": 0.0012640057666965018,
    "F1": 0.0001150011156499102
}