{
    "AUC": 0.01985676152415327,
    "AR": 0.0,
    "AP": 3.9139721700517116e-05,
    "F1": 0.0
}