{
    "AUC": 0.009402041765000356,
    "AR": 0.0,
    "AP": 3.798930221249696e-06,
    "F1": 0.0
}