{
    "AUC": 0.02143823624735471,
    "AR": 0.0,
    "AP": 7.762442332610793e-05,
    "F1": 0.0
}