{
    "AUC": 0.002446467411823018,
    "AR": 0.0,
    "AP": 2.9376521520211484e-07,
    "F1": 0.0
}