{
    "AUC": 0.0011376143214734441,
    "AR": 0.0,
    "AP": 8.115884441492426e-08,
    "F1": 0.0
}