{
    "AUC": 0.004817462275598217,
    "AR": 0.0,
    "AP": 1.435374941752485e-06,
    "F1": 0.0
}