{
    "AUC": 0.0020700985761226724,
    "AR": 0.0,
    "AP": 3.244780041228175e-07,
    "F1": 0.0
}