{
    "AUC": 0.003378758259950872,
    "AR": 0.0,
    "AP": 1.7607213474199583e-05,
    "F1": 0.0
}