{
    "AUC": 0.00508215828614141,
    "AR": 0.0,
    "AP": 2.0723913946019734e-06,
    "F1": 0.0
}