{
    "AUC": 0.0027590062782343124,
    "AR": 0.0,
    "AP": 2.739657723601959e-07,
    "F1": 0.0
}