{
    "AUC": 0.01061301496048295,
    "AR": 0.00018072289156626523,
    "AP": 0.001014575643928269,
    "F1": 0.0003067970697505481
}