{
    "AUC": 0.02994611640706812,
    "AR": 0.0,
    "AP": 0.0002125320835583618,
    "F1": 0.0
}