{
    "AUC": 0.004138959270558629,
    "AR": 0.0,
    "AP": 9.190604169639252e-07,
    "F1": 0.0
}