{
    "AUC": 0.001435942580363538,
    "AR": 0.0,
    "AP": 7.284452327193121e-08,
    "F1": 0.0
}