{
    "AUC": 0.01795796949727589,
    "AR": 0.0,
    "AP": 7.602778390005524e-05,
    "F1": 0.0
}