{
    "AUC": 0.021958027796081466,
    "AR": 0.0,
    "AP": 4.194355976017105e-05,
    "F1": 0.0
}