{
    "AUC": 0.004806964246671499,
    "AR": 0.0,
    "AP": 1.4380063939516301e-06,
    "F1": 0.0
}