{
  "AUC": 0.07054930832768447,
  "AR": 0.0035300000000000028,
  "AP": 0.0036747118725522394,
  "F1": 0.003600902614725723,
  "timePerImage": 0.17158447170257568
}