{
  "AUC": 0.4028410547894148,
  "AR": 0.38686000000000004,
  "AP": 0.26776822095432934,
  "F1": 0.31648135733402427,
  "timePerImage": 0.011945480823516846
}