{
  "AUC": 0.06974851825807422,
  "AR": 0.042970000000000015,
  "AP": 0.021836835286335187,
  "F1": 0.028957711269436852,
  "timePerImage": 0.04864769959449768
}