{
  "AUC": 0.014768468127991943,
  "AR": 0.005970000000000002,
  "AP": 0.003564893011194014,
  "F1": 0.004464111186531952,
  "timePerImage": 0.016041182518005372
}