{
  "AUC": 0.139622342819987,
  "AR": 0.09240000000000001,
  "AP": 0.045979167062849914,
  "F1": 0.06140339079621333,
  "timePerImage": 0.01941029119491577
}