{
  "AUC": 0.5987128322363464,
  "AR": 0.56032,
  "AP": 0.43013036574637903,
  "F1": 0.4866688021330406,
  "timePerImage": 0.02062326192855835
}