{
  "AUC": 0.31740696504903193,
  "AR": 0.22076000000000004,
  "AP": 0.12379947047719568,
  "F1": 0.15863717845105366,
  "timePerImage": 0.0049458625316619875
}