{
  "AUC": 0.10476897466706721,
  "AR": 0.07962999999999999,
  "AP": 0.042204883384475304,
  "F1": 0.05516933690165147,
  "timePerImage": 0.01298174262046814
}