{
  "AUC": 0.3730211630377058,
  "AR": 0.32304000000000016,
  "AP": 0.21928463487516925,
  "F1": 0.2612372881286498,
  "timePerImage": 0.02503078031539917
}