{
  "AUC": -1,
  "AR": 0.912,
  "AP": 0.025026941008042373,
  "F1": 0.048716998840567474,
  "timePerImage": 2.809403364100002
}