{
  "AUC": 0.11051907442151342,
  "AR": 0.07640000000000001,
  "AP": 0.041226143884699494,
  "F1": 0.05355403635230014,
  "timePerImage": 0.08766394639015197
}