{
  "AUC": -1,
  "AR": 0.67,
  "AP": 0.3500522466039708,
  "F1": 0.4598490048043926,
  "timePerImage": 0.3361129338198369
}