{
  "AUC": 0.23675363066735122,
  "AR": 0.0004166666666666665,
  "AP": 0.013543872600091706,
  "F1": 0.0008084616420907893,
  "timePerImage": 0.16766451686620712,
  "AAE": 0.8608222447037852
}