{
  "AUC": 0.5827324750394115,
  "AR": 0.5556166666666668,
  "AP": 0.4352052749822949,
  "F1": 0.48809436698381614,
  "timePerImage": 0.014667301078637441
}