{
  "AAE": 0.6958774268591146,
  "timePerImage": 0.18159855177005133
}