{
  "AUC": 0.251558439083626,
  "AR": 0.23044999999999985,
  "AP": 0.14166892856879978,
  "F1": 0.17546865844339224,
  "timePerImage": 0.05182613343000412
}