{
  "AUC": 0.16837191687495662,
  "AR": 0.10664166666666672,
  "AP": 0.06103921181406871,
  "F1": 0.07763942244159731,
  "timePerImage": 0.017012783686319987
}