{
  "AUC": 0.2903411085947607,
  "AR": 0.2472291666666667,
  "AP": 0.14105698666182473,
  "F1": 0.1796273236424737,
  "timePerImage": 0.020102734963099163
}