{
  "AAE": 0.7983087182619953,
  "timePerImage": 0.499307798743248
}