{
  "AUC": 0.32955221580416355,
  "AR": 0.2419416666666667,
  "AP": 0.14679322602518455,
  "F1": 0.18272297356163902,
  "timePerImage": 0.0049974863727887476
}