{
  "AUC": 0.30742322425997093,
  "AR": 0.28417500000000007,
  "AP": 0.17538044078443665,
  "F1": 0.2168997789465629,
  "timePerImage": 0.01397660513718923
}