{
  "AUC": 0.3238315122155517,
  "AR": 0.29862083333333345,
  "AP": 0.19264660448696536,
  "F1": 0.23420355245192548,
  "timePerImage": 0.012188185254732769
}