{
  "AAE": 0.7321092410489726,
  "timePerImage": 0.2374798376361529
}