{
  "AAE": 0.8301145525398619,
  "timePerImage": 0.1066020757953326
}