{
  "AUC": -1,
  "AR": 0.05625,
  "AP": 0.5636507870235063,
  "F1": 0.1022917132346534,
  "timePerImage": 1.1536510119583305
}