{
  "AAE": 0.9358362827668507,
  "timePerImage": 0.024415758450826008
}