{
  "AUC": 0.275705048258696,
  "AR": 0.25895833333333323,
  "AP": 0.16317117087919938,
  "F1": 0.20019702028528097,
  "timePerImage": 0.087768814265728
}