{
  "AAE": 0.8499938875316957,
  "timePerImage": 0.18559773594141007
}