{
  "AUC": 0.3198391371180653,
  "AR": 0.1729166666666667,
  "AP": 0.10145741281429037,
  "F1": 0.12788145050479277,
  "AAE": 2.2717603084037252,
  "timePerImage": 0.045414564510186516
}