{
  "AAE": 0.5265806148901371,
  "timePerImage": 0.019338700771331787,
  "AUC": 0.7226522768850518,
  "AR": 0.6562166666666666,
  "AP": 0.5517431398949025,
  "F1": 0.5994620717532609
}