{
  "AAE": 0.6477499801108892,
  "timePerImage": 0.009818633596102397,
  "AUC": 0.5829734717823283,
  "AR": 0.5532749999999999,
  "AP": 0.4339224879635104,
  "F1": 0.48638386433350644
}