{
  "AUC": 0.7136212214897802,
  "AR": 0.6478083333333333,
  "AP": 0.5423650120370234,
  "F1": 0.5904158009801256,
  "timePerImage": 0.18731422146161397,
  "AAE": 1.0811798208921508
}