{
  "AUC": 0.3502802137393443,
  "AR": 0.24355,
  "AP": 0.14110496882098555,
  "F1": 0.17868540870114,
  "AAE": 1.3796474823904383,
  "timePerImage": 0.009945226609706878
}