{
  "AUC": 0.5829734717823283,
  "AR": 0.5532749999999999,
  "AP": 0.4339224879635104,
  "F1": 0.48638386433350644,
  "AAE": 1.0888837846502588,
  "timePerImage": 0.18645792424678803
}