{
  "AUC": 0.6658072440504963,
  "AR": 0.509725,
  "AP": 0.3914216530496701,
  "F1": 0.44280784137750306,
  "timePerImage": 0.040692407886187235,
  "AAE": 0.6312995321299282
}