{
  "AUC": 0.5640851775920376,
  "AR": 0.5487124999999999,
  "AP": 0.42684919238752694,
  "F1": 0.48016950502583194,
  "AAE": 1.4393431706787987,
  "timePerImage": 0.0020817107955614727
}