{
  "AUC": 0.35573566836922266,
  "AR": 0.3330958333333334,
  "AP": 0.22404811987771261,
  "F1": 0.2679002249501706,
  "AAE": 1.349431625087976,
  "timePerImage": 0.018209298054377238
}