{
  "AUC": 0.38632668286123817,
  "AR": 0.16086249999999996,
  "AP": 0.0927315663313345,
  "F1": 0.11764495758733076,
  "timePerImage": 0.042918154497941334,
  "AAE": 2.1935134467547286
}