{
  "AUC": -1,
  "AR": 0.35138888888888886,
  "AP": 0.8726043618721331,
  "F1": 0.5010215162006858,
  "timePerImage": 0.33451226618280056
}