{
    "AUC": 0.1549725442342892,
    "AR": 0.15151515151515152,
    "AP": 0.09018370651145773,
    "F1": 0.11306795628117654
}