{
    "AUC": 0.14420282913433596,
    "AR": 0.0606060606060606,
    "AP": 0.03665455387191662,
    "F1": 0.04568114493976398
}