{
    "AUC": 0.3838084991931145,
    "AR": 0.31242424242424227,
    "AP": 0.21461677537676618,
    "F1": 0.25444502873184777
}