{
    "AUC": 0.08891095420221636,
    "AR": 0.0606060606060606,
    "AP": 0.03391816076805505,
    "F1": 0.04349458958289321
}