{
    "AUC": 0.15000000000000002,
    "AR": 0.15151515151515152,
    "AP": 0.08723599632690543,
    "F1": 0.11072261072261073
}