{
    "AUC": 0.3512038703870387,
    "AR": 0.30303030303030304,
    "AP": 0.20601570301593597,
    "F1": 0.2452784234525525
}