{
    "AUC": 0.02946850479039321,
    "AR": 0.0,
    "AP": 0.00037878787878787884,
    "F1": 0.0
}