{
    "AUC": 0.32945584881068746,
    "AR": 0.27606060606060606,
    "AP": 0.18831889780705668,
    "F1": 0.22390061847387907
}