{
    "AUC": 0.23914941926469305,
    "AR": 0.20212121212121198,
    "AP": 0.11700599972869123,
    "F1": 0.14821296092882494
}