{
    "AUC": 0.08993506493506494,
    "AR": 0.09090909090909091,
    "AP": 0.04958677685950413,
    "F1": 0.0641711229946524
}