{
    "AUC": 0.3750957225686467,
    "AR": 0.33333333333333326,
    "AP": 0.23039140975664749,
    "F1": 0.27246324567765484
}