{
    "AUC": 0.1693969396939694,
    "AR": 0.1212121212121212,
    "AP": 0.07238789099852565,
    "F1": 0.09064348413838141
}