{
    "AUC": 0.3550392169714446,
    "AR": 0.2554545454545455,
    "AP": 0.17014064552162245,
    "F1": 0.20424667471161734
}