{
    "AUC": 0.07867132867132867,
    "AR": 0.05515151515151524,
    "AP": 0.018699741247588136,
    "F1": 0.02792962809386389
}