{
    "AUC": 0.15929565929565928,
    "AR": 0.13666666666666677,
    "AP": 0.0745641809554178,
    "F1": 0.09648626778356666
}