{
    "AUC": 0.14038108356290174,
    "AR": 0.1212121212121212,
    "AP": 0.0711570553008185,
    "F1": 0.08967234531609336
}