{
    "AUC": 0.02919517758227436,
    "AR": 0.006363636363636362,
    "AP": 0.0004329004329004329,
    "F1": 0.0008106543138390271
}