{
    "AUC": 0.3127572016460905,
    "AR": 0.3148484848484847,
    "AP": 0.2063874677511041,
    "F1": 0.24933345901819853
}