{
    "AUC": 0.17565280464216634,
    "AR": 0.1287878787878788,
    "AP": 0.07419785117593168,
    "F1": 0.09415227233235188
}