{
    "AUC": 0.05730199188143114,
    "AR": 0.04878787878787885,
    "AP": 0.016922085638663178,
    "F1": 0.025128385631684357
}