{
  "AUC": 0.04938197944680928,
  "AR": 0.009230769230769233,
  "AP": 0.005061034518427945,
  "F1": 0.0065376270942973085,
  "timePerImage": 0.169294344828679
}