{
  "AUC": 0.04216394264334688,
  "AR": 0.021538461538461538,
  "AP": 0.011126835971510238,
  "F1": 0.014673365735853703,
  "timePerImage": 0.05559005407186655
}