{
  "AUC": 0.017589779189918033,
  "AR": 0.00633846153846154,
  "AP": 0.0046937039655514864,
  "F1": 0.005393476384622843,
  "timePerImage": 0.01631606358748216
}