{
  "AUC": 0.4270510062354088,
  "AR": 0.35913846153846163,
  "AP": 0.23749344167343997,
  "F1": 0.28591508033314356,
  "timePerImage": 0.02005602616530198
}