{
  "AUC": 0.041006978379538025,
  "AR": 0.02266153846153847,
  "AP": 0.010324835024442855,
  "F1": 0.014186260645771656,
  "timePerImage": 0.01980926146874061
}