{
  "AUC": 0.25597631071088744,
  "AR": 0.182,
  "AP": 0.09678042453348798,
  "F1": 0.1263649504413389,
  "timePerImage": 0.0050762396592360275
}