{
  "AUC": 0.33433275387512673,
  "AR": 0.30966153846153843,
  "AP": 0.2034685529298109,
  "F1": 0.24557665272736878,
  "timePerImage": 0.02064886606656588
}