{
  "AUC": 0.03865255728787043,
  "AR": 0.01889230769230768,
  "AP": 0.009480089468787051,
  "F1": 0.012625000713053613,
  "timePerImage": 0.014035794551555927
}