{
  "AUC": -1,
  "AR": 0.07538461538461538,
  "AP": 0.02050312149563995,
  "F1": 0.03223811466242089,
  "timePerImage": 1.9397722844615395
}