{
  "AUC": 0.37895359054237554,
  "AR": 0.35383076923076884,
  "AP": 0.241349127694009,
  "F1": 0.28696112871547197,
  "timePerImage": 0.012094596716073843
}