{
  "AUC": 0.06633665918153325,
  "AR": 0.041338461538461546,
  "AP": 0.018913828999896205,
  "F1": 0.02595315748733222,
  "timePerImage": 0.09169023697192852
}