{
  "AUC": -1,
  "AR": 0.24273504273504273,
  "AP": 0.3412805229763507,
  "F1": 0.2836936109002277,
  "timePerImage": 0.3384495323354548
}