{
  "AUC": 0.23740052540777917,
  "AR": 0.0022541666666666665,
  "AP": 0.009454722417025475,
  "F1": 0.0036404000350005,
  "timePerImage": 0.1694714761773745
}