{
  "AAE": 0.8663490437907604,
  "timePerImage": 0.1815655866265297
}