{
  "AUC": 0.23073441851219118,
  "AR": 0.09685000000000002,
  "AP": 0.051962889471961086,
  "F1": 0.06763669280553364,
  "timePerImage": 0.05480088879664739,
  "AAE": 1.2305997065695498
}