{
  "AUC": 0.14793490298323086,
  "AR": 0.06025833333333336,
  "AP": 0.032565214766651904,
  "F1": 0.04228077048653157,
  "timePerImage": 0.018029079635938007
}