{
  "AUC": 0.3440490814809386,
  "AR": 0.21132500000000004,
  "AP": 0.11918938603406187,
  "F1": 0.15241513270198384,
  "timePerImage": 0.021550441483656566
}