{
  "AAE": 1.3101701522375075,
  "timePerImage": 0.49919942071040474
}