{
  "AUC": 0.3755291299473327,
  "AR": 0.23825833333333338,
  "AP": 0.14091629981110415,
  "F1": 0.17709245185557862,
  "timePerImage": 0.005465386509895325
}