{
  "AUC": 0.10778304866207991,
  "AR": 0.08243750000000001,
  "AP": 0.04293795723245059,
  "F1": 0.056465562359424445,
  "timePerImage": 0.012413871884346008
}