{
  "AUC": 0.37605033704572105,
  "AR": 0.22917916666666666,
  "AP": 0.13648327762160015,
  "F1": 0.1710819599761523,
  "timePerImage": 0.015347481667995454
}