{
  "AAE": 1.3458475154968377,
  "timePerImage": 0.23724979082743328
}