{
  "AAE": 1.6452176235027665,
  "timePerImage": 0.10667582780122757
}