{
  "AUC": -1,
  "AR": 0.004166666666666667,
  "AP": 0.39323633503735744,
  "F1": 0.008245960510095117,
  "timePerImage": 1.2058700607499986
}