{
  "AAE": 1.5051550774894513,
  "timePerImage": 0.024218714634577435
}