{
  "AUC": 0.3413496995415793,
  "AR": 0.1925916666666667,
  "AP": 0.11447320663413847,
  "F1": 0.14359562145520502,
  "timePerImage": 0.09017856508493423
}