{
  "AUC": 0.4480578025599355,
  "AR": 0.4080541666666666,
  "AP": 0.2899079339047748,
  "F1": 0.33898155869126395,
  "timePerImage": 0.011100389262040456
}