{
  "AUC": 0.5581675914348235,
  "AR": 0.44029583333333333,
  "AP": 0.3153429353161538,
  "F1": 0.36748823975496697,
  "timePerImage": 0.01933429956436157
}