{
  "AAE": 1.4163451439428192,
  "timePerImage": 0.185268401602904
}