{
  "AAE": 0.8339835209836013,
  "timePerImage": 0.0099482391277949,
  "AUC": 0.4465954111527563,
  "AR": 0.4065166666666667,
  "AP": 0.2875194311689177,
  "F1": 0.33681660399276087
}