{
  "AUC": 0.35184116698988416,
  "AR": 0.17623333333333333,
  "AP": 0.09874024099595057,
  "F1": 0.12656722994053785,
  "AAE": 1.9556209924994759,
  "timePerImage": 0.026689260204633077
}