{
  "AUC": 0.37151075345794066,
  "AR": 0.21850833333333336,
  "AP": 0.13000773872425517,
  "F1": 0.16302131572502276,
  "AAE": 1.4679445482452778,
  "timePerImage": 0.009911764760812123
}