{
  "AUC": 0.5078293269230769,
  "AR": 0.31672083333333334,
  "AP": 0.1986543883265396,
  "F1": 0.24416378891272575,
  "timePerImage": 0.03200204074382782,
  "AAE": 0.9855556337254053
}