{
  "AUC": 0.16949214974421842,
  "AR": 0.12980833333333336,
  "AP": 0.0709917773667735,
  "F1": 0.09178604800786119,
  "AAE": 1.751420774794067,
  "timePerImage": 0.016789599259694418
}