{
  "AUC": 0.4465954111527563,
  "AR": 0.4065166666666667,
  "AP": 0.2875194311689177,
  "F1": 0.33681660399276087,
  "AAE": 0.6455196706012846,
  "timePerImage": 0.16651977032423018
}