{
  "AUC": 0.5477517250669168,
  "AR": 0.4314791666666667,
  "AP": 0.3064472205078175,
  "F1": 0.35837068203596933,
  "timePerImage": 0.18910028298695883,
  "AAE": 0.7958844547956444
}