{
  "AUC": 0.3998522105854206,
  "AR": 0.15295833333333334,
  "AP": 0.0882294556351783,
  "F1": 0.11190807414073561,
  "timePerImage": 0.04217176079750061,
  "AAE": 2.055392772452937
}