{
  "AUC": 0.4065230845272406,
  "AR": 0.3771208333333333,
  "AP": 0.2605203541485261,
  "F1": 0.30815968286108364,
  "AAE": 1.4865891473697486,
  "timePerImage": 0.002006451388200124
}