{
  "AUC": -1,
  "AR": 0.42083333333333334,
  "AP": 0.9441703453648403,
  "F1": 0.5821791690016812,
  "timePerImage": 0.3333146725452787
}