{
  "AUC": 0.29831538378417327,
  "AR": 0.06260000000000002,
  "AP": 0.03619789458435394,
  "F1": 0.04587118400677758,
  "timePerImage": 0.16447719778333392,
  "AAE": 0.669752169319842
}