{
  "AUC": 0.5386750905288927,
  "AR": 0.4708285714285715,
  "AP": 0.34437003622184287,
  "F1": 0.397790797666982,
  "timePerImage": 0.018271309988839284
}