{
  "AAE": 0.5120034752884123,
  "timePerImage": 0.3829213397843497
}