{
  "AUC": 0.2359576704385232,
  "AR": 0.1328571428571428,
  "AP": 0.07792661052891843,
  "F1": 0.09823439103915375,
  "timePerImage": 0.053596211160932265,
  "AAE": 1.0493205050869596
}