{
  "AUC": 0.12197754177199581,
  "AR": 0.10714285714285712,
  "AP": 0.05988706091132779,
  "F1": 0.07683019768765566,
  "timePerImage": 0.017818550041743687
}