{
  "AUC": 0.22863059033989264,
  "AR": 0.14648571428571425,
  "AP": 0.0808924067617048,
  "F1": 0.10422798754949401,
  "timePerImage": 0.020951900141579764
}