{
  "AAE": 0.8425517207540939,
  "timePerImage": 0.7335176239694868
}