{
  "AUC": 0.35512708987087815,
  "AR": 0.2214571428571428,
  "AP": 0.13167439453652632,
  "F1": 0.16515225695628324,
  "timePerImage": 0.005376241207122803
}