{
  "AUC": 0.32936008750517554,
  "AR": 0.2917714285714286,
  "AP": 0.18602964979655676,
  "F1": 0.22719972446768258,
  "timePerImage": 0.01285928555897304
}