{
  "AUC": 0.3533192854059166,
  "AR": 0.16551428571428572,
  "AP": 0.09682554198662076,
  "F1": 0.12217748682129474,
  "timePerImage": 0.01481210504259382
}