{
  "AAE": 0.6602046376446868,
  "timePerImage": 0.2780284707886832
}