{
  "AAE": 0.8737387556709086,
  "timePerImage": 0.13099615642002652
}