{
  "AUC": -1,
  "AR": 0.6385714285714286,
  "AP": 0.05012121035434687,
  "F1": 0.09294704513649907,
  "timePerImage": 1.223314124714284
}