{
  "AAE": 0.8634900221782794,
  "timePerImage": 0.07032880885260445
}