{
  "AUC": 0.5692712320635375,
  "AR": 0.46012857142857155,
  "AP": 0.3387008490193304,
  "F1": 0.39018577386277614,
  "timePerImage": 0.019154132093702043
}