{
  "AUC": 0.3423356555912826,
  "AR": 0.150042857142857,
  "AP": 0.09181147884464536,
  "F1": 0.11391697029631428,
  "timePerImage": 0.087140725340162,
  "AAE": 0.6378974391602291
}