{
  "AAE": 0.7528425406856163,
  "timePerImage": 0.2161319443157741
}