{
  "AUC": 0.35347145558426735,
  "AR": 0.29285714285714287,
  "AP": 0.18235784008558412,
  "F1": 0.22476057339084476,
  "timePerImage": 0.031104602132524764,
  "AAE": 0.7881050212372573
}