{
  "AUC": 0.49121121891777525,
  "AR": 0.43122857142857135,
  "AP": 0.3123329080611088,
  "F1": 0.36227501684396385,
  "AAE": 1.4751027604463833,
  "timePerImage": 0.002699741636003767
}