{
  "AUC": 0.4239805047814103,
  "AR": 0.16441428571428574,
  "AP": 0.08659614894430458,
  "F1": 0.11344264626808001,
  "timePerImage": 0.03879779781614031,
  "AAE": 1.9675116741116636
}