{
  "AUC": 0.5389825286300916,
  "AR": 0.4721714285714286,
  "AP": 0.3479988128283152,
  "F1": 0.4006853414088235,
  "AAE": 1.1955790078421542,
  "timePerImage": 0.12809335368020194
}