{
  "AUC": 0.3803258478248607,
  "AR": 0.2689428571428571,
  "AP": 0.16456232783959393,
  "F1": 0.20418608201445873,
  "AAE": 1.3867243259043942,
  "timePerImage": 0.009995474474770682
}