{
  "AAE": 0.8539243666187589,
  "timePerImage": 0.011012426444462367,
  "AUC": 0.5389825286300916,
  "AR": 0.4721714285714286,
  "AP": 0.3479988128283152,
  "F1": 0.4006853414088235
}