{
  "AUC": 0.5440547064382268,
  "AR": 0.4376142857142857,
  "AP": 0.31986488305555316,
  "F1": 0.369587569122899,
  "timePerImage": 0.11985719169889178,
  "AAE": 1.038788463209986
}