{
  "AUC": 0.22876747592206295,
  "AR": 0.18608571428571427,
  "AP": 0.10912308720598028,
  "F1": 0.13757210167975584,
  "AAE": 1.5437320849796192,
  "timePerImage": 0.014906045368739537
}