{
  "AUC": 0.3071418081524464,
  "AR": 0.1590714285714286,
  "AP": 0.08659930063296181,
  "F1": 0.11214583446374753,
  "AAE": 2.158369440570183,
  "timePerImage": 0.024932420934949604
}