{
  "AUC": -1,
  "AR": 0.3761904761904762,
  "AP": 0.013518192235538243,
  "F1": 0.026098547896616715,
  "timePerImage": 0.34448014010845773
}