{
  "AUC": 0.11272653736119288,
  "AR": 0.004307692307692305,
  "AP": 0.0063497694048729614,
  "F1": 0.005133089577744741,
  "timePerImage": 0.15338135939378006
}