{
  "AUC": 0.05635100418285918,
  "AR": 0.04021538461538465,
  "AP": 0.02115100973074198,
  "F1": 0.02772188264892642,
  "timePerImage": 0.043819898458627556
}