{
  "AUC": 0.05772734247135843,
  "AR": 0.01080000000000001,
  "AP": 0.006582676989697038,
  "F1": 0.00817974257139632,
  "timePerImage": 0.014317008532010593
}