{
  "AUC": 0.08942792576380361,
  "AR": 0.06261538461538457,
  "AP": 0.031678371636183866,
  "F1": 0.04207178720713545,
  "timePerImage": 0.01735916944650503
}