{
  "AUC": 0.3294639877888608,
  "AR": 0.22978461538461545,
  "AP": 0.13156412500015252,
  "F1": 0.16732540331748655,
  "timePerImage": 0.004567098617553711
}