{
  "AUC": 0.7579339662296669,
  "AR": 0.7114769230769233,
  "AP": 0.6319022644656783,
  "F1": 0.669332803390813,
  "timePerImage": 0.019734549155602087
}