{
  "AUC": 0.11712678882299138,
  "AR": 0.09538461538461535,
  "AP": 0.05273898180949402,
  "F1": 0.06792283729219163,
  "timePerImage": 0.011785739018366888
}