{
  "AUC": -1,
  "AR": 0.9753846153846154,
  "AP": 0.013374810716894073,
  "F1": 0.026387783039148398,
  "timePerImage": 1.8472525609230788
}