{
  "AUC": 0.5112334156398048,
  "AR": 0.47144615384615374,
  "AP": 0.3446088786628808,
  "F1": 0.39817052516014567,
  "timePerImage": 0.01797594217153696
}