{
  "AUC": 0.420512353772324,
  "AR": 0.38129230769230793,
  "AP": 0.26942525015065205,
  "F1": 0.31574305669899133,
  "timePerImage": 0.01078417998093825
}