{
  "AUC": 0.08611845337089623,
  "AR": 0.07384615384615387,
  "AP": 0.039851699152501543,
  "F1": 0.05176693541752404,
  "timePerImage": 0.07841583178593563
}