{
  "AUC": -1,
  "AR": 0.9010238907849829,
  "AP": 0.028412637596807455,
  "F1": 0.05508814102564103,
  "timePerImage": 0.3673529824214195
}