{
    "AUC": 0.018004754443784108,
    "AR": 0.022088353413654605,
    "AP": 0.011370034878074387,
    "F1": 0.01501239967225619
}