{
    "AUC": 0.9443647980916126,
    "AR": 0.9188353413654617,
    "AP": 0.8946478520455042,
    "F1": 0.9065802953375605
}