{
    "AUC": 0.973653951907214,
    "AR": 0.9668072289156632,
    "AP": 0.9561770324522237,
    "F1": 0.9614627489882318
}