{
    "AUC": 0.01825081263889127,
    "AR": 0.022088353413654605,
    "AP": 0.01135837068687354,
    "F1": 0.015002228928661859
}