{
    "AUC": 0.9110079100773572,
    "AR": 0.8989357429718867,
    "AP": 0.8602631551337043,
    "F1": 0.8791743780015027
}