{
    "AUC": 0.784920114821599,
    "AR": 0.7789156626506026,
    "AP": 0.6970421075492876,
    "F1": 0.7357080616521915
}