{
    "AUC": 0.859957842817798,
    "AR": 0.8595381526104413,
    "AP": 0.8030908928039376,
    "F1": 0.8303563134336144
}