{
    "AUC": 0.01782240736418102,
    "AR": 0.022088353413654605,
    "AP": 0.011347647869554325,
    "F1": 0.014992872768089877
}