{
    "AUC": 0.45225827934855006,
    "AR": 0.40349397590361424,
    "AP": 0.2916361742970237,
    "F1": 0.3385652009208952
}