{
    "AUC": 0.01694187984993557,
    "AR": 0.020080321285140573,
    "AP": 0.010304999908937516,
    "F1": 0.013620241674795171
}