{
    "AUC": 0.6067629825269428,
    "AR": 0.5471485943775103,
    "AP": 0.4377076349341746,
    "F1": 0.4863473674120296
}