{
    "AUC": 0.9906727452468904,
    "AR": 0.980180722891566,
    "AP": 0.9757052647817017,
    "F1": 0.9779378734652473
}