{
    "AUC": 0.6067474500140719,
    "AR": 0.5471485943775103,
    "AP": 0.43770793849900774,
    "F1": 0.4863475548019488
}