{
    "AUC": 0.9630933337050835,
    "AR": 0.9576506024096387,
    "AP": 0.9422901794708803,
    "F1": 0.9499082988489935
}