{
    "AUC": 0.9892555414154148,
    "AR": 0.985943775100401,
    "AP": 0.9819811786587163,
    "F1": 0.9839584873548236
}