{
    "AUC": 0.43826383335628444,
    "AR": 0.38959839357429715,
    "AP": 0.27859720355801726,
    "F1": 0.3248779950850289
}