{
    "AUC": 0.017617655395571186,
    "AR": 0.022088353413654605,
    "AP": 0.011354422316554586,
    "F1": 0.014998784488417566
}