{
    "AUC": 0.9868761828493959,
    "AR": 0.9820883534136539,
    "AP": 0.9768509073095607,
    "F1": 0.9794626289087691
}