{
    "AUC": 0.9797192574300463,
    "AR": 0.9583132530120484,
    "AP": 0.9556128107782181,
    "F1": 0.9569611268089349
}