{
    "AUC": 0.06568306967325722,
    "AR": 0.06632530120481932,
    "AP": 0.03554802130335249,
    "F1": 0.046287549323642825
}