{
    "AUC": 0.9760170707440097,
    "AR": 0.9696787148594381,
    "AP": 0.9599367428215465,
    "F1": 0.9647831368890728
}