{
    "AUC": 0.5981804466851738,
    "AR": 0.5978714859437754,
    "AP": 0.47965618046194797,
    "F1": 0.5322791465976549
}