{
    "AUC": 0.9782551812968561,
    "AR": 0.9716867469879524,
    "AP": 0.962933792440735,
    "F1": 0.9672904688769847
}