{
    "AUC": 0.9660251466285174,
    "AR": 0.9554618473895583,
    "AP": 0.940656788958059,
    "F1": 0.948001518584965
}