{
    "AUC": 0.9797196574034979,
    "AR": 0.9583132530120484,
    "AP": 0.9556127960083857,
    "F1": 0.9569611194031644
}