{
    "AUC": 0.01857472011043331,
    "AR": 0.022269076305220868,
    "AP": 0.011385790995340194,
    "F1": 0.01506771940035553
}