{
    "AUC": 0.8993369310575635,
    "AR": 0.9016666666666661,
    "AP": 0.8622081572745687,
    "F1": 0.8814960615010962
}