{
    "AUC": 0.046871733353053044,
    "AR": 0.04632530120481927,
    "AP": 0.024294565503618196,
    "F1": 0.03187355391767849
}