{
    "AUC": 0.6927826137084223,
    "AR": 0.6560040160642572,
    "AP": 0.5586510586326262,
    "F1": 0.603426183573976
}