{
    "AUC": 0.9573469753698218,
    "AR": 0.9559638554216868,
    "AP": 0.9383977566681447,
    "F1": 0.9470993622953565
}