{
    "AUC": 0.6563559635366866,
    "AR": 0.6611445783132525,
    "AP": 0.5514299136594426,
    "F1": 0.6013237127272424
}