{
    "AUC": 0.9805665862167351,
    "AR": 0.9790160642570271,
    "AP": 0.9710415008622322,
    "F1": 0.9750124769739703
}