{
    "AUC": 0.604927912143481,
    "AR": 0.5383935742971889,
    "AP": 0.4300872619480183,
    "F1": 0.47818440913632654
}