{
    "AUC": 0.036239786733139455,
    "AR": 0.03815261044176708,
    "AP": 0.0198394367804457,
    "F1": 0.026104486360622348
}