{
    "AUC": 0.9896610114179335,
    "AR": 0.9900249376558594,
    "AP": 0.9850871574181752
}