{
    "AUC": 0.5900521429761886,
    "AR": 0.5449799196787146,
    "AP": 0.4300786310643983,
    "F1": 0.4807592685267528
}