{
    "AUC": 0.9734828687029037,
    "AR": 0.9666867469879525,
    "AP": 0.9561457433433497,
    "F1": 0.9613873521761697
}