{
    "AUC": 0.4007650207028365,
    "AR": 0.4014859437751002,
    "AP": 0.2806643110980238,
    "F1": 0.33037523630666027
}