{
    "AUC": 0.8873916540441671,
    "AR": 0.8884136546184739,
    "AP": 0.8414100479159647,
    "F1": 0.8642732488940967
}