{
    "AUC": 0.6784547162816549,
    "AR": 0.6533534136546186,
    "AP": 0.5522730708679714,
    "F1": 0.5985759283713665
}