{
    "AUC": 0.9757452203265438,
    "AR": 0.9691767068273095,
    "AP": 0.9588471649397263,
    "F1": 0.9639842652106674
}