{
    "AUC": 0.14537909573330993,
    "AR": 0.14333333333333345,
    "AP": 0.08114265724236171,
    "F1": 0.10362308688999834
}