{
    "AUC": 0.5995914955778998,
    "AR": 0.5125301204819276,
    "AP": 0.40737833696117454,
    "F1": 0.4539444472655092
}