{
    "AUC": 0.9797529056128138,
    "AR": 0.9600200803212853,
    "AP": 0.9526018325359313,
    "F1": 0.956296570312922
}