{
    "AUC": 0.3220456558325802,
    "AR": 0.3355220883534133,
    "AP": 0.22501774488915435,
    "F1": 0.26937755072658154
}