{
    "AUC": 0.9764096071261007,
    "AR": 0.9729116465863462,
    "AP": 0.963118707841639,
    "F1": 0.9679904096143942
}