{
    "AUC": 0.8283491756882604,
    "AR": 0.8192570281124498,
    "AP": 0.7510732644197102,
    "F1": 0.783684876270202
}