{
    "AUC": 0.7858695698339513,
    "AR": 0.7664859437750999,
    "AP": 0.6861512074456878,
    "F1": 0.7240972122590255
}