{
    "AUC": 0.9567924059875867,
    "AR": 0.9598393574297194,
    "AP": 0.9424303048981916,
    "F1": 0.9510551697163575
}