{
    "AUC": 0.8509875979750334,
    "AR": 0.8594377510040156,
    "AP": 0.8006025815490664,
    "F1": 0.8289775478844117
}