{
    "AUC": 0.5995980477593498,
    "AR": 0.5126104417670682,
    "AP": 0.4073885358077412,
    "F1": 0.4539822812884902
}