{
    "AUC": 0.34379109187471985,
    "AR": 0.3466334164588525,
    "AP": 0.23339407093239473
}