{
    "AUC": 0.009850796630865412,
    "AR": 0.00997506234413965,
    "AP": 0.005037282106454562
}