{
    "AUC": 0.008801383133644584,
    "AR": 0.007481296758104738,
    "AP": 0.0037759738976483282
}