{
    "AUC": 0.0033808777219346935,
    "AR": 0.0,
    "AP": 1.861930953898066e-06
}