{
    "AUC": 0.0007446552440287506,
    "AR": 0.0,
    "AP": 3.176484765102907e-06
}