{
    "AUC": 0.0009022732342397049,
    "AR": 0.0,
    "AP": 7.358498141125633e-07
}