{
    "AUC": 0.9933626523286437,
    "AR": 0.9837655860349115,
    "AP": 0.9807266383790894
}