{
    "AUC": 0.9720783491256181,
    "AR": 0.8923441396508729,
    "AP": 0.8670196574455226
}