{
    "AUC": 0.5102068011760357,
    "AR": 0.3723192019950124,
    "AP": 0.23518955152994542
}