{
    "AUC": 0.4841945756609605,
    "AR": 0.34778054862842894,
    "AP": 0.2112963202111541
}