{
    "AUC": 0.4461613794605537,
    "AR": 0.2851870324189526,
    "AP": 0.15223730112141326
}