{
    "AUC": 0.8992598819937282,
    "AR": 0.9014056224899593,
    "AP": 0.8611871357519505,
    "F1": 0.8808375304538615
}