{
    "AUC": 0.9761489517165607,
    "AR": 0.9713453815261051,
    "AP": 0.9630019049154105,
    "F1": 0.9671556491401598
}