{
    "AUC": 0.23408528786770375,
    "AR": 0.24080321285140577,
    "AP": 0.14953090798770377,
    "F1": 0.18449590308231759
}