{
    "AUC": 0.01757608948189452,
    "AR": 0.022088353413654605,
    "AP": 0.011371342993239384,
    "F1": 0.015013539858108514
}