{
    "AUC": 0.314524802689499,
    "AR": 0.3282530120481929,
    "AP": 0.21831027333856512,
    "F1": 0.2622239974781317
}