{
    "AUC": 0.9891678059079541,
    "AR": 0.9843975903614449,
    "AP": 0.9809509352778768,
    "F1": 0.982671240599655
}