{
    "AUC": 0.989251981963462,
    "AR": 0.985943775100401,
    "AP": 0.9820286954533108,
    "F1": 0.9839823409518914
}