{
    "AUC": 0.9043193465887246,
    "AR": 0.8716465863453815,
    "AP": 0.8373013895485484,
    "F1": 0.8541288655208723
}