{
    "AUC": 0.3204016738659086,
    "AR": 0.33497991967871443,
    "AP": 0.22363406422608836,
    "F1": 0.2682099733638103
}