{
    "AUC": 0.9911063179783632,
    "AR": 0.9830722891566258,
    "AP": 0.9777880824261255,
    "F1": 0.9804230657431623
}