{
    "AUC": 0.5844855311171472,
    "AR": 0.5610441767068276,
    "AP": 0.442795776797453,
    "F1": 0.4949553784452511
}