{
    "AUC": 0.9934820733847641,
    "AR": 0.9895582329317261,
    "AP": 0.9859497726461941,
    "F1": 0.98775070718459
}