{
    "AUC": 0.7686509732751231,
    "AR": 0.7782128514056227,
    "AP": 0.6933155425379924,
    "F1": 0.7333151946003175
}