{
    "AUC": 0.9757541083582681,
    "AR": 0.9691365461847392,
    "AP": 0.9588468063169608,
    "F1": 0.9639642178325994
}