{
    "AUC": 0.9788827911072989,
    "AR": 0.9759437751004026,
    "AP": 0.967053595468952,
    "F1": 0.9714783467872927
}