{
    "AUC": 0.9894386413592796,
    "AR": 0.9867670682730915,
    "AP": 0.9829660017364754,
    "F1": 0.9848628674756559
}