{
    "AUC": 0.9797734980435396,
    "AR": 0.9671686746987954,
    "AP": 0.9587563236948059,
    "F1": 0.9629441268174314
}