{
    "AUC": 0.9852014857349161,
    "AR": 0.9839357429718868,
    "AP": 0.9780226712376859,
    "F1": 0.9809702965139501
}