{
    "AUC": 0.8206410576354266,
    "AR": 0.812208835341365,
    "AP": 0.7414097177583667,
    "F1": 0.7751961022476762
}