{
    "AUC": 0.018574728837965793,
    "AR": 0.02234939759036143,
    "AP": 0.011403799318108572,
    "F1": 0.01510186105880505
}