{
    "AUC": 0.8034352190822671,
    "AR": 0.7828313253012049,
    "AP": 0.7057869188363172,
    "F1": 0.7423153803586541
}