{
    "AUC": 0.014671382092142596,
    "AR": 0.016064257028112438,
    "AP": 0.008161571996674924,
    "F1": 0.010823950765431573
}