{
    "AUC": 0.9632130191272001,
    "AR": 0.9576506024096387,
    "AP": 0.9422993829574133,
    "F1": 0.949912975277677
}