{
    "AUC": 0.9713896224102914,
    "AR": 0.9718875502008041,
    "AP": 0.9601723414650684,
    "F1": 0.9659944277529031
}