{
    "AUC": 0.018446552166111255,
    "AR": 0.02234939759036143,
    "AP": 0.011382692387864294,
    "F1": 0.015083341588936474
}