{
    "AUC": 0.9480761209087561,
    "AR": 0.9408634538152605,
    "AP": 0.9178023847748435,
    "F1": 0.9291898562187729
}