{
    "AUC": 0.8479161681731927,
    "AR": 0.8513253012048189,
    "AP": 0.7902410701478381,
    "F1": 0.8196466847864047
}