{
    "AUC": 0.9043147756446427,
    "AR": 0.8716465863453815,
    "AP": 0.8373015139104012,
    "F1": 0.8541289302262433
}