{
    "AUC": 0.1322604772589766,
    "AR": 0.1340160642570282,
    "AP": 0.0758536027709067,
    "F1": 0.09687537457921275
}