{
    "AUC": 0.7656668476649904,
    "AR": 0.7632530120481922,
    "AP": 0.6747644229554608,
    "F1": 0.7162861391070791
}