{
    "AUC": 0.991142651418839,
    "AR": 0.9809638554216857,
    "AP": 0.9787233381343446,
    "F1": 0.9798423159823526
}