{
    "AUC": 0.5817114479867342,
    "AR": 0.586907630522088,
    "AP": 0.469191458789294,
    "F1": 0.5214890347434725
}