{
    "AUC": 0.9757764825535908,
    "AR": 0.9684337349397595,
    "AP": 0.9581816889415813,
    "F1": 0.9632804349745863
}