{
    "AUC": 0.29177479758210273,
    "AR": 0.30246987951807236,
    "AP": 0.1965285624916763,
    "F1": 0.23825313112923893
}