{
    "AUC": 0.553235892740565,
    "AR": 0.5176706827309231,
    "AP": 0.40314174950404597,
    "F1": 0.4532837685446115
}