{
    "AUC": 0.9808305555692324,
    "AR": 0.9799196787148583,
    "AP": 0.9720371305157086,
    "F1": 0.9759624886468004
}