{
    "AUC": 0.6396268848867454,
    "AR": 0.6004417670682733,
    "AP": 0.49391439247181557,
    "F1": 0.5419932587958639
}