{
    "AUC": 0.8987275475339662,
    "AR": 0.8965662650602406,
    "AP": 0.8577436794918922,
    "F1": 0.8767254036143565
}