{
    "AUC": 0.9632297305162679,
    "AR": 0.9576506024096387,
    "AP": 0.9422982896854659,
    "F1": 0.9499124197722769
}