{
    "AUC": 0.6153696124209758,
    "AR": 0.560843373493976,
    "AP": 0.4485306921894077,
    "F1": 0.4984385374569401
}