{
    "AUC": 0.9738678004971428,
    "AR": 0.9738955823293183,
    "AP": 0.9631467828120666,
    "F1": 0.9684913596062747
}