{
    "AUC": 0.8993473053004228,
    "AR": 0.9016666666666661,
    "AP": 0.8622079579015164,
    "F1": 0.8814959573046255
}