{
    "AUC": 0.9564287105414094,
    "AR": 0.9541164658634538,
    "AP": 0.9353611032565741,
    "F1": 0.9446456996691783
}