{
    "AUC": 0.9866204610126375,
    "AR": 0.9719277108433741,
    "AP": 0.9687425806325067,
    "F1": 0.9703325319362801
}