{
    "AUC": 0.9810864379904319,
    "AR": 0.9799196787148583,
    "AP": 0.9720735889038179,
    "F1": 0.9759808650240804
}