{
    "AUC": 0.9799144410708643,
    "AR": 0.971767068273093,
    "AP": 0.9614422244794063,
    "F1": 0.9665770750212588
}