{
    "AUC": 0.9839787511602119,
    "AR": 0.9620481927710848,
    "AP": 0.9574949300205615,
    "F1": 0.9597661610999327
}