{
    "AUC": 0.6058108044039099,
    "AR": 0.5186144578313255,
    "AP": 0.41592596129226483,
    "F1": 0.46162843789217506
}