{
    "AUC": 0.3861253425664917,
    "AR": 0.3970481927710846,
    "AP": 0.2772487135639805,
    "F1": 0.3265063197961229
}