{
    "AUC": 0.9286820524077941,
    "AR": 0.929718875502009,
    "AP": 0.899790073743016,
    "F1": 0.9145096730939115
}