{
    "AUC": 0.9550507839109715,
    "AR": 0.9578313253012051,
    "AP": 0.9395009055112428,
    "F1": 0.9485775688975473
}