{
    "AUC": 0.9721837557143539,
    "AR": 0.9718875502008041,
    "AP": 0.9601906297907217,
    "F1": 0.9660036830571367
}