{
    "AUC": 0.997397766691292,
    "AR": 0.9895381526104409,
    "AP": 0.9907952122428233,
    "F1": 0.9901662834536744
}