{
    "AUC": 0.7380951730308332,
    "AR": 0.7350000000000004,
    "AP": 0.6386455423485498,
    "F1": 0.6834433762637686
}