{
    "AUC": 0.5500530274875985,
    "AR": 0.5108634538152615,
    "AP": 0.39584031432135347,
    "F1": 0.44605604882201483
}