{
    "AUC": 0.32210889074702853,
    "AR": 0.3355220883534133,
    "AP": 0.22501758561841478,
    "F1": 0.26937743659774543
}