{
    "AUC": 0.9734876735573978,
    "AR": 0.9666867469879525,
    "AP": 0.9561453150480986,
    "F1": 0.9613871356741377
}