{
    "AUC": 0.9090604456040725,
    "AR": 0.8779317269076304,
    "AP": 0.8445035603720279,
    "F1": 0.8608932650329276
}