{
    "AUC": 0.48904951731667584,
    "AR": 0.4435341365461851,
    "AP": 0.3305924883986421,
    "F1": 0.3788244691906749
}