{
    "AUC": 0.43826290370808896,
    "AR": 0.38959839357429715,
    "AP": 0.27860142723286113,
    "F1": 0.324880866823083
}