{
  "AUC": 0.02302618381771626,
  "AR": 0.0,
  "AP": 3.8161127479479436e-05,
  "F1": 0.0,
  "timePerImage": 0.15286405710073617
}