{
  "AUC": 0.14629279252645896,
  "AR": 0.11344615384615382,
  "AP": 0.05508141885864896,
  "F1": 0.07415730277974444,
  "timePerImage": 0.0108427854684683
}