{
  "AUC": 0.03709823473765,
  "AR": 0.006492307692307699,
  "AP": 0.009356564026050467,
  "F1": 0.0076656172981113355,
  "timePerImage": 0.04485117692213792
}