{
  "AUC": 0.010996456118407338,
  "AR": 0.0,
  "AP": 2.261217107096425e-05,
  "F1": 0.0,
  "timePerImage": 0.014465722304124098
}