{
  "AUC": 0.03649272638603084,
  "AR": 0.018123076923076915,
  "AP": 0.009391121774330435,
  "F1": 0.01237150492238108,
  "timePerImage": 0.017123886988713193
}