{
  "AUC": 0.23576149518971432,
  "AR": 0.16987692307692312,
  "AP": 0.08908593255760003,
  "F1": 0.11687887882794777,
  "timePerImage": 0.004515015528752254
}