{
  "AUC": 0.06714056138847226,
  "AR": 0.04332307692307693,
  "AP": 0.02115426044926206,
  "F1": 0.02842758991122211,
  "timePerImage": 0.011726319973285382
}