{
  "AUC": 0.5691843260879437,
  "AR": 0.5304615384615383,
  "AP": 0.41474396737639874,
  "F1": 0.46551934292233854,
  "timePerImage": 0.01788573851952186
}