{
  "AUC": -1,
  "AR": 0.8923076923076924,
  "AP": 0.009856573263739128,
  "F1": 0.01949777103498539,
  "timePerImage": 3.2778401735384635
}