{
  "AUC": 0.04657470693011888,
  "AR": 0.01996923076923078,
  "AP": 0.009470617370312887,
  "F1": 0.012847956477114836,
  "timePerImage": 0.0781912165421706
}