{
  "AUC": 0.3526464512930679,
  "AR": 0.2637538461538461,
  "AP": 0.1544761976142035,
  "F1": 0.19483866291807678,
  "timePerImage": 0.018175051028911884
}