{
  "AUC": -1,
  "AR": 0.45733788395904434,
  "AP": 0.015189661055182676,
  "F1": 0.029402761884804802,
  "timePerImage": 0.34695382758752624
}