{
    "AUC": 0.2590242526790749,
    "AR": 0.212121212121212,
    "AP": 0.13162869566079574,
    "F1": 0.16245088560843265
}