{
    "AUC": 0.26565947870922635,
    "AR": 0.2006060606060605,
    "AP": 0.1197160732183851,
    "F1": 0.14994761400240245
}