{
    "AUC": 0.23189713512294158,
    "AR": 0.20181818181818167,
    "AP": 0.11563562341074303,
    "F1": 0.1470284550745196
}