{
    "AUC": 0.20450197817486196,
    "AR": 0.18181818181818182,
    "AP": 0.10818259784812101,
    "F1": 0.1356517956106616
}