{
    "AUC": 0.23826542768644268,
    "AR": 0.2415151515151515,
    "AP": 0.1353373305244963,
    "F1": 0.17346849202304598
}