{
    "AUC": 0.16976584022038566,
    "AR": 0.17727272727272725,
    "AP": 0.09179737588828499,
    "F1": 0.12095859769643799
}