{
    "AUC": 0.2107798685105418,
    "AR": 0.18181818181818182,
    "AP": 0.10867436102684824,
    "F1": 0.1360377415450221
}