{
    "AUC": 0.2703812316715543,
    "AR": 0.2727272727272727,
    "AP": 0.17355371900826444,
    "F1": 0.2121212121212121
}