{
    "AUC": 0.2369872191300763,
    "AR": 0.20969696969696952,
    "AP": 0.11503825478677425,
    "F1": 0.14857133818091275
}