{
    "AUC": 0.11046424839528288,
    "AR": 0.09727272727272726,
    "AP": 0.05241017441974379,
    "F1": 0.06811840958457628
}