{
    "AUC": 0.02785430058157331,
    "AR": 0.0303030303030303,
    "AP": 0.015610651974288337,
    "F1": 0.020606060606060607
}