{
    "AUC": 0.11091148640555755,
    "AR": 0.09090909090909091,
    "AP": 0.05079794813337132,
    "F1": 0.06517665341194752
}