{
  "AUC": 0.06802501760761358,
  "AR": 0.012138461538461532,
  "AP": 0.006703139757203616,
  "F1": 0.008636824742541193,
  "timePerImage": 0.16746578216552735
}