{
  "AUC": 0.4601379964152927,
  "AR": 0.41779999999999995,
  "AP": 0.29495199207541273,
  "F1": 0.34578912064568174,
  "timePerImage": 0.011887090389545147
}