{
  "AUC": 0.05820911744704353,
  "AR": 0.032553846153846155,
  "AP": 0.013051215028469398,
  "F1": 0.018632460307818205,
  "timePerImage": 0.049326303188617415
}