{
  "AUC": 0.02230228493628636,
  "AR": 0.006723076923076916,
  "AP": 0.0038927058631344734,
  "F1": 0.004930575819761212,
  "timePerImage": 0.016270283185518705
}