{
  "AUC": 0.093639572182957,
  "AR": 0.0568,
  "AP": 0.023496163175072613,
  "F1": 0.03324149039187059,
  "timePerImage": 0.01931768490717961
}