{
  "AUC": 0.3223799803904092,
  "AR": 0.25178461538461544,
  "AP": 0.14769653061929341,
  "F1": 0.1861800714632825,
  "timePerImage": 0.004980178612929124
}