{
  "AUC": 0.11249093175981885,
  "AR": 0.07544615384615383,
  "AP": 0.03595183752954384,
  "F1": 0.0486979672040591,
  "timePerImage": 0.013178930649390587
}