{
  "AUC": 0.7069210370150582,
  "AR": 0.6851384615384613,
  "AP": 0.5858935259261779,
  "F1": 0.6316413637694916,
  "timePerImage": 0.023839240074157716
}