{
  "AUC": -1,
  "AR": 0.7061538461538461,
  "AP": 0.032984374461039634,
  "F1": 0.0630248639267099,
  "timePerImage": 1.3458516213846141
}