{
  "AUC": 0.10185001452945326,
  "AR": 0.05306153846153847,
  "AP": 0.023811220283031804,
  "F1": 0.03287146191962308,
  "timePerImage": 0.08576964635115403
}