{
  "AUC": 0.5493333096928811,
  "AR": 0.46527692307692303,
  "AP": 0.3395643934552696,
  "F1": 0.3926027974162285,
  "timePerImage": 0.019918042696439302
}