{
  "AUC": -1,
  "AR": 0.48034188034188036,
  "AP": 0.016048385024172523,
  "F1": 0.03105907579906657,
  "timePerImage": 0.3447828274784666
}