{
    "AUC": 0.5799194593587368,
    "AR": 0.5843373493975901,
    "AP": 0.4632372548544278,
    "F1": 0.5167876894784525
}