{
    "AUC": 0.787459970453629,
    "AR": 0.7911646586345387,
    "AP": 0.7091828076895106,
    "F1": 0.7479339107091498
}