{
    "AUC": 0.47795119014786014,
    "AR": 0.4799196787148597,
    "AP": 0.35584685139593975,
    "F1": 0.4086737155434865
}