{
    "AUC": 0.4385325116892691,
    "AR": 0.4400602409638557,
    "AP": 0.31764009479111566,
    "F1": 0.3689605773086611
}