{
    "AUC": 0.923014594420904,
    "AR": 0.9251870324189536,
    "AP": 0.8905790386875704
}