{
    "AUC": 0.4575122392223763,
    "AR": 0.4591164658634541,
    "AP": 0.33653974274822707,
    "F1": 0.38838617895727584
}