{
    "AUC": 0.00829784605630881,
    "AR": 0.010040160642570286,
    "AP": 0.005061706194595963,
    "F1": 0.006730339217952295
}