{
    "AUC": 0.01275128060451171,
    "AR": 0.014056224899598381,
    "AP": 0.007100354427990965,
    "F1": 0.009434812420413358
}