{
    "AUC": 0.9917138334119103,
    "AR": 0.991385542168674,
    "AP": 0.9879679846794189,
    "F1": 0.9896738130417541
}