{
    "AUC": 0.16874422506305606,
    "AR": 0.17676706827309224,
    "AP": 0.10451348034599754,
    "F1": 0.13136024944830194
}