{
    "AUC": 0.5923818329204701,
    "AR": 0.6049196787148593,
    "AP": 0.4862988849962233,
    "F1": 0.5391619517008076
}