{
    "AUC": 0.2664287286130824,
    "AR": 0.27108433734939746,
    "AP": 0.172822073254651,
    "F1": 0.21107763298049934
}