{
    "AUC": 0.8338807269719484,
    "AR": 0.8453815261044171,
    "AP": 0.7807447092191704,
    "F1": 0.8117784947320661
}