{
    "AUC": 0.9167042776189759,
    "AR": 0.9168473895582334,
    "AP": 0.8797364151360315,
    "F1": 0.8979086125671157
}