{
    "AUC": 0.5573497122232636,
    "AR": 0.5622489959839355,
    "AP": 0.4395044968606822,
    "F1": 0.4933568265155483
}