{
    "AUC": 0.1846859306707952,
    "AR": 0.1821686746987951,
    "AP": 0.10675567462908131,
    "F1": 0.1346202894217553
}