{
    "AUC": 0.16702985164547235,
    "AR": 0.17761044176706817,
    "AP": 0.10432604265219883,
    "F1": 0.13144375096705838
}