{
    "AUC": 0.9917150248629101,
    "AR": 0.9914257028112443,
    "AP": 0.9879679846794189,
    "F1": 0.9896938236754095
}