{
    "AUC": 0.8965893250997758,
    "AR": 0.9016064257028107,
    "AP": 0.8580680872382892,
    "F1": 0.8792986378503703
}