{
    "AUC": 0.9876244074002642,
    "AR": 0.9826305220883524,
    "AP": 0.9779892458998116,
    "F1": 0.9803043904646864
}