{
    "AUC": 0.7716371524540071,
    "AR": 0.7794578313253016,
    "AP": 0.6958407141509925,
    "F1": 0.735279643110984
}