{
    "AUC": 0.15050550960749073,
    "AR": 0.1527911646586347,
    "AP": 0.08751445987041571,
    "F1": 0.11128691868346761
}