{
    "AUC": 0.9853943080333532,
    "AR": 0.9839357429718868,
    "AP": 0.978030213253219,
    "F1": 0.9809740902719796
}