{
    "AUC": 0.43061627039129974,
    "AR": 0.43373493975903626,
    "AP": 0.31111973043077745,
    "F1": 0.36233510491879645
}