{
    "AUC": 0.16693650493557682,
    "AR": 0.17765060240963845,
    "AP": 0.10432604265219883,
    "F1": 0.13145474739663177
}