{
    "AUC": 0.49474417426545086,
    "AR": 0.5,
    "AP": 0.3752515090543259,
    "F1": 0.42873563218390803
}