{
    "AUC": 0.688653875446281,
    "AR": 0.6920281124497998,
    "AP": 0.5864656441477097,
    "F1": 0.6348888457872445
}