{
    "AUC": 0.586683469162239,
    "AR": 0.5876305220883532,
    "AP": 0.46618910903897154,
    "F1": 0.5199124052062307
}