{
    "AUC": 0.4467758873983355,
    "AR": 0.4489357429718871,
    "AP": 0.3251509557947444,
    "F1": 0.377146090096401
}