{
    "AUC": 0.9532392856449954,
    "AR": 0.9519477911646583,
    "AP": 0.9316967996581593,
    "F1": 0.9417134365908558
}