{
    "AUC": 0.5631218176702409,
    "AR": 0.5660040160642572,
    "AP": 0.4427780210074499,
    "F1": 0.4968647912143311
}