{
    "AUC": 0.9689235950306251,
    "AR": 0.9686746987951812,
    "AP": 0.9541936642377682,
    "F1": 0.9613796535087639
}