{
    "AUC": 0.42880613362541076,
    "AR": 0.4330120481927711,
    "AP": 0.30910820508335524,
    "F1": 0.36071668009452124
}