{
    "AUC": 0.635206783626995,
    "AR": 0.6379317269076307,
    "AP": 0.52255390870083,
    "F1": 0.5745072703206193
}