{
    "AUC": 0.13566982005935393,
    "AR": 0.13715710723192018,
    "AP": 0.07798458964807434
}