{
    "AUC": 0.00026955387421718775,
    "AR": 0.0,
    "AP": 9.380018622046862e-06
}