{
    "AUC": 0.0028255157489930818,
    "AR": 0.0,
    "AP": 8.2885151693372e-06
}