{
    "AUC": 0.0030107885616668458,
    "AR": 0.0,
    "AP": 8.58870733446575e-06
}