{
    "AUC": 0.00555635317213849,
    "AR": 0.0,
    "AP": 2.0845767656896967e-05
}