{
    "AUC": 0.007544573981973752,
    "AR": 0.0,
    "AP": 2.0323680361182935e-05
}