{
    "AUC": 0.007414558214339763,
    "AR": 0.0,
    "AP": 2.2545402305310893e-05
}