{
    "AUC": 0.00818974932907771,
    "AR": 0.0,
    "AP": 7.007901753859467e-06
}