{
    "AUC": 0.5892210961956811,
    "AR": 0.4372069825436409,
    "AP": 0.28438885453241336
}