{
    "AUC": 0.9525052431354946,
    "AR": 0.9540897755610981,
    "AP": 0.9323464060411728
}