{
    "AUC": 0.6161843839745914,
    "AR": 0.5190523690773068,
    "AP": 0.36402978374432027
}