{
    "AUC": 0.6539534345215675,
    "AR": 0.5550124688279301,
    "AP": 0.42158154944115983
}