{
    "AUC": 0.9170147307241844,
    "AR": 0.9159850374064838,
    "AP": 0.8784857085245594
}