{
    "AUC": 0.9829295593919822,
    "AR": 0.9835542168674691,
    "AP": 0.9759986345222829,
    "F1": 0.9797618594063132
}