{
    "AUC": 0.010737227303749585,
    "AR": 0.014056224899598381,
    "AP": 0.007115963855421686,
    "F1": 0.009448582712593107
}