{
    "AUC": 0.09554402771954529,
    "AR": 0.09921686746987957,
    "AP": 0.0542790641545811,
    "F1": 0.07016992121706452
}