{
    "AUC": 0.2846072558714534,
    "AR": 0.28078313253012027,
    "AP": 0.17936658371363354,
    "F1": 0.2188988038826101
}