{
    "AUC": 0.9830150671703789,
    "AR": 0.9819277108433726,
    "AP": 0.9750333163455216,
    "F1": 0.9784683690819015
}