{
    "AUC": 0.7910378243870487,
    "AR": 0.7908433734939764,
    "AP": 0.7097551932822876,
    "F1": 0.7481083933274514
}