{
    "AUC": 0.413131459887488,
    "AR": 0.41767068273092395,
    "AP": 0.29623524278199315,
    "F1": 0.34662487501506917
}