{
    "AUC": 0.010832265231137317,
    "AR": 0.014056224899598381,
    "AP": 0.0071182164555658525,
    "F1": 0.009450568230368278
}