{
    "AUC": 0.054412410739246096,
    "AR": 0.0582329317269077,
    "AP": 0.030815414575808265,
    "F1": 0.04030331853730715
}