{
    "AUC": 0.3701533310760935,
    "AR": 0.3712449799196786,
    "AP": 0.255851657531273,
    "F1": 0.30293143923943644
}