{
    "AUC": 0.010743794851537296,
    "AR": 0.014056224899598381,
    "AP": 0.007112643011910183,
    "F1": 0.009445654838406675
}