{
    "AUC": 0.5705778723043187,
    "AR": 0.5706827309236946,
    "AP": 0.4487859951868218,
    "F1": 0.5024468348541752
}