{
    "AUC": 0.9410826102263802,
    "AR": 0.9417670682730919,
    "AP": 0.9152384184625828,
    "F1": 0.9283132530120479
}