{
    "AUC": 0.4686508794913363,
    "AR": 0.46915662650602374,
    "AP": 0.34547619461258827,
    "F1": 0.3979276105767925
}