{
    "AUC": 0.7726241047910701,
    "AR": 0.7751004016064258,
    "AP": 0.6885449241634546,
    "F1": 0.7292633506856407
}