{
    "AUC": 0.5685625316474496,
    "AR": 0.5686746987951811,
    "AP": 0.4466305551769593,
    "F1": 0.5003175063741987
}