{
    "AUC": 0.12028915662650602,
    "AR": 0.1285140562248995,
    "AP": 0.0725315749921214,
    "F1": 0.09272847015069922
}