{
    "AUC": 0.08632038213215033,
    "AR": 0.09036144578313249,
    "AP": 0.04936546241402992,
    "F1": 0.06384932742074685
}