{
    "AUC": 0.009520451339915375,
    "AR": 0.012048192771084335,
    "AP": 0.006084237114848746,
    "F1": 0.008085409631894075
}