{
    "AUC": 0.9059174945289233,
    "AR": 0.9064859437751001,
    "AP": 0.8655256688433375,
    "F1": 0.8855324053138364
}