{
    "AUC": 0.09285041649382149,
    "AR": 0.086144578313253,
    "AP": 0.04535343059636913,
    "F1": 0.059422225266830206
}