{
    "AUC": 0.41153504412825165,
    "AR": 0.41566265060240976,
    "AP": 0.29439286320331626,
    "F1": 0.34467197411554346
}