{
    "AUC": 0.4837079433857187,
    "AR": 0.49214859437750963,
    "AP": 0.36817230010141366,
    "F1": 0.42122766318116994
}