{
    "AUC": 0.1482416983238222,
    "AR": 0.155863453815261,
    "AP": 0.08986851418089299,
    "F1": 0.1140040274263296
}