{
    "AUC": 0.8907672956840417,
    "AR": 0.8923092369477905,
    "AP": 0.8457563116770946,
    "F1": 0.8684093298016836
}