{
    "AUC": 0.5852732607701483,
    "AR": 0.5883534136546182,
    "AP": 0.4676048257415982,
    "F1": 0.5210753327210186
}