{
    "AUC": 0.8485989255581006,
    "AR": 0.8594377510040156,
    "AP": 0.7997785912260713,
    "F1": 0.8285356119632253
}