{
    "AUC": 0.6189293805682633,
    "AR": 0.6199196787148592,
    "AP": 0.5033390681501653,
    "F1": 0.555579547959277
}