{
    "AUC": 0.038073477341317934,
    "AR": 0.040160642570281145,
    "AP": 0.020918670166839504,
    "F1": 0.02750873243226503
}