{
    "AUC": 0.424604971499934,
    "AR": 0.42353413654618444,
    "AP": 0.3022819156516275,
    "F1": 0.35278004599475726
}