{
    "AUC": 0.883931818742685,
    "AR": 0.8835341365461856,
    "AP": 0.8337475954001644,
    "F1": 0.857919173185913
}