{
    "AUC": 0.009355537022907538,
    "AR": 0.012048192771084335,
    "AP": 0.006083059808565421,
    "F1": 0.00808437000032651
}