{
    "AUC": 0.9917124466555065,
    "AR": 0.9901405622489952,
    "AP": 0.9879659887842722,
    "F1": 0.9890520802398295
}