{
    "AUC": 0.8608066169094774,
    "AR": 0.8634538152610441,
    "AP": 0.8052532059828853,
    "F1": 0.8333385598615178
}