{
    "AUC": 0.4927718635857815,
    "AR": 0.4944779116465859,
    "AP": 0.3702265469776501,
    "F1": 0.4234252476896017
}