{
    "AUC": 0.022498380028775085,
    "AR": 0.02409638554216867,
    "AP": 0.012339094809822792,
    "F1": 0.016320772110397674
}