{
    "AUC": 0.888303149794576,
    "AR": 0.8875502008032119,
    "AP": 0.8393429170731055,
    "F1": 0.8627736909474943
}