{
    "AUC": 0.010857028112449799,
    "AR": 0.014056224899598381,
    "AP": 0.007113523538598839,
    "F1": 0.009446431258173902
}