{
    "AUC": 0.7165382769356934,
    "AR": 0.7248995983935742,
    "AP": 0.6257181644081355,
    "F1": 0.6716672304769834
}