{
  "AUC": 0.04884576129972922,
  "AR": 0.0,
  "AP": 0.00021499409293569165,
  "F1": 0.0,
  "timePerImage": 0.1532634449005127
}