{
  "AUC": 0.27778735034197655,
  "AR": 0.2470666666666667,
  "AP": 0.14577902682753724,
  "F1": 0.18336532040268683,
  "timePerImage": 0.010343304475148519
}