{
  "AUC": 0.02014488208730557,
  "AR": 0.004816666666666669,
  "AP": 0.003361620615768667,
  "F1": 0.003959705842255718,
  "timePerImage": 0.04368521690368652
}