{
  "AUC": 0.008731938403079845,
  "AR": 0.001666666666666666,
  "AP": 0.0008540248709845937,
  "F1": 0.0011293526111493992,
  "timePerImage": 0.014152562618255616
}