{
  "AUC": 0.03588925895087427,
  "AR": 0.004800000000000001,
  "AP": 0.008447354802190818,
  "F1": 0.0061215697255742425,
  "timePerImage": 0.017678819497426352
}