{
  "AUC": 0.24835800255726045,
  "AR": 0.11200000000000002,
  "AP": 0.055384072136816606,
  "F1": 0.07411716061314641,
  "timePerImage": 0.004337315559387207
}