{
  "AUC": 0.06367375218150087,
  "AR": 0.02640000000000001,
  "AP": 0.00976601389927034,
  "F1": 0.014257737535511959,
  "timePerImage": 0.011709519227345784
}