{
  "AUC": 0.5165401180188495,
  "AR": 0.39990000000000003,
  "AP": 0.2854076833413393,
  "F1": 0.3330898962396523,
  "timePerImage": 0.01848380486170451
}