{
  "AUC": -1,
  "AR": 0.9983333333333333,
  "AP": 0.005756344784487353,
  "F1": 0.011446688481621618,
  "timePerImage": 4.041112816333337
}