{
  "AUC": 0.03928998145747068,
  "AR": 0.013650000000000006,
  "AP": 0.0059918403710737065,
  "F1": 0.008327999771915994,
  "timePerImage": 0.07501854499181111
}