{
  "AUC": 0.37872789529645484,
  "AR": 0.3296500000000001,
  "AP": 0.20350815773567243,
  "F1": 0.2516568985176228,
  "timePerImage": 0.018983290990193684
}