{
  "AUC": -1,
  "AR": 0.587037037037037,
  "AP": 0.09784524401122288,
  "F1": 0.1677332987636945,
  "timePerImage": 0.34118522151571806
}