{
    "AUC": 0.9609708908627209,
    "AR": 0.9638554216867478,
    "AP": 0.9473709728249012,
    "F1": 0.9555421075473893
}