{
    "AUC": 0.3974533789868908,
    "AR": 0.4016064257028111,
    "AP": 0.2816093347231986,
    "F1": 0.3310699925663624
}