{
    "AUC": 0.5385306029532683,
    "AR": 0.5481927710843376,
    "AP": 0.4246563719667403,
    "F1": 0.4785809906291835
}