{
    "AUC": 0.6710985852843158,
    "AR": 0.6746987951807225,
    "AP": 0.56541659596131,
    "F1": 0.615242579513456
}