{
    "AUC": 0.3667376715499661,
    "AR": 0.37108433734939766,
    "AP": 0.2528694577126015,
    "F1": 0.3007783457486889
}