{
    "AUC": 0.9765359863176993,
    "AR": 0.9759036144578326,
    "AP": 0.9661276323244194,
    "F1": 0.9709910177554466
}