{
    "AUC": 0.9812794786569442,
    "AR": 0.9818273092369469,
    "AP": 0.9730188724157983,
    "F1": 0.9774032456436774
}