{
    "AUC": 0.1369154046334241,
    "AR": 0.12865461847389564,
    "AP": 0.07140034144692459,
    "F1": 0.09183460076566641
}