{
    "AUC": 0.8629419639341679,
    "AR": 0.8714859437751009,
    "AP": 0.8162509191696362,
    "F1": 0.8429645856151882
}