{
    "AUC": 0.052132282427032585,
    "AR": 0.04670682730923695,
    "AP": 0.02436283103469756,
    "F1": 0.03202240079430052
}