{
    "AUC": 0.4505577777428355,
    "AR": 0.450060240963855,
    "AP": 0.3270447270484886,
    "F1": 0.3788158221092803
}