{
    "AUC": 0.914361193261559,
    "AR": 0.9116465863453818,
    "AP": 0.8740299590153169,
    "F1": 0.8924420613241086
}