{
    "AUC": 0.900343924206528,
    "AR": 0.9001405622489952,
    "AP": 0.8570478847589944,
    "F1": 0.8780658285966588
}