{
    "AUC": 0.012275517162991587,
    "AR": 0.016064257028112438,
    "AP": 0.008147284478415453,
    "F1": 0.01081137868955011
}