{
    "AUC": 0.17457919990762297,
    "AR": 0.1783132530120481,
    "AP": 0.10480889675634229,
    "F1": 0.13201945054822292
}