{
    "AUC": 0.3630412141050439,
    "AR": 0.36732931726907647,
    "AP": 0.2503830867334943,
    "F1": 0.29778598490036357
}