{
    "AUC": 0.5611197545139485,
    "AR": 0.5630321285140562,
    "AP": 0.4406298955628067,
    "F1": 0.49436719141353924
}