{
    "AUC": 0.5850682813002841,
    "AR": 0.586345381526104,
    "AP": 0.46663841577122084,
    "F1": 0.5196875405535898
}