{
    "AUC": 0.5201122388656213,
    "AR": 0.5236746987951809,
    "AP": 0.3986579636526275,
    "F1": 0.452693691848744
}