{
    "AUC": 0.9749455043174099,
    "AR": 0.9744779116465874,
    "AP": 0.9640804954247238,
    "F1": 0.9692513203767844
}