{
    "AUC": 0.3765256005885695,
    "AR": 0.3795180722891565,
    "AP": 0.26192092312913623,
    "F1": 0.3099397590361445
}