{
    "AUC": 0.8088443392689504,
    "AR": 0.8132530120481922,
    "AP": 0.7388368210636006,
    "F1": 0.7742609445967629
}