{
    "AUC": 0.701987507567571,
    "AR": 0.7115863453815258,
    "AP": 0.6105435935062373,
    "F1": 0.6572039125968065
}