{
    "AUC": 0.8853756648959068,
    "AR": 0.8919678714859431,
    "AP": 0.8446280671267324,
    "F1": 0.8676527250595505
}