{
    "AUC": 0.06632204316119565,
    "AR": 0.06259036144578312,
    "AP": 0.032333697185659434,
    "F1": 0.04263993391994662
}