{
    "AUC": 0.530248550527935,
    "AR": 0.5313253012048191,
    "AP": 0.40593505976967453,
    "F1": 0.4602425897484171
}