{
    "AUC": 0.5891893755278624,
    "AR": 0.5903614457831325,
    "AP": 0.471024198009906,
    "F1": 0.5239839603298627
}