{
    "AUC": 0.7464448054691216,
    "AR": 0.7472489959839362,
    "AP": 0.6545380845046926,
    "F1": 0.6978276990666671
}