{
    "AUC": 0.9870978230043334,
    "AR": 0.9839357429718868,
    "AP": 0.9790315050890636,
    "F1": 0.9814774977058421
}