{
    "AUC": 0.2760326814715064,
    "AR": 0.2753614457831327,
    "AP": 0.17640332135048367,
    "F1": 0.21504409879599595
}