{
    "AUC": 0.5868397130784945,
    "AR": 0.5891566265060241,
    "AP": 0.4677748101952169,
    "F1": 0.5214957556740939
}