{
    "AUC": 0.7321511349214114,
    "AR": 0.7304618473895583,
    "AP": 0.6335592037860936,
    "F1": 0.6785684517542709
}