{
    "AUC": 0.9333729693426479,
    "AR": 0.9351620947630918,
    "AP": 0.9048451191223936
}