{
    "AUC": 0.44314843849492574,
    "AR": 0.455281124497992,
    "AP": 0.3311163413823327,
    "F1": 0.38339650567274586
}