{
    "AUC": 0.8834830935332586,
    "AR": 0.8915662650602404,
    "AP": 0.8440280235630652,
    "F1": 0.8671461037950248
}