{
    "AUC": 0.5343224504510257,
    "AR": 0.5401004016064254,
    "AP": 0.41579198463321826,
    "F1": 0.46986338863637306
}