{
    "AUC": 0.8213002757913935,
    "AR": 0.8273092369477917,
    "AP": 0.7565634772490364,
    "F1": 0.7903563808571122
}