{
    "AUC": 0.17298704376942511,
    "AR": 0.18273092369477917,
    "AP": 0.10828695025551911,
    "F1": 0.1359873479637956
}