{
    "AUC": 0.012534175305527976,
    "AR": 0.016064257028112438,
    "AP": 0.008139223560910307,
    "F1": 0.010804279063155273
}