{
    "AUC": 0.12023452662323937,
    "AR": 0.1265060240963856,
    "AP": 0.07140492953064821,
    "F1": 0.09128503066917673
}