{
    "AUC": 0.9138374645633363,
    "AR": 0.91566265060241,
    "AP": 0.8778938692395335,
    "F1": 0.8963805917042595
}