{
    "AUC": 0.008323071612815957,
    "AR": 0.010040160642570286,
    "AP": 0.0050623368896461265,
    "F1": 0.006730896726244655
}