{
    "AUC": 0.07393992999383776,
    "AR": 0.07481296758104738,
    "AP": 0.040204973849665114
}