{
    "AUC": 0.001233865841653335,
    "AR": 0.0,
    "AP": 7.51983954066556e-06
}