{
    "AUC": 0.008347066301230414,
    "AR": 0.0,
    "AP": 1.7257352807969262e-05
}