{
    "AUC": 0.008946707015819946,
    "AR": 0.0,
    "AP": 1.8746621419583827e-05
}