{
    "AUC": 0.007111262690285938,
    "AR": 0.0,
    "AP": 9.35298720062812e-06
}