{
    "AUC": 0.005933795433663145,
    "AR": 0.0,
    "AP": 1.354027528242843e-05
}