{
    "AUC": 0.005928585130580143,
    "AR": 0.0,
    "AP": 2.2660218283058963e-05
}