{
    "AUC": 0.0062801675318250195,
    "AR": 0.0,
    "AP": 2.293495795035778e-05
}