{
    "AUC": 0.5825111609770671,
    "AR": 0.4629177057356607,
    "AP": 0.30754342104214505
}