{
    "AUC": 0.9807679924914189,
    "AR": 0.9766832917705742,
    "AP": 0.9675063482584725
}