{
    "AUC": 0.6015735634196708,
    "AR": 0.5143640897755609,
    "AP": 0.3788384263330536
}