{
    "AUC": 0.9728365411204919,
    "AR": 0.9676558603491279,
    "AP": 0.9536812631204405
}