{
    "AUC": 0.5062210628719374,
    "AR": 0.33775561097256857,
    "AP": 0.1927399192280132
}