{
    "AUC": 0.9915908538162731,
    "AR": 0.9874096385542158,
    "AP": 0.9840131933748918,
    "F1": 0.9857084901995506
}