{
    "AUC": 0.9896547113166251,
    "AR": 0.9879518072289146,
    "AP": 0.9840223515939509,
    "F1": 0.9859831643952247
}