{
    "AUC": 0.9896530165095683,
    "AR": 0.9879518072289146,
    "AP": 0.9840226064029817,
    "F1": 0.985983292307975
}