{
    "AUC": 0.012311430596334917,
    "AR": 0.016064257028112438,
    "AP": 0.008146059414964824,
    "F1": 0.010810300023623903
}