{
    "AUC": 0.29296123299354343,
    "AR": 0.2971887550200804,
    "AP": 0.19339676105050213,
    "F1": 0.23431324716584376
}