{
    "AUC": 0.01236642290238609,
    "AR": 0.016064257028112438,
    "AP": 0.00814122363818602,
    "F1": 0.01080604106567113
}