{
    "AUC": 0.011125775185547845,
    "AR": 0.014056224899598381,
    "AP": 0.007110519128440059,
    "F1": 0.00944378180128746
}