{
    "AUC": 0.012518706724099726,
    "AR": 0.016064257028112438,
    "AP": 0.0081406707912732,
    "F1": 0.010805554054784157
}