{
    "AUC": 0.012737479852892723,
    "AR": 0.014056224899598381,
    "AP": 0.007100037577209423,
    "F1": 0.009434532691231168
}