{
    "AUC": 0.8274753147930067,
    "AR": 0.8331124497991972,
    "AP": 0.7651985801659078,
    "F1": 0.797712650107664
}