{
    "AUC": 0.989654211106722,
    "AR": 0.9879518072289146,
    "AP": 0.9840224268131063,
    "F1": 0.9859832021548358
}