{
    "AUC": 0.9897738490847611,
    "AR": 0.9879518072289146,
    "AP": 0.9839867554029753,
    "F1": 0.9859652949757313
}