{
    "AUC": 0.49681215664533035,
    "AR": 0.49941767068273085,
    "AP": 0.3742464829135455,
    "F1": 0.42786534388191694
}