{
    "AUC": 0.7127662552845799,
    "AR": 0.714859437751004,
    "AP": 0.6141918924741396,
    "F1": 0.660713188332479
}