{
    "AUC": 0.9625605025636779,
    "AR": 0.95785140562249,
    "AP": 0.9421014267174713,
    "F1": 0.9499111351189762
}