{
    "AUC": 0.8301030680008414,
    "AR": 0.8333333333333338,
    "AP": 0.7645875251509054,
    "F1": 0.7974816369359918
}