{
    "AUC": 0.3646894779116465,
    "AR": 0.36845381526104404,
    "AP": 0.2501078996682628,
    "F1": 0.2979596300111451
}