{
    "AUC": 0.9897713883926874,
    "AR": 0.9889759036144569,
    "AP": 0.9849700816145077,
    "F1": 0.9869689280124071
}