{
    "AUC": 0.5806261999499152,
    "AR": 0.5837349397590359,
    "AP": 0.4612128985226166,
    "F1": 0.515290952662124
}