{
    "AUC": 0.027335637181024882,
    "AR": 0.030120481927710867,
    "AP": 0.015514775399384258,
    "F1": 0.02048032768524297
}