{
    "AUC": 0.009714779064612225,
    "AR": 0.012048192771084335,
    "AP": 0.006083740904210903,
    "F1": 0.008084971464806592
}