{
    "AUC": 0.5222085830789301,
    "AR": 0.5233132530120482,
    "AP": 0.39865262139293933,
    "F1": 0.45255514529224306
}