{
    "AUC": 0.5850808722955708,
    "AR": 0.586345381526104,
    "AP": 0.4666383019481149,
    "F1": 0.5196874699666888
}