{
    "AUC": 0.8525443592552026,
    "AR": 0.8554216867469873,
    "AP": 0.7943201376936316,
    "F1": 0.8237394020526546
}