{
    "AUC": 0.016687312566041584,
    "AR": 0.016064257028112438,
    "AP": 0.008159045185107157,
    "F1": 0.010821728417029379
}