{
    "AUC": 0.8007541072363293,
    "AR": 0.8038353413654615,
    "AP": 0.726395727869659,
    "F1": 0.763156061352723
}