{
    "AUC": 0.46062468041228394,
    "AR": 0.4605823293172694,
    "AP": 0.33668548347917987,
    "F1": 0.38900701054074294
}