{
    "AUC": 0.9326508456846061,
    "AR": 0.9335742971887543,
    "AP": 0.9016595008176161,
    "F1": 0.9173393991477123
}