{
    "AUC": 0.9894882143504427,
    "AR": 0.9879518072289146,
    "AP": 0.9840178226811317,
    "F1": 0.9859808909000612
}