{
    "AUC": 0.8290064618870567,
    "AR": 0.8289558232931734,
    "AP": 0.7580649319745578,
    "F1": 0.7919270591878822
}