{
    "AUC": 0.9675585591095346,
    "AR": 0.9698795180722899,
    "AP": 0.9562192431698625,
    "F1": 0.9630009399299329
}