{
    "AUC": 0.18996308362702513,
    "AR": 0.2028112449799196,
    "AP": 0.12201320372031386,
    "F1": 0.15236322173114566
}