{
    "AUC": 0.44710692963917126,
    "AR": 0.45160642570281095,
    "AP": 0.3261612857902564,
    "F1": 0.3787674142337642
}