{
    "AUC": 0.5630201930557592,
    "AR": 0.5644779116465863,
    "AP": 0.4427623283272751,
    "F1": 0.4962660237967583
}