{
    "AUC": 0.6256633201081688,
    "AR": 0.6265060240963849,
    "AP": 0.5112003367207413,
    "F1": 0.5630101078904397
}