{
    "AUC": 0.934777851595555,
    "AR": 0.9343975903614449,
    "AP": 0.9055334920184683,
    "F1": 0.91973913701071
}