{
    "AUC": 0.9870313054896048,
    "AR": 0.985943775100401,
    "AP": 0.9810294656357971,
    "F1": 0.9834804813833347
}