{
    "AUC": 0.8880365494984568,
    "AR": 0.8881526104417663,
    "AP": 0.839192430614809,
    "F1": 0.8629786524383253
}