{
    "AUC": 0.041268522365323364,
    "AR": 0.04417670682730921,
    "AP": 0.023066107488303317,
    "F1": 0.03030761512673297
}