{
    "AUC": 0.8901765381396345,
    "AR": 0.8084939759036143,
    "AP": 0.760706037962183,
    "F1": 0.7838723472998006
}