{
    "AUC": 0.9225025854318355,
    "AR": 0.8492570281124501,
    "AP": 0.8044968402442004,
    "F1": 0.8262711988097386
}