{
    "AUC": 0.015961366125659664,
    "AR": 0.01684738955823292,
    "AP": 0.009282421045169013,
    "F1": 0.011969819893845053
}