{
    "AUC": 0.8622227375026283,
    "AR": 0.8534538152610435,
    "AP": 0.8002226699414474,
    "F1": 0.8259814985955735
}