{
    "AUC": 0.9307538697503582,
    "AR": 0.8875301204819284,
    "AP": 0.855887765354625,
    "F1": 0.8714217947118321
}