{
    "AUC": 0.020041561941902725,
    "AR": 0.02204819277108435,
    "AP": 0.010433529239748137,
    "F1": 0.014164302242596299
}