{
    "AUC": 0.747136945759429,
    "AR": 0.7551204819277103,
    "AP": 0.6672849060280214,
    "F1": 0.7084907074868985
}