{
    "AUC": 0.8535968498063234,
    "AR": 0.4918072289156627,
    "AP": 0.4279752885688393,
    "F1": 0.45767632394462965
}