{
    "AUC": 0.521574396395463,
    "AR": 0.38748995983935747,
    "AP": 0.2750862067144697,
    "F1": 0.3217536294628898
}