{
    "AUC": 0.8615204548375108,
    "AR": 0.860903614457831,
    "AP": 0.8065784277863897,
    "F1": 0.8328560862825978
}