{
    "AUC": 0.021474513655465148,
    "AR": 0.02090361445783132,
    "AP": 0.00946684545104327,
    "F1": 0.013031826849790753
}