{
    "AUC": 0.7302255234341674,
    "AR": 0.7396987951807229,
    "AP": 0.6467250974411068,
    "F1": 0.6900945344870928
}