{
    "AUC": 0.5098863036627108,
    "AR": 0.5019076305220882,
    "AP": 0.3772952570487525,
    "F1": 0.43077057900882637
}