{
    "AUC": 0.9484181968273223,
    "AR": 0.9281325301204826,
    "AP": 0.9070107276023363,
    "F1": 0.9174500768954422
}