{
    "AUC": 0.014410583510512638,
    "AR": 0.015602409638554207,
    "AP": 0.008244914558777605,
    "F1": 0.010788676609287737
}