{
    "AUC": 0.8955215009920053,
    "AR": 0.8532329317269073,
    "AP": 0.8056690604985729,
    "F1": 0.8287691228445095
}