{
    "AUC": 0.8863878707601491,
    "AR": 0.8735943775100404,
    "AP": 0.8274925113003208,
    "F1": 0.8499187314401934
}