{
    "AUC": 0.859676542693642,
    "AR": 0.5670080321285141,
    "AP": 0.5026680866662132,
    "F1": 0.5329030678100241
}