{
    "AUC": 0.915366383567055,
    "AR": 0.8856024096385551,
    "AP": 0.8524963014920556,
    "F1": 0.8687340643825926
}