{
    "AUC": 0.9032439238979688,
    "AR": 0.7517871485943772,
    "AP": 0.6996395637440863,
    "F1": 0.7247765639142041
}