{
    "AUC": 0.7409432885175475,
    "AR": 0.75062248995984,
    "AP": 0.6589632037284427,
    "F1": 0.701812742551771
}