{
    "AUC": 0.8432130248857201,
    "AR": 0.8467269076305214,
    "AP": 0.7881634646235666,
    "F1": 0.8163962849545146
}