{
    "AUC": 0.44081011153814403,
    "AR": 0.27423694779116464,
    "AP": 0.17790799834046256,
    "F1": 0.21581108832440973
}