{
    "AUC": 0.06800398803796212,
    "AR": 0.06590361445783133,
    "AP": 0.03265320924634454,
    "F1": 0.043669518397655184
}