{
    "AUC": 0.4875532945795026,
    "AR": 0.4131927710843371,
    "AP": 0.3006205964400363,
    "F1": 0.3480300676320508
}