{
    "AUC": 0.8700148731502668,
    "AR": 0.8585943775100396,
    "AP": 0.806480817679821,
    "F1": 0.8317220719279745
}