{
    "AUC": 0.8924045984955329,
    "AR": 0.7749598393574297,
    "AP": 0.7248935332015382,
    "F1": 0.7490910595915835
}