{
    "AUC": 0.8357417388853661,
    "AR": 0.8325301204819279,
    "AP": 0.7692659240440007,
    "F1": 0.799648687628691
}