{
    "AUC": 0.8722780186988979,
    "AR": 0.8629919678714858,
    "AP": 0.8114457023623093,
    "F1": 0.8364254292066101
}