{
    "AUC": 0.48600174673018776,
    "AR": 0.32913654618473903,
    "AP": 0.22061907880930642,
    "F1": 0.26416756216924697
}