{
    "AUC": 0.9647654155035206,
    "AR": 0.9403413654618467,
    "AP": 0.9237755475169349,
    "F1": 0.9319848488947509
}