{
    "AUC": 0.5108589554064521,
    "AR": 0.5060240963855422,
    "AP": 0.383714169890277,
    "F1": 0.43646232481780994
}