{
    "AUC": 0.9398754901902855,
    "AR": 0.9292570281124507,
    "AP": 0.903532160651269,
    "F1": 0.916214058396065
}