{
    "AUC": 0.8915419333204155,
    "AR": 0.8733935742971889,
    "AP": 0.8294307776463877,
    "F1": 0.8508446695560051
}