{
    "AUC": 0.014317252015709398,
    "AR": 0.015602409638554207,
    "AP": 0.00824146200144973,
    "F1": 0.010785720382042476
}