{
    "AUC": 0.9118028528975728,
    "AR": 0.9011044176706821,
    "AP": 0.865161687441526,
    "F1": 0.8827673432633234
}