{
    "AUC": 0.74539705533962,
    "AR": 0.754638554216867,
    "AP": 0.6648097923017838,
    "F1": 0.706881799147232
}