{
    "AUC": 0.880211243810105,
    "AR": 0.6495381526104418,
    "AP": 0.5834556457339367,
    "F1": 0.6147260477206461
}