{
    "AUC": 0.9051564412765722,
    "AR": 0.8857630522088361,
    "AP": 0.8455097255474835,
    "F1": 0.8651684296033061
}