{
    "AUC": 0.8754221451851982,
    "AR": 0.8267670682730924,
    "AP": 0.7800498767234546,
    "F1": 0.8027293360250487
}