{
    "AUC": 0.45541958853196357,
    "AR": 0.29343373493975905,
    "AP": 0.19188028615444777,
    "F1": 0.23203182508786346
}