{
    "AUC": 0.8205844332905805,
    "AR": 0.8224096385542171,
    "AP": 0.750914725397059,
    "F1": 0.7850377481575178
}