{
    "AUC": 0.9194708548091896,
    "AR": 0.9119277108433735,
    "AP": 0.8769266303529321,
    "F1": 0.8940847515405231
}