{
    "AUC": 0.9083020577284864,
    "AR": 0.890502008032129,
    "AP": 0.8543217548188488,
    "F1": 0.8720367688351954
}