{
    "AUC": 0.9257102277316682,
    "AR": 0.8997791164658627,
    "AP": 0.8673955096399178,
    "F1": 0.8832905970477017
}