{
    "AUC": 0.7472210816110104,
    "AR": 0.756907630522088,
    "AP": 0.6683895632870851,
    "F1": 0.7098998900871402
}