{
    "AUC": 0.014974326837551547,
    "AR": 0.015803212851405613,
    "AP": 0.008270770574048758,
    "F1": 0.01085858916797587
}