{
    "AUC": 0.8534301543318552,
    "AR": 0.8379919678714866,
    "AP": 0.7801630986368354,
    "F1": 0.8080442027081044
}