{
    "AUC": 0.9731289259982925,
    "AR": 0.9675062344139657,
    "AP": 0.957408935830045
}