{
    "AUC": 0.9397217495626311,
    "AR": 0.90789156626506,
    "AP": 0.8799744063447996,
    "F1": 0.8937150259460569
}