{
    "AUC": 0.9172226198425779,
    "AR": 0.8920080321285145,
    "AP": 0.855186424723991,
    "F1": 0.8732092261731162
}