{
    "AUC": 0.8777327626713813,
    "AR": 0.821987951807229,
    "AP": 0.7738193060898996,
    "F1": 0.7971766556819746
}