{
    "AUC": 0.8586933274968731,
    "AR": 0.8472891566265054,
    "AP": 0.7921103372630552,
    "F1": 0.8187711440881573
}