{
    "AUC": 0.8240707701753406,
    "AR": 0.8144578313253011,
    "AP": 0.7476006520267243,
    "F1": 0.7795984750077346
}