{
    "AUC": 0.02541395459494126,
    "AR": 0.026305220883534146,
    "AP": 0.012639574525342367,
    "F1": 0.01707477449925132
}