{
    "AUC": 0.8322410051626973,
    "AR": 0.8367068273092375,
    "AP": 0.7731586489172924,
    "F1": 0.8036784808363152
}