{
    "AUC": 0.8363423421232863,
    "AR": 0.8427510040160637,
    "AP": 0.7802956573577513,
    "F1": 0.810321679983006
}