{
    "AUC": 0.8381945641255965,
    "AR": 0.8433734939759029,
    "AP": 0.7820578799986845,
    "F1": 0.8115591926013727
}