{
    "AUC": 0.4405521852327029,
    "AR": 0.2741164658634538,
    "AP": 0.1778921709384584,
    "F1": 0.21576213033202526
}