{
    "AUC": 0.8659800791346365,
    "AR": 0.8462449799196792,
    "AP": 0.791188055002983,
    "F1": 0.8177909025150605
}