{
    "AUC": 0.02359078755231231,
    "AR": 0.0,
    "AP": 3.796086700591284e-05
}