{
    "AUC": 0.6864890884847111,
    "AR": 0.6792768079800496,
    "AP": 0.5737629894089025
}