{
    "AUC": 0.09548814806907553,
    "AR": 0.08271820448877805,
    "AP": 0.04412082413342117
}