{
    "AUC": 0.0023614175157634747,
    "AR": 0.0,
    "AP": 2.4349374961284492e-08
}