{
    "AUC": 0.898421540139341,
    "AR": 0.8933416458852863,
    "AP": 0.8491954587854629
}