{
    "AUC": 0.06001869855319085,
    "AR": 0.014039900249376559,
    "AP": 0.006627798679097874
}