{
    "AUC": 0.11642089064845733,
    "AR": 0.09840399002493763,
    "AP": 0.05179328056547292
}