{
    "AUC": 0.0004719666647756745,
    "AR": 0.0,
    "AP": 2.3654236025214842e-05
}