{
    "AUC": 0.4652179801789409,
    "AR": 0.43693266832917715,
    "AP": 0.32281388019415963
}