{
    "AUC": 0.4355735692192344,
    "AR": 0.2673316708229426,
    "AP": 0.14330468620254974
}