{
    "AUC": 0.8378345656070721,
    "AR": 0.5791271820448878,
    "AP": 0.4682870847007998
}