{
    "AUC": 0.20952874785771386,
    "AR": 0.12523690773067334,
    "AP": 0.04970057874128671
}