{
    "AUC": 0.7580849140267537,
    "AR": 0.7542144638403993,
    "AP": 0.6600443218044901
}