{
    "AUC": 0.9646658960672543,
    "AR": 0.9417955112219448,
    "AP": 0.9242298664253714
}