{
    "AUC": 0.8118524742101592,
    "AR": 0.3958634538152611,
    "AP": 0.33287902407768644,
    "F1": 0.36164940063615764
}