{
    "AUC": 0.8653182120601335,
    "AR": 0.8416666666666672,
    "AP": 0.7880158481318076,
    "F1": 0.8139581374346667
}