{
    "AUC": 0.8993466168902654,
    "AR": 0.8667871485943774,
    "AP": 0.8291574714625738,
    "F1": 0.8475548457480098
}