{
    "AUC": 0.8217576892352761,
    "AR": 0.823433734939759,
    "AP": 0.7546078950211357,
    "F1": 0.7875199051975346
}