{
    "AUC": 0.9025970938177305,
    "AR": 0.8883734939759043,
    "AP": 0.8523441027752422,
    "F1": 0.8699859300157907
}