{
    "AUC": 0.8845322569293598,
    "AR": 0.8595783132530115,
    "AP": 0.8157552428439651,
    "F1": 0.8370936200964233
}