{
    "AUC": 0.745362104526704,
    "AR": 0.7545983935742967,
    "AP": 0.6648103138357062,
    "F1": 0.7068644742463733
}