{
    "AUC": 0.9372583278077178,
    "AR": 0.9102409638554215,
    "AP": 0.8851568944773849,
    "F1": 0.8975237004465844
}