{
    "AUC": 0.8771233641091691,
    "AR": 0.7434738955823293,
    "AP": 0.6841615412657857,
    "F1": 0.712585626783653
}