{
    "AUC": 0.02761803909467906,
    "AR": 0.02921686746987951,
    "AP": 0.014728860193892563,
    "F1": 0.01958466404560636
}