{
    "AUC": 0.5256000471295414,
    "AR": 0.5176506024096382,
    "AP": 0.39259629810538976,
    "F1": 0.44653315513199854
}