{
    "AUC": 0.9519941605537436,
    "AR": 0.9274698795180728,
    "AP": 0.9048553330848348,
    "F1": 0.9160230520053977
}