{
    "AUC": 0.9187999292191609,
    "AR": 0.8751204819277107,
    "AP": 0.8405540752711163,
    "F1": 0.8574890667359992
}