{
    "AUC": 0.8204797918671138,
    "AR": 0.8224096385542171,
    "AP": 0.7509168938189876,
    "F1": 0.7850389331430139
}