{
    "AUC": 0.9343154754905859,
    "AR": 0.9118273092369478,
    "AP": 0.8853132840188115,
    "F1": 0.8983747099453723
}