{
    "AUC": 0.8586742582945517,
    "AR": 0.8472891566265054,
    "AP": 0.7921111020680551,
    "F1": 0.8187715526654393
}