{
    "AUC": 0.876269529766825,
    "AR": 0.8467269076305222,
    "AP": 0.7971100370964417,
    "F1": 0.8211696651750644
}