{
    "AUC": 0.01889634715111379,
    "AR": 0.020080321285140562,
    "AP": 0.00938832244260454,
    "F1": 0.012794652697131108
}