{
    "AUC": 0.8261346570716028,
    "AR": 0.8300000000000001,
    "AP": 0.7620804407667491,
    "F1": 0.7945914661595562
}