{
    "AUC": 0.8942108011505326,
    "AR": 0.880963855421687,
    "AP": 0.8381325127407796,
    "F1": 0.8590146119238415
}