{
    "AUC": 0.8348557075103792,
    "AR": 0.8322289156626508,
    "AP": 0.7702001633666214,
    "F1": 0.8000139977366083
}