{
    "AUC": 0.9476548105702214,
    "AR": 0.9137550200803214,
    "AP": 0.8897354925490583,
    "F1": 0.9015853060130983
}