{
    "AUC": 0.8731502143927447,
    "AR": 0.8728313253012049,
    "AP": 0.8219019856935925,
    "F1": 0.8466014030485208
}