{
    "AUC": 0.957379202343967,
    "AR": 0.9306827309236956,
    "AP": 0.9091109987421704,
    "F1": 0.9197703996695269
}