{
    "AUC": 0.01865330958172914,
    "AR": 0.01871485943775101,
    "AP": 0.009365236742053851,
    "F1": 0.012483510605270087
}