{
    "AUC": 0.8112060390015572,
    "AR": 0.3958634538152611,
    "AP": 0.332716266603511,
    "F1": 0.36155332559210096
}