{
    "AUC": 0.49075971770842675,
    "AR": 0.40751004016064246,
    "AP": 0.288844828681275,
    "F1": 0.33806661805023286
}