{
    "AUC": 0.8596150597844445,
    "AR": 0.567128514056225,
    "AP": 0.5027936825670479,
    "F1": 0.533026859282012
}