{
    "AUC": 0.3327718769816107,
    "AR": 0.33008032128514075,
    "AP": 0.2214675648033193,
    "F1": 0.2650797393602661
}