{
    "AUC": 0.8787877782315704,
    "AR": 0.7592168674698793,
    "AP": 0.7005802568786041,
    "F1": 0.72872091493673
}