{
    "AUC": 0.8652252010068672,
    "AR": 0.8416666666666672,
    "AP": 0.7880235635447327,
    "F1": 0.8139622533019027
}