{
    "AUC": 0.9274856295978761,
    "AR": 0.9130522088353412,
    "AP": 0.8839175290965036,
    "F1": 0.8982486853659521
}