{
    "AUC": 0.9320471113934916,
    "AR": 0.9233333333333336,
    "AP": 0.8933856227998973,
    "F1": 0.908112641492591
}