{
    "AUC": 0.8257273389319846,
    "AR": 0.8246385542168676,
    "AP": 0.7582921037948466,
    "F1": 0.7900749170312951
}