{
    "AUC": 0.9603356243251,
    "AR": 0.942851405622489,
    "AP": 0.9265947568827718,
    "F1": 0.9346523975834383
}