{
    "AUC": 0.6004123871770929,
    "AR": 0.6101606425702811,
    "AP": 0.4943188837722384,
    "F1": 0.5461648144006557
}