{
    "AUC": 0.8771035789247524,
    "AR": 0.7433132530120482,
    "AP": 0.684135488524157,
    "F1": 0.7124977040206804
}