{
    "AUC": 0.8905344231390684,
    "AR": 0.8817469879518077,
    "AP": 0.8381457564132868,
    "F1": 0.8593937018494976
}