{
    "AUC": 0.9024881138108327,
    "AR": 0.8474497991967869,
    "AP": 0.7996283731652695,
    "F1": 0.8228448602401889
}