{
    "AUC": 0.8934655802842034,
    "AR": 0.8673092369477912,
    "AP": 0.8265031627804249,
    "F1": 0.8464146650019179
}