{
    "AUC": 0.9600983482002718,
    "AR": 0.940883534136546,
    "AP": 0.9216836494023118,
    "F1": 0.9311846327688985
}