{
    "AUC": 0.8583338372309818,
    "AR": 0.8477911646586339,
    "AP": 0.7929421606132644,
    "F1": 0.8194498734178505
}