{
    "AUC": 0.8640959618111623,
    "AR": 0.5849397590361447,
    "AP": 0.5202218340514394,
    "F1": 0.5506858655940906
}