{
    "AUC": 0.8677916269998888,
    "AR": 0.853092369477911,
    "AP": 0.8016032802032634,
    "F1": 0.8265467330159839
}