{
    "AUC": 0.46991495452640963,
    "AR": 0.43995983935742977,
    "AP": 0.31915656350722504,
    "F1": 0.36994608437026033
}