{
    "AUC": 0.7524168369572458,
    "AR": 0.7579919678714856,
    "AP": 0.671324387906417,
    "F1": 0.7120306037390306
}