{
    "AUC": 0.8195891635623532,
    "AR": 0.4074497991967872,
    "AP": 0.342690087092672,
    "F1": 0.3722745843133572
}