{
    "AUC": 0.8778832375366399,
    "AR": 0.8219076305220883,
    "AP": 0.7738197880368194,
    "F1": 0.7971391367215115
}