{
    "AUC": 0.9474065185884968,
    "AR": 0.9312851405622498,
    "AP": 0.9061621668757236,
    "F1": 0.9185519035402744
}