{
    "AUC": 0.8363865238091113,
    "AR": 0.8427510040160637,
    "AP": 0.7802949505196914,
    "F1": 0.810321298841139
}