{
    "AUC": 0.8794932481319822,
    "AR": 0.6775502008032127,
    "AP": 0.6196018878607686,
    "F1": 0.6472816675961316
}