{
    "AUC": 0.15995481127060074,
    "AR": 0.15151515151515152,
    "AP": 0.08944226958581027,
    "F1": 0.11248343351479352
}