{
    "AUC": 0.25363298411625546,
    "AR": 0.2424242424242424,
    "AP": 0.15695312325024077,
    "F1": 0.19054280622938863
}