{
    "AUC": 0.16702257474069554,
    "AR": 0.15151515151515152,
    "AP": 0.0909779614325069,
    "F1": 0.11369015345158488
}