{
    "AUC": 0.05646306818181819,
    "AR": 0.027878787878787878,
    "AP": 0.001685509038450215,
    "F1": 0.003178830809491348
}