{
    "AUC": 0.2374679361766879,
    "AR": 0.20666666666666653,
    "AP": 0.11751893451089036,
    "F1": 0.1498354422735872
}