{
    "AUC": 0.4011544011544012,
    "AR": 0.33333333333333326,
    "AP": 0.24067583760321548,
    "F1": 0.27952612349442746
}