{
    "AUC": 0.08946920609987564,
    "AR": 0.08272727272727286,
    "AP": 0.03405294200748746,
    "F1": 0.048246306568588505
}