{
    "AUC": 0.219109918371911,
    "AR": 0.212121212121212,
    "AP": 0.13071192196406606,
    "F1": 0.16175082609613847
}