{
    "AUC": 0.3834687020908765,
    "AR": 0.36363636363636365,
    "AP": 0.25177876476577776,
    "F1": 0.2975419687780436
}