{
    "AUC": 0.08446816341553184,
    "AR": 0.06454545454545454,
    "AP": 0.03415475066192769,
    "F1": 0.04467131353432891
}