{
    "AUC": 0.19792262245092437,
    "AR": 0.13636363636363644,
    "AP": 0.0742281438834263,
    "F1": 0.09612929439688714
}