{
    "AUC": 0.326903763863418,
    "AR": 0.30303030303030304,
    "AP": 0.1996771182553186,
    "F1": 0.2407293590310778
}