{
    "AUC": 0.23206014025826158,
    "AR": 0.1748484848484848,
    "AP": 0.09287589482151665,
    "F1": 0.12131289282287973
}