{
    "AUC": 0.3699543699543699,
    "AR": 0.34484848484848474,
    "AP": 0.21553691528682503,
    "F1": 0.26527307330858657
}