{
    "AUC": 0.2979286536248561,
    "AR": 0.212121212121212,
    "AP": 0.14212376745818842,
    "F1": 0.17020687694859452
}