{
    "AUC": 0.08947642615264392,
    "AR": 0.08575757575757584,
    "AP": 0.034102526925493426,
    "F1": 0.04879939147175246
}