{
    "AUC": 0.315204063758977,
    "AR": 0.2636363636363637,
    "AP": 0.17023098301932862,
    "F1": 0.20687925785332
}