{
    "AUC": 0.4805386354058921,
    "AR": 0.4257575757575755,
    "AP": 0.316827639555465,
    "F1": 0.36330313334683184
}