{
    "AUC": 0.39724597011029167,
    "AR": 0.3603030303030303,
    "AP": 0.23213021367215542,
    "F1": 0.2823515400647256
}