{
    "AUC": 0.17959929517718462,
    "AR": 0.16848484848484852,
    "AP": 0.07622807515152012,
    "F1": 0.10496605983327623
}