{
    "AUC": 0.13796143250688706,
    "AR": 0.0745454545454546,
    "AP": 0.04053152988851436,
    "F1": 0.05251165267883225
}