{
    "AUC": 0.1651157241708423,
    "AR": 0.15151515151515152,
    "AP": 0.08977890796072616,
    "F1": 0.11274927258533818
}