{
    "AUC": 0.19184281377098014,
    "AR": 0.1396969696969698,
    "AP": 0.05884707272268322,
    "F1": 0.08281041963999337
}