{
    "AUC": 0.3724489795918367,
    "AR": 0.2872727272727272,
    "AP": 0.19060679117851476,
    "F1": 0.22916291920613838
}