{
    "AUC": 0.19502017921882484,
    "AR": 0.18181818181818182,
    "AP": 0.11027069110073064,
    "F1": 0.13728161818293655
}