{
    "AUC": 0.3660925662878788,
    "AR": 0.30727272727272714,
    "AP": 0.1943395167972422,
    "F1": 0.23809320465799066
}