{
    "AUC": 0.31397427512535403,
    "AR": 0.24696969696969695,
    "AP": 0.1543959969230004,
    "F1": 0.19000693459168333
}