{
    "AUC": 0.10751945126945128,
    "AR": 0.09090909090909091,
    "AP": 0.05022735570380696,
    "F1": 0.06470509007959328
}