{
    "AUC": 0.4303305330533053,
    "AR": 0.4015151515151512,
    "AP": 0.28256207882547263,
    "F1": 0.3316963373727668
}