{
    "AUC": 0.32253686598606385,
    "AR": 0.2809090909090909,
    "AP": 0.18248288139712623,
    "F1": 0.22124293636172013
}