{
    "AUC": 0.29879439556858906,
    "AR": 0.18696969696969695,
    "AP": 0.12820754904753004,
    "F1": 0.1521107687661821
}