{
    "AUC": 0.196969696969697,
    "AR": 0.1924242424242424,
    "AP": 0.1131421163506725,
    "F1": 0.14249792491778013
}