{
    "AUC": 0.35202165749716186,
    "AR": 0.2793939393939397,
    "AP": 0.1613771395130963,
    "F1": 0.20458599438280725
}