{
    "AUC": 0.5065012980779721,
    "AR": 0.45181818181818156,
    "AP": 0.3110427146814277,
    "F1": 0.36844136187868176
}