{
    "AUC": 0.0894396551724138,
    "AR": 0.08333333333333345,
    "AP": 0.034102526925493426,
    "F1": 0.048398798076288926
}