{
    "AUC": 0.38815446730919506,
    "AR": 0.39303030303030273,
    "AP": 0.25890918350811404,
    "F1": 0.312173620259849
}