{
    "AUC": 0.3277959450621321,
    "AR": 0.24757575757575748,
    "AP": 0.1385583866662837,
    "F1": 0.1776776183039502
}