{
    "AUC": 0.07929489446999174,
    "AR": 0.05848484848484849,
    "AP": 0.018049579395777955,
    "F1": 0.027585674719456107
}