{
    "AUC": 0.33395599833956,
    "AR": 0.31939393939393923,
    "AP": 0.19271785699779728,
    "F1": 0.24038858691315837
}