{
  "AUC": 0.1007283898245908,
  "AR": 0.001666666666666666,
  "AP": 0.0019689929849056854,
  "F1": 0.001805259726896359,
  "timePerImage": 0.16983512560526529
}