{
  "AUC": 0.10352826219256275,
  "AR": 0.02738333333333333,
  "AP": 0.0109285986373295,
  "F1": 0.015622363266951092,
  "timePerImage": 0.0517450612783432
}