{
  "AUC": 0.04918754781278253,
  "AR": 0.015274999999999992,
  "AP": 0.008704514468981,
  "F1": 0.011089587212925323,
  "timePerImage": 0.016654126246770224
}