{
  "AUC": 0.51227989258981,
  "AR": 0.3991666666666667,
  "AP": 0.2756121554923458,
  "F1": 0.32607776589280535,
  "timePerImage": 0.02013237198193868
}