{
  "AUC": 0.11749980023901835,
  "AR": 0.04818333333333331,
  "AP": 0.023723526012461842,
  "F1": 0.03179331073836687,
  "timePerImage": 0.020196077426274616
}