{
  "AUC": 0.3651789432496262,
  "AR": 0.20179999999999995,
  "AP": 0.11891253750949335,
  "F1": 0.1496452259444671,
  "timePerImage": 0.0051513985792795815
}