{
  "AUC": 0.14475075394249093,
  "AR": 0.05298333333333335,
  "AP": 0.02473810424756791,
  "F1": 0.03372833195524228,
  "timePerImage": 0.013825644652048746
}