{
  "AUC": 0.3697399885349275,
  "AR": 0.3317250000000002,
  "AP": 0.22078726644869143,
  "F1": 0.2651186603817912,
  "timePerImage": 0.01963051716486613
}