{
  "AUC": -1,
  "AR": 0.1125,
  "AP": 0.10981144967381931,
  "F1": 0.11113946768311256,
  "timePerImage": 1.966299020749997
}