{
  "AUC": 0.4277210905737877,
  "AR": 0.3600833333333334,
  "AP": 0.24931903654655022,
  "F1": 0.29463498726082155,
  "timePerImage": 0.011791679859161377
}