{
  "AUC": 0.1444229226820661,
  "AR": 0.04893333333333333,
  "AP": 0.022652223681341236,
  "F1": 0.030968504216935075,
  "timePerImage": 0.08784323791662851
}