{
  "AUC": -1,
  "AR": 0.43796296296296294,
  "AP": 0.9106310885218128,
  "F1": 0.5914644058471196,
  "timePerImage": 0.33848611875013873
}