{
    "AUC": 0.3811637030741935,
    "AR": 0.39451807228915675,
    "AP": 0.27646415976099203,
    "F1": 0.32510579909900267
}