{
    "AUC": 0.34515129202586436,
    "AR": 0.088995983935743,
    "AP": 0.049332121270462125,
    "F1": 0.06347749310319087
}