{
    "AUC": 0.3812754377725957,
    "AR": 0.39451807228915675,
    "AP": 0.2764633169239403,
    "F1": 0.32510521634411427
}