{
    "AUC": 0.37757875867599616,
    "AR": 0.0773694779116466,
    "AP": 0.04830544728724234,
    "F1": 0.059476737002037164
}