{
    "AUC": 0.4363935382277888,
    "AR": 0.21453815261044173,
    "AP": 0.1271544990671908,
    "F1": 0.1596726835771575
}