{
    "AUC": 0.4254631720284435,
    "AR": 0.24508032128514054,
    "AP": 0.14908158136255015,
    "F1": 0.1853906306652271
}