{
    "AUC": 0.3821537528282922,
    "AR": 0.2294377510040161,
    "AP": 0.1375430809666972,
    "F1": 0.17198486903904964
}