{
    "AUC": 0.3828086288207186,
    "AR": 0.37090361445783127,
    "AP": 0.2501831809020732,
    "F1": 0.29881120244832987
}