{
    "AUC": 0.12767135217578654,
    "AR": 0.04917670682730922,
    "AP": 0.021633942644001602,
    "F1": 0.03004875856572751
}