{
    "AUC": 0.3685156129257689,
    "AR": 0.3815261044176704,
    "AP": 0.2652967884613163,
    "F1": 0.31296866988009175
}