{
    "AUC": 0.4964260040160644,
    "AR": 0.2881927710843373,
    "AP": 0.1786757502671479,
    "F1": 0.22058912623194604
}