{
    "AUC": 0.3678752919547672,
    "AR": 0.3795180722891565,
    "AP": 0.26343264036519853,
    "F1": 0.3109956825047952
}