{
    "AUC": 0.38073946636247047,
    "AR": 0.30327309236947797,
    "AP": 0.19044555946962893,
    "F1": 0.23396731532521298
}