{
    "AUC": 0.5168886199798551,
    "AR": 0.45056224899598396,
    "AP": 0.3301408031295832,
    "F1": 0.3810641762919119
}