{
    "AUC": 0.36254571277177927,
    "AR": 0.15395582329317273,
    "AP": 0.08315925345997895,
    "F1": 0.10798850504310252
}