{
    "AUC": 0.3530131700933931,
    "AR": 0.0666867469879518,
    "AP": 0.039271816902195264,
    "F1": 0.04943271447561386
}