{
    "AUC": 0.35956044781653335,
    "AR": 0.06935742971887549,
    "AP": 0.041955907652572955,
    "F1": 0.05228401169205001
}