{
    "AUC": 0.0015392640170188395,
    "AR": 0.0,
    "AP": 7.651265519316894e-06,
    "F1": 0.0
}