{
    "AUC": 0.12771986530200452,
    "AR": 0.05445783132530118,
    "AP": 0.02600996028161143,
    "F1": 0.03520529149633325
}