{
    "AUC": 0.3826549347085486,
    "AR": 0.36694779116465853,
    "AP": 0.24824001795743264,
    "F1": 0.2961408692351931
}