{
    "AUC": 0.3810200652258787,
    "AR": 0.3944377510040162,
    "AP": 0.27646751595869773,
    "F1": 0.32508084401870163
}