{
    "AUC": 0.38356683504673483,
    "AR": 0.39369477911646594,
    "AP": 0.27562267297872295,
    "F1": 0.32424436870179213
}