{
    "AUC": 0.3636796214252462,
    "AR": 0.3815261044176704,
    "AP": 0.26479109641281895,
    "F1": 0.312616515138555
}