{
    "AUC": 0.34837287204945727,
    "AR": 0.06415662650602408,
    "AP": 0.03676002809208054,
    "F1": 0.046739547640511234
}