{
    "AUC": 0.0015690904320800794,
    "AR": 0.0,
    "AP": 7.548992964338557e-06,
    "F1": 0.0
}