{
    "AUC": 0.40860232771605665,
    "AR": 0.2865461847389559,
    "AP": 0.180203405263264,
    "F1": 0.22126039041581416
}