{
    "AUC": 0.3815229276086079,
    "AR": 0.36636546184738944,
    "AP": 0.24795032624977567,
    "F1": 0.2957450794910773
}