{
    "AUC": 0.36727374383786376,
    "AR": 0.38026104417670675,
    "AP": 0.26339510395237964,
    "F1": 0.31121864539349375
}