{
    "AUC": 0.5866941620549061,
    "AR": 0.439417670682731,
    "AP": 0.2987293071252834,
    "F1": 0.3556661213772512
}