{
    "AUC": 0.44179417658074216,
    "AR": 0.4317269076305218,
    "AP": 0.30962636272917493,
    "F1": 0.3606216832013049
}