{
    "AUC": 0.3605912774778418,
    "AR": 0.28861445783132533,
    "AP": 0.17565797217626547,
    "F1": 0.2183951797550158
}