{
    "AUC": 0.37182000989864017,
    "AR": 0.30309236947791157,
    "AP": 0.18821537044638484,
    "F1": 0.2322236674290853
}