{
    "AUC": 0.0018072289156626507,
    "AR": 0.0,
    "AP": 5.799836057967428e-06,
    "F1": 0.0
}