{
    "AUC": 0.1276763248015939,
    "AR": 0.05034136546184738,
    "AP": 0.023545618280859486,
    "F1": 0.032084638318150345
}