{
    "AUC": 0.41666899595412077,
    "AR": 0.3195180722891566,
    "AP": 0.20607915431181248,
    "F1": 0.2505569313997919
}