{
    "AUC": 0.4232572005260873,
    "AR": 0.40606425702811244,
    "AP": 0.2822353243365145,
    "F1": 0.33301103294753487
}