{
    "AUC": 0.0016239454462143878,
    "AR": 0.0,
    "AP": 6.723321858864028e-06,
    "F1": 0.0
}