{
    "AUC": 0.35922733140353613,
    "AR": 0.06935742971887549,
    "AP": 0.04195460508354005,
    "F1": 0.0522830002816849
}