{
    "AUC": 0.44795791457759027,
    "AR": 0.409718875502008,
    "AP": 0.281740746569036,
    "F1": 0.33388645752477886
}