{
    "AUC": 0.39795087287589725,
    "AR": 0.11317269076305218,
    "AP": 0.06960126937337824,
    "F1": 0.08619349200104351
}