{
    "AUC": 0.36660322156580805,
    "AR": 0.3815261044176704,
    "AP": 0.26448135046495563,
    "F1": 0.3124005414220893
}