{
    "AUC": 0.3834076436194486,
    "AR": 0.39146586345381557,
    "AP": 0.27391752453201196,
    "F1": 0.3223084982047665
}