{
    "AUC": 0.3842750827276608,
    "AR": 0.3917670682730927,
    "AP": 0.275386373789653,
    "F1": 0.32342578333511357
}