{
    "AUC": 0.00175556367828373,
    "AR": 0.0,
    "AP": 5.262751647241266e-06,
    "F1": 0.0
}