{
    "AUC": 0.40032153984751917,
    "AR": 0.3926305220883533,
    "AP": 0.2665869741705651,
    "F1": 0.3175588737997707
}