{
    "AUC": 0.21973857344667821,
    "AR": 0.11331325301204817,
    "AP": 0.0512258813614939,
    "F1": 0.07055550981935271
}