{
    "AUC": 0.37520251483432315,
    "AR": 0.08674698795180719,
    "AP": 0.05092168938164084,
    "F1": 0.0641729587417433
}