{
    "AUC": 0.41448690817747263,
    "AR": 0.1438955823293173,
    "AP": 0.07835654050085002,
    "F1": 0.10146278812640541
}