{
    "AUC": 0.36767353333618386,
    "AR": 0.3815261044176704,
    "AP": 0.2648780915528594,
    "F1": 0.3126771362120206
}