{
    "AUC": 0.3847700021069971,
    "AR": 0.32720883534136547,
    "AP": 0.20771229957859544,
    "F1": 0.254113345666772
}