{
    "AUC": 0.2265197129369609,
    "AR": 0.13568273092369476,
    "AP": 0.07278877186277587,
    "F1": 0.0947484832690923
}