{
    "AUC": 0.344994662514041,
    "AR": 0.08891566265060243,
    "AP": 0.049322563225113844,
    "F1": 0.06344914172625565
}