{
    "AUC": 0.4019488668961561,
    "AR": 0.08835341365461849,
    "AP": 0.05612212154466908,
    "F1": 0.06864250079670756
}