{
    "AUC": 0.5408114076278652,
    "AR": 0.4548594377510039,
    "AP": 0.33412061817384997,
    "F1": 0.3852516052396902
}