{
    "AUC": 0.9484541044156325,
    "AR": 0.7301995012468828,
    "AP": 0.6439714192383218
}