{
    "AUC": 0.917339537985282,
    "AR": 0.7660349127182047,
    "AP": 0.6980721846969901
}