{
    "AUC": 0.8736549371506429,
    "AR": 0.7412468827930175,
    "AP": 0.6753179365635682
}