{
    "AUC": 0.9064777650451504,
    "AR": 0.6211970074812966,
    "AP": 0.5102513856573493
}