{
    "AUC": 0.5242869797548069,
    "AR": 0.2593765586034913,
    "AP": 0.1740152358406881
}