{
    "AUC": 0.14727919323935404,
    "AR": 0.0,
    "AP": 0.002290879179126488
}