{
    "AUC": 0.5081076208503986,
    "AR": 0.341571072319202,
    "AP": 0.19992927043845957
}