{
    "AUC": 0.528133150383041,
    "AR": 0.45503740648379054,
    "AP": 0.31434686080311036
}