{
    "AUC": 0.5436688159518647,
    "AR": 0.4687780548628429,
    "AP": 0.33953444315492765
}