{
    "AUC": 0.5204881508146211,
    "AR": 0.47284289276807956,
    "AP": 0.34638974318783483
}