{
    "AUC": 0.23346840576343902,
    "AR": 0.07269326683291769,
    "AP": 0.02693127026998707
}