{
    "AUC": 0.716509043727439,
    "AR": 0.6602743142144638,
    "AP": 0.5188942151489575
}