{
    "AUC": 0.30607182270426186,
    "AR": 0.12129675810473817,
    "AP": 0.059973713278663104
}