{
    "AUC": 0.6692064080668764,
    "AR": 0.39710723192019953,
    "AP": 0.24665314436783975
}