{
    "AUC": 0.3598488609488578,
    "AR": 0.37751004016064243,
    "AP": 0.2613879503269294,
    "F1": 0.3088961840375256
}