{
    "AUC": 0.34708450615579445,
    "AR": 0.09781124497991968,
    "AP": 0.05455969403508198,
    "F1": 0.07004684270889026
}