{
    "AUC": 0.13049983096553258,
    "AR": 0.05833333333333336,
    "AP": 0.028419335714864116,
    "F1": 0.03821887214665517
}