{
    "AUC": 0.36065886172154193,
    "AR": 0.28857429718875505,
    "AP": 0.1756587195226887,
    "F1": 0.21838425836413355
}