{
    "AUC": 0.13050226457514144,
    "AR": 0.05829317269076308,
    "AP": 0.028419683175432576,
    "F1": 0.03821056249649152
}