{
    "AUC": 0.4338948941958135,
    "AR": 0.2997389558232931,
    "AP": 0.18954557200739142,
    "F1": 0.23223375603687474
}