{
    "AUC": 0.3411388599415365,
    "AR": 0.17753012048192773,
    "AP": 0.10128709213083802,
    "F1": 0.12898421514761602
}