{
    "AUC": 0.4028193565688971,
    "AR": 0.3889156626506024,
    "AP": 0.27258363906186583,
    "F1": 0.32052050951230815
}