{
    "AUC": 0.0010557694696311016,
    "AR": 0.0,
    "AP": 3.1797816761901124e-06,
    "F1": 0.0
}