{
    "AUC": 0.38225654497690015,
    "AR": 0.39102409638554203,
    "AP": 0.267936711175389,
    "F1": 0.31798464847602603
}