{
    "AUC": 0.468971369677643,
    "AR": 0.44803212851405627,
    "AP": 0.32216350252410536,
    "F1": 0.3748128240376028
}