{
    "AUC": 0.3962731112607597,
    "AR": 0.3719477911646587,
    "AP": 0.2421995846901458,
    "F1": 0.29336802236144466
}