{
    "AUC": 0.3482436813635699,
    "AR": 0.06415662650602408,
    "AP": 0.036757673358494364,
    "F1": 0.04673764420022532
}