{
    "AUC": 0.36853905874193155,
    "AR": 0.3815261044176704,
    "AP": 0.26529657058027284,
    "F1": 0.31296851827026906
}