{
    "AUC": 0.38694529302042296,
    "AR": 0.38839357429718874,
    "AP": 0.2628987056390301,
    "F1": 0.3135555912661728
}