{
    "AUC": 0.16664310626759088,
    "AR": 0.06483935742971889,
    "AP": 0.03142201235158983,
    "F1": 0.0423302326707879
}