{
    "AUC": 0.3592400141303631,
    "AR": 0.23162650602409643,
    "AP": 0.13857636831432102,
    "F1": 0.17340740569622068
}