{
    "AUC": 0.3880971515218696,
    "AR": 0.39080321285140585,
    "AP": 0.27472280981383373,
    "F1": 0.3226396957067311
}