{
    "AUC": 0.40048642138292767,
    "AR": 0.1698594377510041,
    "AP": 0.09842010940177923,
    "F1": 0.12462809501357912
}