{
    "AUC": 0.38850396513344554,
    "AR": 0.32439759036144594,
    "AP": 0.20355343345722327,
    "F1": 0.25014533676139505
}