{
    "AUC": 0.3632951299618881,
    "AR": 0.37550200803212813,
    "AP": 0.25948479126279794,
    "F1": 0.3068947583829144
}