{
    "AUC": 0.4081395390139749,
    "AR": 0.179437751004016,
    "AP": 0.10666220788098624,
    "F1": 0.1337939842695329
}