{
    "AUC": 0.46381434255950077,
    "AR": 0.4118703241895261,
    "AP": 0.27480366467018763
}