{
    "AUC": 0.3875945626726255,
    "AR": 0.3875301204819277,
    "AP": 0.27215580989791865,
    "F1": 0.3197538978552062
}