{
    "AUC": 0.5645293666536675,
    "AR": 0.46827309236947806,
    "AP": 0.34009524414516484,
    "F1": 0.3940219933963832
}