{
    "AUC": 0.0015599942431843415,
    "AR": 0.0,
    "AP": 7.690335811330428e-06,
    "F1": 0.0
}