{
    "AUC": 0.3887714661409929,
    "AR": 0.2605020080321286,
    "AP": 0.1623425835145343,
    "F1": 0.20002889874963792
}