{
    "AUC": 0.36226601831180694,
    "AR": 0.2909036144578314,
    "AP": 0.17728479213169845,
    "F1": 0.22030783374237323
}