{
    "AUC": 0.3424697251332341,
    "AR": 0.19136546184738956,
    "AP": 0.11235194101094408,
    "F1": 0.14158083059230292
}