{
    "AUC": 0.19778525422444496,
    "AR": 0.08905622489959843,
    "AP": 0.04810545285164338,
    "F1": 0.062467740236054316
}