{
    "AUC": 0.4089732493191155,
    "AR": 0.08716867469879513,
    "AP": 0.05546461019322948,
    "F1": 0.06779310406948967
}