{
    "AUC": 0.49483360094260076,
    "AR": 0.32036144578313247,
    "AP": 0.20136621812992322,
    "F1": 0.24729366385576293
}