{
    "AUC": 0.3820899069386548,
    "AR": 0.3804819277108435,
    "AP": 0.25698526041866354,
    "F1": 0.3067710749608079
}