{
    "AUC": 0.001691900843204515,
    "AR": 0.0,
    "AP": 6.323404183564208e-06,
    "F1": 0.0
}