{
    "AUC": 0.2458567924817168,
    "AR": 0.1382530120481928,
    "AP": 0.0676321460090143,
    "F1": 0.0908307134449323
}