{
    "AUC": 0.4048033872700962,
    "AR": 0.2645983935742971,
    "AP": 0.16295278436874186,
    "F1": 0.20169302388483767
}