{
    "AUC": 0.4015441831635223,
    "AR": 0.39708835341365484,
    "AP": 0.27649758004415464,
    "F1": 0.32599840147781417
}