{
    "AUC": 0.44128036752019656,
    "AR": 0.27283132530120496,
    "AP": 0.16602516051546454,
    "F1": 0.20643133252314316
}