{
    "AUC": 0.38390833073834674,
    "AR": 0.3930522088353413,
    "AP": 0.2722245741963351,
    "F1": 0.3216660280839386
}