{
    "AUC": 0.36628817541111974,
    "AR": 0.2642369477911648,
    "AP": 0.16398609964577038,
    "F1": 0.20237671330363227
}