{
    "AUC": 0.36407684164401405,
    "AR": 0.06897590361445781,
    "AP": 0.04326134671547527,
    "F1": 0.053172907791424195
}