{
    "AUC": 0.3409748242640579,
    "AR": 0.17757028112449796,
    "AP": 0.10129229573090308,
    "F1": 0.1289990333698222
}