{
    "AUC": 0.3816276713099712,
    "AR": 0.36636546184738944,
    "AP": 0.2478240495827359,
    "F1": 0.29565523569706476
}