{
    "AUC": 0.36858158799276924,
    "AR": 0.3815261044176704,
    "AP": 0.2652930315109509,
    "F1": 0.31296605563845575
}