{
    "AUC": 0.45951395925624394,
    "AR": 0.2786144578313253,
    "AP": 0.1738027548084694,
    "F1": 0.21406771867942448
}