{
    "AUC": 0.3994971652603389,
    "AR": 0.08927710843373492,
    "AP": 0.05579750529498578,
    "F1": 0.06867417810075697
}