{
    "AUC": 0.4120962853743877,
    "AR": 0.22991967871485955,
    "AP": 0.14392042621042148,
    "F1": 0.17702829481828572
}