{
    "AUC": 0.49917359947321827,
    "AR": 0.4536345381526104,
    "AP": 0.32860887122773214,
    "F1": 0.381130302268262
}