{
    "AUC": 0.38920489856973256,
    "AR": 0.3556224899598393,
    "AP": 0.2333108970483786,
    "F1": 0.28176565966008094
}