{
    "AUC": 0.0016467948947123808,
    "AR": 0.0,
    "AP": 6.688485994310328e-06,
    "F1": 0.0
}