{
    "AUC": 0.4303935742971888,
    "AR": 0.4198192771084336,
    "AP": 0.2908914294748967,
    "F1": 0.3436611507550754
}