{
    "AUC": 0.3997607578754763,
    "AR": 0.0893172690763052,
    "AP": 0.05579739814635832,
    "F1": 0.06868597529633705
}