{
    "AUC": 0.40574240489225477,
    "AR": 0.36052208835341376,
    "AP": 0.23128090955595654,
    "F1": 0.28178930084487236
}