{
    "AUC": 0.585777640045754,
    "AR": 0.4687550200803213,
    "AP": 0.33605395570592095,
    "F1": 0.3914642691481106
}