{
    "AUC": 0.4172636689406827,
    "AR": 0.10132530120481927,
    "AP": 0.05659185274546385,
    "F1": 0.07262271870702774
}