{
    "AUC": 0.4686742776585435,
    "AR": 0.376586345381526,
    "AP": 0.24488500740103758,
    "F1": 0.2967806949201411
}