{
  "AUC": 0.06755770766773164,
  "AR": 0.03932,
  "AP": 0.01918143431659678,
  "F1": 0.025784461736337833,
  "timePerImage": 0.15180052947998046
}