{
  "AUC": 0.03923319285570941,
  "AR": 0.007600000000000007,
  "AP": 0.004167722241904725,
  "F1": 0.005383316904894766,
  "timePerImage": 0.04734461879730224
}