{
  "AUC": 0.015802169110263102,
  "AR": 0.008000000000000005,
  "AP": 0.004048782124830504,
  "F1": 0.005376519661998568,
  "timePerImage": 0.01575736141204834
}