{
  "AUC": 0.6198966103389661,
  "AR": 0.45052000000000003,
  "AP": 0.2729083046398968,
  "F1": 0.33991108342814386,
  "timePerImage": 0.01807094669342041
}