{
  "AUC": 0.11058580825194342,
  "AR": 0.07572000000000002,
  "AP": 0.018519791133031205,
  "F1": 0.029760647126511042,
  "timePerImage": 0.017667442321777343
}