{
  "AUC": 0.32387468771859695,
  "AR": 0.16832000000000003,
  "AP": 0.08170269725027222,
  "F1": 0.11000759652952546,
  "timePerImage": 0.004879047393798828
}