{
  "AUC": 0.11641356542617047,
  "AR": 0.08400000000000002,
  "AP": 0.02805421782479361,
  "F1": 0.042060965540223365,
  "timePerImage": 0.012767356872558594
}