{
  "AUC": 0.5098505419281232,
  "AR": 0.27524,
  "AP": 0.16841754970952455,
  "F1": 0.20896859035713314,
  "timePerImage": 0.016631306648254393
}