{
  "AUC": -1,
  "AR": 0.972,
  "AP": 0.007679739078494518,
  "F1": 0.015239074743585322,
  "timePerImage": 3.8622533016
}