{
  "AUC": 0.10793943647849193,
  "AR": 0.06895999999999998,
  "AP": 0.02496395681763777,
  "F1": 0.03665762219721606,
  "timePerImage": 0.07704559516906738
}