{
  "AUC": 0.6148240144810941,
  "AR": 0.5192800000000003,
  "AP": 0.3933715412380839,
  "F1": 0.4476406705170385,
  "timePerImage": 0.010595687866210938
}