{
  "AUC": -1,
  "AR": 0.5244444444444445,
  "AP": 0.01716633303849914,
  "F1": 0.033244493528593086,
  "timePerImage": 0.34834744104972254
}