{
  "AUC": 0.21637978766126206,
  "AR": 0.03241499999999999,
  "AP": 0.01875661519126703,
  "F1": 0.023763005297072648,
  "timePerImage": 0.16816105711460114,
  "AAE": 0.829190491140627
}