{
  "AUC": 0.4917010256532292,
  "AR": 0.39866499999999994,
  "AP": 0.289397981544671,
  "F1": 0.3353554817133144,
  "timePerImage": 0.017434288024902343
}