{
  "AAE": 0.29548235985630045,
  "timePerImage": 0.1816581356525421
}