{
  "AUC": 0.2739142492326272,
  "AR": 0.25275500000000006,
  "AP": 0.16010666990181316,
  "F1": 0.196035448680217,
  "timePerImage": 0.050743419408798215,
  "AAE": 1.2687203885452594
}