{
  "AUC": 0.15719825923030362,
  "AR": 0.10396500000000002,
  "AP": 0.051162418823154227,
  "F1": 0.0685771853009818,
  "timePerImage": 0.016628024578094484
}