{
  "AUC": 0.37951481715796204,
  "AR": 0.280245,
  "AP": 0.1639730672394312,
  "F1": 0.20689222531665363,
  "timePerImage": 0.020073673486709596
}