{
  "AAE": 0.7342582407881855,
  "timePerImage": 0.49901941096782687
}