{
  "AUC": 0.3556240729392049,
  "AR": 0.242935,
  "AP": 0.13912590323077084,
  "F1": 0.17692755796555532,
  "timePerImage": 0.005124114990234375
}