{
  "AUC": 0.2508579894380989,
  "AR": 0.23405499999999999,
  "AP": 0.14337168167546985,
  "F1": 0.17781921938102904,
  "timePerImage": 0.013778352141380311
}