{
  "AUC": 0.3515029447999296,
  "AR": 0.319675,
  "AP": 0.20562772998378062,
  "F1": 0.2502710944776346,
  "timePerImage": 0.01387015163898468
}