{
  "AAE": 0.908354188332478,
  "timePerImage": 0.23746973729133605
}