{
  "AAE": 1.1227714283848031,
  "timePerImage": 0.10663617038726807
}