{
  "AUC": -1,
  "AR": 0.6925,
  "AP": 0.12453490484094601,
  "F1": 0.21110584404993987,
  "timePerImage": 1.1330034438499994
}