{
  "AAE": 1.0105011540100952,
  "timePerImage": 0.0244023095369339
}