{
  "AUC": 0.7372690163667759,
  "AR": 0.632305,
  "AP": 0.5266042670363967,
  "F1": 0.574634305789862,
  "timePerImage": 0.019832632780075073
}