{
  "AUC": 0.3210760814841852,
  "AR": 0.28721,
  "AP": 0.1832739569570695,
  "F1": 0.22376156465816763,
  "timePerImage": 0.08939157736301422
}