{
  "AAE": 0.9420802137540462,
  "timePerImage": 0.1854109718799591
}