{
  "AUC": 0.4444879472164287,
  "AR": 0.34634499999999996,
  "AP": 0.24173505073983104,
  "F1": 0.2847358145992492,
  "AAE": 1.4291846739077505,
  "timePerImage": 0.0018561793565750123
}