{
  "AUC": 0.7149472203381314,
  "AR": 0.6097,
  "AP": 0.5025912624158893,
  "F1": 0.55098858194643,
  "timePerImage": 0.184017294049263,
  "AAE": 1.0662938173810073
}