{
  "AUC": 0.4077396706362112,
  "AR": 0.32309000000000004,
  "AP": 0.20198119323652716,
  "F1": 0.24856859246282423,
  "timePerImage": 0.04174467420578003,
  "AAE": 2.0222003012820253
}