{
  "AUC": 0.3163684593568056,
  "AR": 0.28142000000000006,
  "AP": 0.1785003530965552,
  "F1": 0.21844464603586083,
  "AAE": 2.0374073890309075,
  "timePerImage": 0.027813931703567506
}