{
  "AAE": 0.5341449529747789,
  "timePerImage": 0.00979584813117981,
  "AUC": 0.4910778791791996,
  "AR": 0.4018700000000001,
  "AP": 0.2909140194808986,
  "F1": 0.3375066794883313
}