{
  "AUC": 0.33776617389772057,
  "AR": 0.24594999999999997,
  "AP": 0.1489126880922172,
  "F1": 0.1855079081451591,
  "AAE": 1.4564657543883437,
  "timePerImage": 0.009966465830802917
}