{
  "AUC": 0.23350884387834928,
  "AR": 0.1655,
  "AP": 0.09806755495508586,
  "F1": 0.12315765002131973,
  "AAE": 1.2956510669121168,
  "timePerImage": 0.017328453063964844
}