{
  "AUC": 0.6607378511960156,
  "AR": 0.39881500000000003,
  "AP": 0.2990595429394476,
  "F1": 0.3418076581932132,
  "timePerImage": 0.031217241406440735,
  "AAE": 0.5688048642811084
}