{
  "AUC": 0.4910778791791996,
  "AR": 0.4018700000000001,
  "AP": 0.2909140194808986,
  "F1": 0.3375066794883313,
  "AAE": 0.8363297956248963,
  "timePerImage": 0.16894807493686675
}