{
  "AUC": -1,
  "AR": 0.675,
  "AP": 0.3920973821448856,
  "F1": 0.49604794721886525,
  "timePerImage": 0.3373119356620371
}