{
    "AUC": 0.08012820512820513,
    "AR": 0.0606060606060606,
    "AP": 0.032733297768305816,
    "F1": 0.04250803225849016
}