{
    "AUC": 0.05175774904152316,
    "AR": 0.0303030303030303,
    "AP": 0.015731649180391927,
    "F1": 0.020711196305895043
}