{
    "AUC": 0.11368538004052021,
    "AR": 0.04939393939393949,
    "AP": 0.017753857235091156,
    "F1": 0.026119485442642625
}