{
    "AUC": 0.021601404472940997,
    "AR": 0.0,
    "AP": 0.00011930326890956812,
    "F1": 0.0
}