{
    "AUC": 0.014908442715929348,
    "AR": 0.0,
    "AP": 5.1361068310220854e-05,
    "F1": 0.0
}