{
    "AUC": 0.05673583662714099,
    "AR": 0.03121212121212121,
    "AP": 0.016701701845826013,
    "F1": 0.021759713969397618
}