{
    "AUC": 0.2002677638453502,
    "AR": 0.12454545454545449,
    "AP": 0.05398978724903368,
    "F1": 0.07532610958102587
}