{
    "AUC": 0.07223812932474351,
    "AR": 0.0303030303030303,
    "AP": 0.01659599719342793,
    "F1": 0.021446457750085825
}