{
    "AUC": 0.028840275958431583,
    "AR": 0.008181818181818182,
    "AP": 0.00019425019425019425,
    "F1": 0.00037949063923089897
}