{
    "AUC": 0.014840714840714843,
    "AR": 0.0,
    "AP": 4.9193231011412834e-05,
    "F1": 0.0
}