{
    "AUC": 0.1349673844274276,
    "AR": 0.039090909090909134,
    "AP": 0.002418568361925381,
    "F1": 0.0045552987783862384
}