{
    "AUC": 0.23013273949873375,
    "AR": 0.1793939393939397,
    "AP": 0.07400450770408513,
    "F1": 0.10478327962924974
}