{
    "AUC": 0.20031059953540573,
    "AR": 0.09515151515151515,
    "AP": 0.05275043941753379,
    "F1": 0.0678731291971299
}