{
    "AUC": 0.020162252445717014,
    "AR": 0.0,
    "AP": 0.00017024174327545113,
    "F1": 0.0
}