{
    "AUC": 0.026855996295724643,
    "AR": 0.005151515151515149,
    "AP": 0.00022956841138659323,
    "F1": 0.0004395490743613611
}