{
    "AUC": 0.1342178071150034,
    "AR": 0.08303030303030316,
    "AP": 0.03409968114370334,
    "F1": 0.04834469804746592
}