{
    "AUC": 0.21945853383621625,
    "AR": 0.15242424242424252,
    "AP": 0.05691470365060981,
    "F1": 0.08288166869477338
}