{
    "AUC": 0.23079684134960513,
    "AR": 0.18181818181818174,
    "AP": 0.09445472972561061,
    "F1": 0.12432335205701903
}