{
    "AUC": 0.041708598904170856,
    "AR": 0.0,
    "AP": 0.0006518537386330048,
    "F1": 0.0
}