{
    "AUC": 0.13727386505859596,
    "AR": 0.10454545454545447,
    "AP": 0.052469730227232524,
    "F1": 0.06987186372356008
}