{
    "AUC": 0.05227108868060562,
    "AR": 0.0303030303030303,
    "AP": 0.015744080445650222,
    "F1": 0.02072196665896379
}