{
    "AUC": 0.11815120906029998,
    "AR": 0.09969696969696971,
    "AP": 0.019569618472544004,
    "F1": 0.032717153895028425
}