{
    "AUC": 0.11745487217185333,
    "AR": 0.10636363636363629,
    "AP": 0.051770604936189346,
    "F1": 0.06964348457988763
}