{
    "AUC": 0.14227839896289093,
    "AR": 0.1212121212121212,
    "AP": 0.06878600253071435,
    "F1": 0.08776610118250835
}