{
    "AUC": 0.044536271808999085,
    "AR": 0.027575757575757573,
    "AP": 0.000624823479149611,
    "F1": 0.0012219592748903944
}