{
    "AUC": 0.018297196098920242,
    "AR": 0.0,
    "AP": 2.700804839842273e-05,
    "F1": 0.0
}