{
    "AUC": 0.1537547931724864,
    "AR": 0.11484848484848481,
    "AP": 0.05340724822138676,
    "F1": 0.07290974787297198
}