{
    "AUC": 0.1336505025029615,
    "AR": 0.06242424242424242,
    "AP": 0.034316022252153654,
    "F1": 0.044286661800436576
}