{
    "AUC": 0.22040370976541185,
    "AR": 0.10090909090909088,
    "AP": 0.05395177937628946,
    "F1": 0.07031117673246307
}