{
    "AUC": 0.025722339675828047,
    "AR": 0.0,
    "AP": 0.00036075036075036075,
    "F1": 0.0
}