{
    "AUC": 0.08228668261562998,
    "AR": 0.0606060606060606,
    "AP": 0.033183118021225116,
    "F1": 0.04288550323880009
}