{
    "AUC": 0.7423610154833118,
    "AR": 0.742971887550201,
    "AP": 0.6487833858511665,
    "F1": 0.6926904837500691
}