{
    "AUC": 0.8292880258899676,
    "AR": 0.8309236947791169,
    "AP": 0.7624755057301016,
    "F1": 0.795229424236386
}