{
    "AUC": 0.38456215523323006,
    "AR": 0.38684738955823295,
    "AP": 0.26840735732290577,
    "F1": 0.3169231081890198
}