{
    "AUC": 0.5156537936964035,
    "AR": 0.5241566265060241,
    "AP": 0.40132499188431153,
    "F1": 0.4545895881638505
}