{
    "AUC": 0.5269591520680567,
    "AR": 0.5294979919678717,
    "AP": 0.4048517407245038,
    "F1": 0.4588606947863292
}