{
    "AUC": 0.2903106813345378,
    "AR": 0.2881325301204819,
    "AP": 0.18542308391327075,
    "F1": 0.22563948447611545
}