{
    "AUC": 0.012948389576288452,
    "AR": 0.016064257028112438,
    "AP": 0.008137123658030815,
    "F1": 0.010802428804153703
}