{
    "AUC": 0.6028349888695587,
    "AR": 0.59995983935743,
    "AP": 0.4781658314928823,
    "F1": 0.5321834053397886
}