{
    "AUC": 0.01257254537437584,
    "AR": 0.016064257028112438,
    "AP": 0.008140305329060347,
    "F1": 0.010805232101590716
}