{
    "AUC": 0.47862114387642984,
    "AR": 0.4769277108433734,
    "AP": 0.3527827887043589,
    "F1": 0.4055676960419905
}