{
    "AUC": 0.833555710445086,
    "AR": 0.8393574297188764,
    "AP": 0.7726479358076168,
    "F1": 0.8046223658384196
}