{
    "AUC": 0.16796537141945264,
    "AR": 0.17491967871485947,
    "AP": 0.10315911835191645,
    "F1": 0.12978019201005314
}