{
    "AUC": 0.5682743094288955,
    "AR": 0.5618072289156623,
    "AP": 0.4388871748203652,
    "F1": 0.49279777436927835
}