{
    "AUC": 0.9022062430117957,
    "AR": 0.9045983935742967,
    "AP": 0.864367339224717,
    "F1": 0.8840253850294416
}