{
    "AUC": 0.5906018173381038,
    "AR": 0.5950401606425705,
    "AP": 0.4759244604748149,
    "F1": 0.5288581188035761
}