{
    "AUC": 0.8994097668421385,
    "AR": 0.9004618473895575,
    "AP": 0.8570514341809801,
    "F1": 0.8782205242179859
}