{
    "AUC": 0.45051130297713643,
    "AR": 0.4473895582329315,
    "AP": 0.3251220622541645,
    "F1": 0.37658000720288193
}