{
    "AUC": 0.20967336306797552,
    "AR": 0.2228915662650601,
    "AP": 0.13633608882208917,
    "F1": 0.16918610772678727
}