{
    "AUC": 0.03101267686019557,
    "AR": 0.03413654618473896,
    "AP": 0.01765209732289318,
    "F1": 0.023270802041055465
}