{
    "AUC": 0.7623246536605597,
    "AR": 0.759176706827309,
    "AP": 0.6708362809161218,
    "F1": 0.7122778365388597
}