{
    "AUC": 0.9753284507492075,
    "AR": 0.9738955823293183,
    "AP": 0.9631197405073202,
    "F1": 0.9684776877868245
}