{
    "AUC": 0.5762203369417693,
    "AR": 0.5676506024096386,
    "AP": 0.4468599043602449,
    "F1": 0.5000643999448359
}