{
    "AUC": 0.38455575564607325,
    "AR": 0.38684738955823295,
    "AP": 0.26840737666635806,
    "F1": 0.3169231216731507
}