{
    "AUC": 0.11329120344677371,
    "AR": 0.1194176706827309,
    "AP": 0.06649329384711608,
    "F1": 0.085422334151466
}