{
    "AUC": 0.45051130297713643,
    "AR": 0.4473493975903612,
    "AP": 0.3251220611062225,
    "F1": 0.3765657786880986
}