{
    "AUC": 0.9892121785360656,
    "AR": 0.9879518072289146,
    "AP": 0.9840208015473374,
    "F1": 0.9859823862795275
}