{
    "AUC": 0.22863716199633793,
    "AR": 0.24297188755020102,
    "AP": 0.15106300453322344,
    "F1": 0.18629854405213914
}