{
    "AUC": 0.9728043827972956,
    "AR": 0.9728313253012056,
    "AP": 0.9611072578756974,
    "F1": 0.966933754328325
}