{
    "AUC": 0.014558931912556935,
    "AR": 0.016064257028112438,
    "AP": 0.008126485383531189,
    "F1": 0.010793050309477793
}