{
    "AUC": 0.9872539697308729,
    "AR": 0.9864056224899592,
    "AP": 0.9819526594466158,
    "F1": 0.9841741040601069
}