{
    "AUC": 0.8821743183524562,
    "AR": 0.8795180722891572,
    "AP": 0.829098691299864,
    "F1": 0.8535644718570933
}