{
    "AUC": 0.9022075052929107,
    "AR": 0.904638554216867,
    "AP": 0.8644104994871028,
    "F1": 0.8840671352426475
}