{
    "AUC": 0.8412379850383631,
    "AR": 0.8417469879518067,
    "AP": 0.7770242444651945,
    "F1": 0.808091723210977
}