{
    "AUC": 0.012725121448968677,
    "AR": 0.016064257028112438,
    "AP": 0.008140123519287232,
    "F1": 0.010805071933019302
}