{
    "AUC": 0.009737776580848059,
    "AR": 0.0,
    "AP": 1.8810945147702437e-05
}