{
    "AUC": 0.06900548653551865,
    "AR": 0.06982543640897747,
    "AP": 0.03735051398934086
}