{
    "AUC": 0.01072576050510428,
    "AR": 0.0,
    "AP": 3.0448544071105968e-05
}