{
    "AUC": 0.00710050003389372,
    "AR": 0.0,
    "AP": 5.044085792868342e-06
}