{
    "AUC": 0.010672488578053614,
    "AR": 0.0,
    "AP": 3.7218197494573804e-05
}