{
    "AUC": 0.005673987243978863,
    "AR": 0.0,
    "AP": 1.7962297138306695e-06
}