{
    "AUC": 0.007997551085184787,
    "AR": 0.0,
    "AP": 2.5869273137962998e-05
}