{
    "AUC": 0.008338983209896237,
    "AR": 0.0,
    "AP": 1.8658006539576657e-05
}