{
    "AUC": 0.9998216960717745,
    "AR": 0.9975062344139645,
    "AP": 0.9975021590653396
}