{
    "AUC": 0.5567591876949889,
    "AR": 0.43780548628428945,
    "AP": 0.3008705905187882
}