{
    "AUC": 0.47913768005650975,
    "AR": 0.3124438902743142,
    "AP": 0.17448687198888907
}