{
    "AUC": 0.977405887608754,
    "AR": 0.9660598503740649,
    "AP": 0.9553103322300147
}