{
    "AUC": 0.5518309308715944,
    "AR": 0.4041396508728181,
    "AP": 0.25218939093279646
}