{
    "AUC": 0.08626599723586503,
    "AR": 0.0846787148594377,
    "AP": 0.04602758107065394,
    "F1": 0.05963838827222474
}