{
    "AUC": 0.3924797212326782,
    "AR": 0.39242971887550226,
    "AP": 0.2737763219757535,
    "F1": 0.32253674833219254
}