{
    "AUC": 0.899412142892826,
    "AR": 0.9004618473895575,
    "AP": 0.8570514341809801,
    "F1": 0.8782205242179859
}