{
    "AUC": 0.9894805483059836,
    "AR": 0.9879518072289146,
    "AP": 0.9839958248662812,
    "F1": 0.9859698479410928
}