{
    "AUC": 0.9004239715824452,
    "AR": 0.9036144578313248,
    "AP": 0.8627032455706609,
    "F1": 0.8826850617125288
}