{
    "AUC": 0.39291071046174564,
    "AR": 0.39395582329317286,
    "AP": 0.27557795209059294,
    "F1": 0.3243019037689864
}