{
    "AUC": 0.9833223166982143,
    "AR": 0.982429718875501,
    "AP": 0.9759830777955281,
    "F1": 0.9791957879112759
}