{
    "AUC": 0.9160489471138784,
    "AR": 0.9166064257028117,
    "AP": 0.8796675449017278,
    "F1": 0.8977571766157425
}