{
    "AUC": 0.705056266407509,
    "AR": 0.7068273092369474,
    "AP": 0.604398106884932,
    "F1": 0.6516119689944636
}