{
    "AUC": 0.9854709123245812,
    "AR": 0.9849196787148586,
    "AP": 0.9789591371236855,
    "F1": 0.9819303625403583
}