{
    "AUC": 0.9666504056520433,
    "AR": 0.9675810473815472,
    "AP": 0.9518970653167581
}