{
    "AUC": 0.5743872684648244,
    "AR": 0.5763052208835342,
    "AP": 0.4551424749663093,
    "F1": 0.5086074371474919
}