{
    "AUC": 0.8472836645728212,
    "AR": 0.8521485943775098,
    "AP": 0.7913459704902671,
    "F1": 0.8206225573661572
}