{
    "AUC": 0.5762300106588254,
    "AR": 0.5676506024096386,
    "AP": 0.44685978978800905,
    "F1": 0.5000643282053034
}