{
    "AUC": 0.8866370037329023,
    "AR": 0.8915662650602404,
    "AP": 0.8449341951856938,
    "F1": 0.8676241001591212
}