{
    "AUC": 0.7297389420790622,
    "AR": 0.7369477911646592,
    "AP": 0.642042727792156,
    "F1": 0.6862294752217645
}