{
    "AUC": 0.2570543489071572,
    "AR": 0.2603614457831324,
    "AP": 0.16248342889206752,
    "F1": 0.20009428041257354
}