{
    "AUC": 0.5031625508252153,
    "AR": 0.5075702811244983,
    "AP": 0.382311903725596,
    "F1": 0.4361255090951882
}