{
    "AUC": 0.5911700615019688,
    "AR": 0.5929116465863455,
    "AP": 0.47315780867683344,
    "F1": 0.526308626614786
}