{
    "AUC": 0.623404908598167,
    "AR": 0.6265060240963849,
    "AP": 0.510551354359292,
    "F1": 0.5626162851185139
}