{
    "AUC": 0.9349179543156295,
    "AR": 0.9337349397590352,
    "AP": 0.9046208033025945,
    "F1": 0.9189473304767225
}