{
    "AUC": 0.013887871206808117,
    "AR": 0.018072289156626512,
    "AP": 0.009186191259502957,
    "F1": 0.0121808334254449
}