{
    "AUC": 0.9207086824650345,
    "AR": 0.9181325301204826,
    "AP": 0.8835165784037379,
    "F1": 0.9004920077891077
}