{
    "AUC": 0.6212875510213851,
    "AR": 0.6244979919678717,
    "AP": 0.5082869710280483,
    "F1": 0.5604315083966934
}