{
    "AUC": 0.42934227563506694,
    "AR": 0.4294176706827307,
    "AP": 0.30724105522069495,
    "F1": 0.35819772068585093
}