{
    "AUC": 0.3782498205266568,
    "AR": 0.3795180722891565,
    "AP": 0.2626964877679547,
    "F1": 0.31048210624798084
}