{
    "AUC": 0.7390598920094064,
    "AR": 0.7402208835341366,
    "AP": 0.6453008923556461,
    "F1": 0.6895094757758049
}