{
    "AUC": 0.23062776834406978,
    "AR": 0.2447188755020079,
    "AP": 0.15153956243513492,
    "F1": 0.18717376218535006
}