{
    "AUC": 0.061122919581777124,
    "AR": 0.058654618473895664,
    "AP": 0.030998612212055722,
    "F1": 0.04056098723062044
}