{
    "AUC": 0.621294649777481,
    "AR": 0.6244979919678717,
    "AP": 0.5082869366018721,
    "F1": 0.5604314874707069
}