{
    "AUC": 0.6114321346558707,
    "AR": 0.6201807228915662,
    "AP": 0.5021071354339769,
    "F1": 0.5549327900367074
}