{
    "AUC": 0.9892125533973448,
    "AR": 0.9879518072289146,
    "AP": 0.9840207739426184,
    "F1": 0.9859823724220846
}