{
    "AUC": 0.5469884952257662,
    "AR": 0.5479116465863455,
    "AP": 0.42474424716008363,
    "F1": 0.47852960401683375
}