{
    "AUC": 0.012552479205779243,
    "AR": 0.016064257028112438,
    "AP": 0.008141782145647435,
    "F1": 0.010806533040428983
}