{
    "AUC": 0.013896495071193867,
    "AR": 0.018072289156626512,
    "AP": 0.009181888845705402,
    "F1": 0.012177050447780427
}