{
    "AUC": 0.02438419736506556,
    "AR": 0.02419678714859437,
    "AP": 0.012383528665773904,
    "F1": 0.01638266923636305
}