{
    "AUC": 0.5844154948897831,
    "AR": 0.5814257028112443,
    "AP": 0.46087946728465323,
    "F1": 0.5141817883386244
}