{
    "AUC": 0.14954792404814982,
    "AR": 0.1408634538152611,
    "AP": 0.08033774652853717,
    "F1": 0.1023199913034471
}