{
    "AUC": 0.31857846537284223,
    "AR": 0.32329317269076335,
    "AP": 0.214644401702239,
    "F1": 0.2579967376509411
}