{
    "AUC": 0.009969357197576433,
    "AR": 0.012048192771084335,
    "AP": 0.0060840376431097526,
    "F1": 0.008085233495967339
}