{
    "AUC": 0.8309230285307733,
    "AR": 0.8313253012048195,
    "AP": 0.7627174368659725,
    "F1": 0.7955449220943202
}