{
    "AUC": 0.9598025519683884,
    "AR": 0.9586746987951811,
    "AP": 0.9423426122172935,
    "F1": 0.9504384991088067
}