{
    "AUC": 0.942193138867818,
    "AR": 0.9437751004016055,
    "AP": 0.91813935823778,
    "F1": 0.9307807466479887
}