{
    "AUC": 0.9688283480743785,
    "AR": 0.9685341365461854,
    "AP": 0.9551696005742614,
    "F1": 0.961805444878058
}