{
    "AUC": 0.983293127726431,
    "AR": 0.9839357429718868,
    "AP": 0.9770066180213813,
    "F1": 0.9804589382264034
}