{
    "AUC": 0.9239269183868569,
    "AR": 0.9236947791164665,
    "AP": 0.8902722550937018,
    "F1": 0.9066756104312071
}