{
    "AUC": 0.9549619685373794,
    "AR": 0.9578313253012051,
    "AP": 0.9385590652347822,
    "F1": 0.9480972671172495
}