{
    "AUC": 0.013761679370543395,
    "AR": 0.018072289156626512,
    "AP": 0.009178820545339252,
    "F1": 0.01217435185769255
}