{
    "AUC": 0.9400318503035733,
    "AR": 0.9417670682730919,
    "AP": 0.9162063267250112,
    "F1": 0.9288108738004328
}