{
    "AUC": 0.9719828544531894,
    "AR": 0.9718875502008041,
    "AP": 0.9601857153138272,
    "F1": 0.9660011959697554
}