{
    "AUC": 0.64780004717929,
    "AR": 0.6506024096385543,
    "AP": 0.5380372995150464,
    "F1": 0.5889898525923722
}