{
    "AUC": 0.11493003600311615,
    "AR": 0.12218875502008025,
    "AP": 0.067780230518268,
    "F1": 0.08719299056665612
}