{
    "AUC": 0.05772049550860446,
    "AR": 0.060240963855421735,
    "AP": 0.031997569792035815,
    "F1": 0.041795210072845625
}