{
    "AUC": 0.4822522441463755,
    "AR": 0.48829317269076367,
    "AP": 0.3650542293574498,
    "F1": 0.417774724407164
}