{
    "AUC": 0.5788488709876264,
    "AR": 0.5800401606425702,
    "AP": 0.45903866130305465,
    "F1": 0.5124940538097266
}