{
    "AUC": 0.9791306219476528,
    "AR": 0.9779116465863442,
    "AP": 0.9690872967867539,
    "F1": 0.9734794744621924
}