{
    "AUC": 0.010836742397192494,
    "AR": 0.014056224899598381,
    "AP": 0.007117887608829478,
    "F1": 0.009450278400093406
}