{
    "AUC": 0.008311410566773482,
    "AR": 0.010040160642570286,
    "AP": 0.00506205423701495,
    "F1": 0.006730646878788083
}