{
    "AUC": 0.2960489686016795,
    "AR": 0.3012048192771088,
    "AP": 0.19690083351310259,
    "F1": 0.23813212976647288
}