{
    "AUC": 0.09093233707058142,
    "AR": 0.08477911646586342,
    "AP": 0.0441907741494052,
    "F1": 0.05809813081884634
}