{
    "AUC": 0.7447995488188066,
    "AR": 0.7489959839357437,
    "AP": 0.6555598652153888,
    "F1": 0.6991700708413056
}