{
    "AUC": 0.47773925097875497,
    "AR": 0.48594377510040204,
    "AP": 0.361280130582693,
    "F1": 0.41444021904119666
}