{
    "AUC": 0.014972546972382112,
    "AR": 0.016064257028112438,
    "AP": 0.00813851432218942,
    "F1": 0.010803654177148151
}