{
    "AUC": 0.4548783889870866,
    "AR": 0.4598393574297193,
    "AP": 0.33585852464182686,
    "F1": 0.3881899691790419
}