{
    "AUC": 0.8071344962262904,
    "AR": 0.8172690763052207,
    "AP": 0.7447454254815631,
    "F1": 0.7793236301834768
}