{
    "AUC": 0.48430187496851124,
    "AR": 0.495763052208835,
    "AP": 0.3714716969897631,
    "F1": 0.4247107083267188
}