{
    "AUC": 0.6691113575541368,
    "AR": 0.6787148594377508,
    "AP": 0.5701477943969036,
    "F1": 0.6197123101481924
}