{
    "AUC": 0.8200696575681665,
    "AR": 0.8232931726907635,
    "AP": 0.7512343135115916,
    "F1": 0.7856148423256415
}