{
    "AUC": 0.8943616507710092,
    "AR": 0.8935742971887545,
    "AP": 0.8477349146122587,
    "F1": 0.8700512526934042
}