{
    "AUC": 0.5251773863502674,
    "AR": 0.5301204819277111,
    "AP": 0.4058568277132676,
    "F1": 0.4597398139566815
}