{
    "AUC": 0.667674238222298,
    "AR": 0.6767068273092365,
    "AP": 0.56778017502606,
    "F1": 0.6174764704331548
}