{
    "AUC": 0.9385569040791872,
    "AR": 0.9396184738955817,
    "AP": 0.9113356044721418,
    "F1": 0.925260955837394
}