{
    "AUC": 0.49684295532229517,
    "AR": 0.49799196787148575,
    "AP": 0.37375216723656934,
    "F1": 0.4270188229836523
}