{
    "AUC": 0.5330174709049476,
    "AR": 0.5361445783132526,
    "AP": 0.41208697970958275,
    "F1": 0.46600052085474986
}