{
    "AUC": 0.009388260413209054,
    "AR": 0.012048192771084335,
    "AP": 0.006084437918619386,
    "F1": 0.008085586940106516
}