{
    "AUC": 0.1345841380790337,
    "AR": 0.1429919678714859,
    "AP": 0.08173133297590955,
    "F1": 0.10401168098648839
}