{
    "AUC": 0.9768677866196886,
    "AR": 0.9759036144578326,
    "AP": 0.9661316532878829,
    "F1": 0.9709930485250288
}