{
    "AUC": 0.7707508479146268,
    "AR": 0.7730923694779115,
    "AP": 0.6859833701001187,
    "F1": 0.726937601150872
}