{
    "AUC": 0.32658160773766565,
    "AR": 0.32176706827309254,
    "AP": 0.2130908666038826,
    "F1": 0.25638816946288745
}