{
    "AUC": 0.45445750769771337,
    "AR": 0.4568072289156627,
    "AP": 0.3325934894614402,
    "F1": 0.3849277223578418
}