{
    "AUC": 0.4988159499754821,
    "AR": 0.5,
    "AP": 0.3757571555577355,
    "F1": 0.4290654700028462
}