{
    "AUC": 0.4075614584493493,
    "AR": 0.41164658634538176,
    "AP": 0.29072022496424327,
    "F1": 0.34077347124346447
}