{
    "AUC": 0.981207497559636,
    "AR": 0.9819277108433726,
    "AP": 0.9740248721243121,
    "F1": 0.9779603261530968
}