{
    "AUC": 0.01074391826087555,
    "AR": 0.014056224899598381,
    "AP": 0.007116437022776923,
    "F1": 0.00944899981331763
}