{
    "AUC": 0.010769697495016035,
    "AR": 0.014056224899598381,
    "AP": 0.007111215130793444,
    "F1": 0.009444395642018436
}