{
    "AUC": 0.7346688426669441,
    "AR": 0.7389558232931727,
    "AP": 0.6430551178557287,
    "F1": 0.6876780926827266
}