{
    "AUC": 0.19055134724537376,
    "AR": 0.19973895582329304,
    "AP": 0.11966297828458364,
    "F1": 0.14966320351207105
}