{
    "AUC": 0.192551078881579,
    "AR": 0.19451371571072315,
    "AP": 0.11617465065515761
}