{
    "AUC": 0.0019306799109126108,
    "AR": 0.0,
    "AP": 4.957519908781548e-06
}