{
    "AUC": 0.00020220983122717543,
    "AR": 0.0,
    "AP": 9.046521278716918e-06
}