{
    "AUC": 0.0019219289583647145,
    "AR": 0.0011221945137157106,
    "AP": 0.0012499165711026571
}