{
    "AUC": 0.012537760907023703,
    "AR": 0.0,
    "AP": 1.3273167954938126e-05
}