{
    "AUC": 0.012590629580762944,
    "AR": 0.0,
    "AP": 3.2250255511183607e-05
}