{
    "AUC": 0.02105042059936849,
    "AR": 0.0,
    "AP": 5.675505420011248e-05
}