{
    "AUC": 0.015130772254571968,
    "AR": 0.0,
    "AP": 2.9693230081026312e-05
}