{
    "AUC": 0.6158866890452855,
    "AR": 0.494364089775561,
    "AP": 0.34586526173283666
}