{
    "AUC": 0.5841150719199499,
    "AR": 0.45633416458852877,
    "AP": 0.31530895761728617
}