{
    "AUC": 0.7760506339096728,
    "AR": 0.7742144638403995,
    "AP": 0.6905164941891203
}