{
    "AUC": 0.9654928763738659,
    "AR": 0.9631421446384042,
    "AP": 0.9465813495797897
}