{
    "AUC": 0.6071241020179395,
    "AR": 0.4404488778054862,
    "AP": 0.2895762243481463
}