{
    "AUC": 0.13057918338123606,
    "AR": 0.13855421686747,
    "AP": 0.07903813898448207,
    "F1": 0.10065672947728158
}