{
    "AUC": 0.9814598520161868,
    "AR": 0.9819277108433726,
    "AP": 0.9740248721243121,
    "F1": 0.9779603261530968
}