{
    "AUC": 0.8434112376452718,
    "AR": 0.846309226932669,
    "AP": 0.7821103100974593
}