{
    "AUC": 0.6250860726198614,
    "AR": 0.6260441767068267,
    "AP": 0.5095418639851029,
    "F1": 0.5618169038813594
}