{
    "AUC": 0.2742746852507518,
    "AR": 0.2889357429718876,
    "AP": 0.1854041904471173,
    "F1": 0.22587133716873292
}