{
    "AUC": 0.591971706949399,
    "AR": 0.5943775100401608,
    "AP": 0.4747407138162877,
    "F1": 0.5278652951494381
}