{
    "AUC": 0.00969751510872854,
    "AR": 0.012048192771084335,
    "AP": 0.0060831561540278765,
    "F1": 0.008084455084180368
}