{
    "AUC": 0.4980575676168431,
    "AR": 0.501546184738956,
    "AP": 0.37625855129162095,
    "F1": 0.42996131857084396
}