{
    "AUC": 0.9583941086685572,
    "AR": 0.9578313253012051,
    "AP": 0.939543002569928,
    "F1": 0.9485990256216317
}