{
    "AUC": 0.836077893846675,
    "AR": 0.8373493975903622,
    "AP": 0.77080617153971,
    "F1": 0.8027010517979372
}