{
    "AUC": 0.009422656457264136,
    "AR": 0.012048192771084335,
    "AP": 0.006086414624013294,
    "F1": 0.008087332146455236
}