{
    "AUC": 0.09211287084631478,
    "AR": 0.09664658634538151,
    "AP": 0.05302629974612806,
    "F1": 0.06848015015701578
}