{
    "AUC": 0.80498052448673,
    "AR": 0.8136746987951802,
    "AP": 0.7408312153203346,
    "F1": 0.7755462497893681
}