{
    "AUC": 0.6237276125286364,
    "AR": 0.6265060240963849,
    "AP": 0.5111131815614007,
    "F1": 0.56295724553654
}