{
    "AUC": 0.6456967607763111,
    "AR": 0.6465863453815267,
    "AP": 0.53340592328683,
    "F1": 0.5845682140478913
}