{
    "AUC": 0.03617037130443754,
    "AR": 0.03815261044176708,
    "AP": 0.019834061082504247,
    "F1": 0.026099832463819167
}