{
    "AUC": 0.8070963937605812,
    "AR": 0.8172690763052207,
    "AP": 0.7447459865836609,
    "F1": 0.7793239373909256
}