{
    "AUC": 0.6747294232628888,
    "AR": 0.6847389558232934,
    "AP": 0.5791319054967905,
    "F1": 0.6275232516075809
}