{
    "AUC": 0.6069765624127651,
    "AR": 0.6100200803212853,
    "AP": 0.49090887001350725,
    "F1": 0.5440210618950551
}