{
    "AUC": 0.9309319587005488,
    "AR": 0.9317269076305232,
    "AP": 0.9007943241779998,
    "F1": 0.9159995480643809
}