{
    "AUC": 0.5028472598777239,
    "AR": 0.5080321285140567,
    "AP": 0.383324040629318,
    "F1": 0.43695423897424573
}