{
    "AUC": 0.010725223695807995,
    "AR": 0.014056224899598381,
    "AP": 0.007115651216967513,
    "F1": 0.009448307109121656
}