{
    "AUC": 0.3925677642888811,
    "AR": 0.39558232931726933,
    "AP": 0.2761912842516949,
    "F1": 0.32527741296941326
}