{
    "AUC": 0.48879135896163833,
    "AR": 0.48995983935742915,
    "AP": 0.3657462686649283,
    "F1": 0.418837685884475
}