{
    "AUC": 0.4448945095888169,
    "AR": 0.4497991967871482,
    "AP": 0.32626279766955146,
    "F1": 0.37819850831899016
}