{
    "AUC": 0.9516993761547939,
    "AR": 0.9538152610441766,
    "AP": 0.9327046617051707,
    "F1": 0.943141845101668
}