{
    "AUC": 0.12317511589550822,
    "AR": 0.1305220883534137,
    "AP": 0.07393050334919414,
    "F1": 0.09439414399003467
}