{
    "AUC": 0.13460387826701842,
    "AR": 0.14295180722891562,
    "AP": 0.08173133297590955,
    "F1": 0.10400105451155366
}