{
    "AUC": 0.9895943864054466,
    "AR": 0.9887751004016054,
    "AP": 0.9849641100583275,
    "F1": 0.9868659260084869
}