{
    "AUC": 0.7281125911317077,
    "AR": 0.7309236947791167,
    "AP": 0.6331240454776853,
    "F1": 0.6785178449647649
}