{
    "AUC": 0.8508953885638137,
    "AR": 0.8541566265060234,
    "AP": 0.7932744907124105,
    "F1": 0.8225905845753859
}