{
    "AUC": 0.9365434167748691,
    "AR": 0.9357429718875494,
    "AP": 0.907475410890721,
    "F1": 0.9213924360083906
}