{
    "AUC": 0.48879151788261715,
    "AR": 0.48995983935742915,
    "AP": 0.3657462656771047,
    "F1": 0.41883768392537485
}