{
    "AUC": 0.9519988874456067,
    "AR": 0.9558232931726908,
    "AP": 0.9356298433169298,
    "F1": 0.9456187740284984
}