{
    "AUC": 0.8614740787726408,
    "AR": 0.8614457831325298,
    "AP": 0.8033578283182657,
    "F1": 0.8313884097694738
}