{
    "AUC": 0.9512335845033608,
    "AR": 0.9497991967871482,
    "AP": 0.9278336043856286,
    "F1": 0.9386879177304092
}