{
    "AUC": 0.774368458289115,
    "AR": 0.7876506024096389,
    "AP": 0.7053210292230776,
    "F1": 0.7442157932394159
}