{
    "AUC": 0.9876019786610627,
    "AR": 0.985943775100401,
    "AP": 0.9809831482903306,
    "F1": 0.9834572062981631
}