{
    "AUC": 0.8660248243730206,
    "AR": 0.8654618473895583,
    "AP": 0.8088773414845858,
    "F1": 0.836213454149075
}