{
    "AUC": 0.21223153336926986,
    "AR": 0.2011445783132529,
    "AP": 0.12094303395587033,
    "F1": 0.15105849860908213
}