{
    "AUC": 0.9768660850297742,
    "AR": 0.9759036144578326,
    "AP": 0.966131741921862,
    "F1": 0.9709930932891282
}