{
    "AUC": 0.5989163508804127,
    "AR": 0.6021485943775107,
    "AP": 0.482013360464719,
    "F1": 0.5354249264672786
}