{
    "AUC": 0.9101000246178108,
    "AR": 0.9116465863453818,
    "AP": 0.8722091585658529,
    "F1": 0.8914919317372317
}