{
    "AUC": 0.42515727391089986,
    "AR": 0.4297188755020078,
    "AP": 0.30737436668201984,
    "F1": 0.35839310320460716
}