{
    "AUC": 0.01711344126854544,
    "AR": 0.015441767068273084,
    "AP": 0.008154946740086133,
    "F1": 0.010673247896914609
}