{
    "AUC": 0.9392395341530111,
    "AR": 0.9343574297188748,
    "AP": 0.909894936969053,
    "F1": 0.921963945907715
}