{
    "AUC": 0.9500874293314272,
    "AR": 0.9150602409638552,
    "AP": 0.8962733409594691,
    "F1": 0.9055693634046134
}