{
    "AUC": 0.9585542406769512,
    "AR": 0.9538152610441766,
    "AP": 0.9374214255875506,
    "F1": 0.9455472898504569
}