{
    "AUC": 0.9697000637372295,
    "AR": 0.9625301204819283,
    "AP": 0.9511647045135886,
    "F1": 0.9568136629472958
}