{
    "AUC": 0.9372105360319878,
    "AR": 0.9337349397590352,
    "AP": 0.9083421706792423,
    "F1": 0.9208635373770827
}