{
    "AUC": 0.5588865717999562,
    "AR": 0.5072289156626505,
    "AP": 0.388419273381474,
    "F1": 0.43994391831467994
}