{
    "AUC": 0.9480916876333858,
    "AR": 0.8838152610441772,
    "AP": 0.8712468218613946,
    "F1": 0.8774860385822236
}