{
    "AUC": 0.9871193315977477,
    "AR": 0.9699397590361449,
    "AP": 0.9660034876582325,
    "F1": 0.9679676216202819
}