{
    "AUC": 0.8420182251285796,
    "AR": 0.8434939759036146,
    "AP": 0.7810456046315898,
    "F1": 0.8110695120099178
}