{
    "AUC": 0.990520335229528,
    "AR": 0.979819277108434,
    "AP": 0.9775723393199606,
    "F1": 0.9786945185567311
}