{
    "AUC": 0.9500818905982199,
    "AR": 0.9150200803212849,
    "AP": 0.8962735197118231,
    "F1": 0.905549788263551
}