{
    "AUC": 0.9557606890051603,
    "AR": 0.8997389558232923,
    "AP": 0.8884145346586023,
    "F1": 0.8940408863184897
}