{
    "AUC": 0.9391054413733365,
    "AR": 0.9337349397590352,
    "AP": 0.9092911509802467,
    "F1": 0.9213509481500561
}