{
    "AUC": 0.834745726282169,
    "AR": 0.8388353413654627,
    "AP": 0.7759048968573499,
    "F1": 0.8061438411156504
}