{
    "AUC": 0.9855343357204204,
    "AR": 0.9717469879518079,
    "AP": 0.9673720355647392,
    "F1": 0.9695545764737044
}