{
    "AUC": 0.829217858741029,
    "AR": 0.8289959839357435,
    "AP": 0.7650785837851651,
    "F1": 0.7957558400294263
}