{
    "AUC": 0.5034021850488462,
    "AR": 0.42604417670682737,
    "AP": 0.30968053424309677,
    "F1": 0.35866020616156996
}