{
    "AUC": 0.9602855176130544,
    "AR": 0.9527710843373492,
    "AP": 0.9352478231345157,
    "F1": 0.9439281344541267
}