{
    "AUC": 0.945357882328304,
    "AR": 0.9377309236947788,
    "AP": 0.9144880488282903,
    "F1": 0.9259636527396689
}