{
    "AUC": 0.954020315743747,
    "AR": 0.9487951807228909,
    "AP": 0.9310770613089537,
    "F1": 0.9398526228535081
}