{
    "AUC": 0.024588331052495055,
    "AR": 0.028112449799196762,
    "AP": 0.01468212793841395,
    "F1": 0.019289854296250897
}