{
    "AUC": 0.5185381193947204,
    "AR": 0.49154618473895534,
    "AP": 0.3726991859575325,
    "F1": 0.42395104243393555
}