{
    "AUC": 0.9602753052009031,
    "AR": 0.9527710843373492,
    "AP": 0.9352484322781711,
    "F1": 0.943928444705733
}