{
    "AUC": 0.6869150768358777,
    "AR": 0.6960843373493976,
    "AP": 0.5907745673214969,
    "F1": 0.6391204532590622
}