{
    "AUC": 0.8293417916472179,
    "AR": 0.8306224899598394,
    "AP": 0.7661916718473369,
    "F1": 0.7971072019252016
}