{
    "AUC": 0.959474855671904,
    "AR": 0.9538152610441766,
    "AP": 0.9373438712020179,
    "F1": 0.9455078358602372
}