{
    "AUC": 0.0218000715734224,
    "AR": 0.026104417670682747,
    "AP": 0.013574608050709359,
    "F1": 0.017861186449468967
}