{
    "AUC": 0.7816020329772443,
    "AR": 0.7842771084337351,
    "AP": 0.70456117833396,
    "F1": 0.7422850534802797
}