{
    "AUC": 0.9456966045413512,
    "AR": 0.8624698795180723,
    "AP": 0.8370864087200136,
    "F1": 0.8495885885879273
}