{
    "AUC": 0.9604379655551668,
    "AR": 0.9564859437751005,
    "AP": 0.9403965121124116,
    "F1": 0.9483729923473898
}