{
    "AUC": 0.979529212524824,
    "AR": 0.9688755020080326,
    "AP": 0.9600433131436512,
    "F1": 0.964439187035837
}