{
    "AUC": 0.9476081776910283,
    "AR": 0.8812449799196789,
    "AP": 0.8669218579422816,
    "F1": 0.8740247426597181
}