{
    "AUC": 0.985707236832166,
    "AR": 0.9656827309236955,
    "AP": 0.9612251688372914,
    "F1": 0.9634487939880513
}