{
    "AUC": 0.5546440248107641,
    "AR": 0.5263654618473896,
    "AP": 0.4105639275568608,
    "F1": 0.46130834146158517
}