{
    "AUC": 0.4997563736494222,
    "AR": 0.3929718875502007,
    "AP": 0.28327918479430486,
    "F1": 0.3292290703994314
}