{
    "AUC": 0.9867837501677922,
    "AR": 0.973574297188756,
    "AP": 0.968971462658108,
    "F1": 0.9712674267479767
}