{
    "AUC": 0.9649589869803077,
    "AR": 0.9531325301204818,
    "AP": 0.9373834716842308,
    "F1": 0.9451924016581839
}