{
    "AUC": 0.9604880114110484,
    "AR": 0.9452008032128507,
    "AP": 0.9302183774184811,
    "F1": 0.9376497442063262
}