{
    "AUC": 0.957527722426434,
    "AR": 0.9360441767068277,
    "AP": 0.9183631895290345,
    "F1": 0.927119392763699
}