{
    "AUC": 0.29687832718611734,
    "AR": 0.29991967871485964,
    "AP": 0.19683733244787424,
    "F1": 0.23768316573398865
}