{
    "AUC": 0.9600438606303517,
    "AR": 0.9558232931726908,
    "AP": 0.9402972236838203,
    "F1": 0.947996692101213
}