{
    "AUC": 0.699481041047306,
    "AR": 0.6940562248995984,
    "AP": 0.5948589789857559,
    "F1": 0.640640402189261
}