{
    "AUC": 0.9540528197004575,
    "AR": 0.9487951807228909,
    "AP": 0.9310834069241108,
    "F1": 0.9398558557405415
}