{
    "AUC": 0.8074826379249717,
    "AR": 0.6209638554216868,
    "AP": 0.5297988282645136,
    "F1": 0.5717702314489286
}