{
    "AUC": 0.9541016054987405,
    "AR": 0.9488755020080315,
    "AP": 0.9312380010039858,
    "F1": 0.9399740220747351
}