{
    "AUC": 0.9507521303755673,
    "AR": 0.9205020080321282,
    "AP": 0.8985546542844485,
    "F1": 0.9093959311219112
}