{
    "AUC": 0.9602002060589848,
    "AR": 0.9446787148594369,
    "AP": 0.928323054707582,
    "F1": 0.9364294733136034
}