{
    "AUC": 0.49976532563870946,
    "AR": 0.39301204819277097,
    "AP": 0.28328957520080716,
    "F1": 0.32925018166498293
}