{
    "AUC": 0.985831813016743,
    "AR": 0.9722891566265067,
    "AP": 0.9665131319831317,
    "F1": 0.9693925404206386
}