{
    "AUC": 0.021250531134778018,
    "AR": 0.026104417670682747,
    "AP": 0.013550566957254031,
    "F1": 0.017840362962970903
}