{
    "AUC": 0.7028702502834948,
    "AR": 0.683413654618474,
    "AP": 0.5866877199328742,
    "F1": 0.6313675535399486
}