{
    "AUC": 0.49853268118715316,
    "AR": 0.3968072289156626,
    "AP": 0.28557367843410775,
    "F1": 0.3321244740882152
}