{
    "AUC": 0.9494452444343151,
    "AR": 0.9421686746987943,
    "AP": 0.9211374977855714,
    "F1": 0.9315343965687178
}