{
    "AUC": 0.0059769259478528545,
    "AR": 0.0,
    "AP": 1.0902631534798152e-06
}