{
    "AUC": 0.019654285863762173,
    "AR": 0.0199501246882793,
    "AP": 0.010140280768059149
}