{
    "AUC": 0.31112727541861646,
    "AR": 0.30922693266832946,
    "AP": 0.20315094656712696
}