{
    "AUC": 0.8888466953607053,
    "AR": 0.8902743142144629,
    "AP": 0.8414313343822488
}