{
    "AUC": 0.2810864025289739,
    "AR": 0.2693266832917705,
    "AP": 0.1729034691070914
}