{
    "AUC": 0.005144997521275974,
    "AR": 0.0,
    "AP": 2.101407823056069e-05
}