{
    "AUC": 0.09984259187982708,
    "AR": 0.09413965087281799,
    "AP": 0.04981927035375131
}