{
    "AUC": 0.03884545435705625,
    "AR": 0.033715710723191995,
    "AP": 0.0131083819104763
}