{
    "AUC": 0.9242808975805878,
    "AR": 0.8916708229426438,
    "AP": 0.8495917093186082
}