{
    "AUC": 0.9662066964606216,
    "AR": 0.8545386533665836,
    "AP": 0.8196019143580408
}