{
    "AUC": 0.4139888292214854,
    "AR": 0.2480049875311721,
    "AP": 0.12061595982030159
}