{
    "AUC": 0.5232646974589604,
    "AR": 0.3460099750623442,
    "AP": 0.20401609914119972
}