{
    "AUC": 0.8239765480918653,
    "AR": 0.8228179551122197,
    "AP": 0.7522020259223893
}