{
    "AUC": 0.9707544343449945,
    "AR": 0.9638755020080325,
    "AP": 0.9505641863631032,
    "F1": 0.9571735666440826
}