{
    "AUC": 0.9525363889849735,
    "AR": 0.8992771084337343,
    "AP": 0.8871317777244888,
    "F1": 0.8931631566023202
}