{
    "AUC": 0.9901670351323565,
    "AR": 0.9800602409638557,
    "AP": 0.9775688196650136,
    "F1": 0.9788129449323484
}