{
    "AUC": 0.9846233515925538,
    "AR": 0.9621887550200804,
    "AP": 0.9577121743015987,
    "F1": 0.9599452457001569
}