{
    "AUC": 0.9405855394892374,
    "AR": 0.9346987951807231,
    "AP": 0.9097078885021139,
    "F1": 0.9220340338948186
}