{
    "AUC": 0.9585823119567608,
    "AR": 0.9578112449799199,
    "AP": 0.940363061951902,
    "F1": 0.9490069608592921
}