{
    "AUC": 0.9692013295643219,
    "AR": 0.9276104417670687,
    "AP": 0.916735744416511,
    "F1": 0.9221410332097156
}