{
    "AUC": 0.02492584633446859,
    "AR": 0.028112449799196762,
    "AP": 0.014627013464146571,
    "F1": 0.019242224881924223
}