{
    "AUC": 0.9791917527660499,
    "AR": 0.9732128514056233,
    "AP": 0.9659873771755557,
    "F1": 0.9695866532056846
}