{
    "AUC": 0.8292258404919367,
    "AR": 0.8290763052208839,
    "AP": 0.7650782620742427,
    "F1": 0.7957926687141605
}