{
    "AUC": 0.8956404411909853,
    "AR": 0.8418875502008037,
    "AP": 0.7996657133263702,
    "F1": 0.8202336449630183
}