{
    "AUC": 0.9373233301716077,
    "AR": 0.9337349397590352,
    "AP": 0.908348330222907,
    "F1": 0.9208667026319832
}