{
    "AUC": 0.9879101297010557,
    "AR": 0.9766265060240974,
    "AP": 0.9735297236756192,
    "F1": 0.9750756560568734
}