{
    "AUC": 0.9630059759832501,
    "AR": 0.959096385542169,
    "AP": 0.9442637595000505,
    "F1": 0.9516222782051265
}