{
    "AUC": 0.42528788184934624,
    "AR": 0.4214257028112449,
    "AP": 0.3017820075722217,
    "F1": 0.3517072420853421
}