{
    "AUC": 0.9408373239049952,
    "AR": 0.8580722891566264,
    "AP": 0.8313010580079531,
    "F1": 0.844474553858009
}