{
    "AUC": 0.9466081064345487,
    "AR": 0.9333132530120494,
    "AP": 0.9136011739077594,
    "F1": 0.9233520201556152
}