{
    "AUC": 0.9608064115689432,
    "AR": 0.9316265060240969,
    "AP": 0.9179278798096224,
    "F1": 0.9247264638435215
}