{
    "AUC": 0.02115666054046695,
    "AR": 0.026104417670682747,
    "AP": 0.013533060743224863,
    "F1": 0.01782518384821923
}