{
    "AUC": 0.9816209144925284,
    "AR": 0.9766465863453827,
    "AP": 0.9697963363447865,
    "F1": 0.973209407067889
}