{
    "AUC": 0.48435735663308377,
    "AR": 0.49106425702811285,
    "AP": 0.36853869832181474,
    "F1": 0.4210692412145975
}