{
    "AUC": 0.9718294170330932,
    "AR": 0.9618875502008037,
    "AP": 0.9501838516522301,
    "F1": 0.9559998820340887
}