{
    "AUC": 0.9711087709686111,
    "AR": 0.9628514056224905,
    "AP": 0.9519171857932861,
    "F1": 0.9573530759657719
}