{
    "AUC": 0.02424115064910806,
    "AR": 0.024598393574297182,
    "AP": 0.012558945666785221,
    "F1": 0.01662820291762085
}