{
    "AUC": 0.9817651636195172,
    "AR": 0.9643172690763055,
    "AP": 0.9576611640812406,
    "F1": 0.960977691024443
}