{
    "AUC": 0.9842682993758056,
    "AR": 0.969096385542169,
    "AP": 0.9631948866262173,
    "F1": 0.966136624065675
}