{
    "AUC": 0.025870547637418074,
    "AR": 0.030120481927710867,
    "AP": 0.015689604761487497,
    "F1": 0.020632069957760662
}