{
    "AUC": 0.6140550904181699,
    "AR": 0.600080321285141,
    "AP": 0.48603859060910815,
    "F1": 0.5370723047276956
}