{
    "AUC": 0.842680952990273,
    "AR": 0.7483534136546184,
    "AP": 0.6853709108298262,
    "F1": 0.7154787736805819
}