{
    "AUC": 0.9687086727969145,
    "AR": 0.9647590361445791,
    "AP": 0.9529978557483819,
    "F1": 0.9588423815827187
}