{
    "AUC": 0.985946765190123,
    "AR": 0.9760843373493987,
    "AP": 0.9718948588130533,
    "F1": 0.9739850929688405
}