{
    "AUC": 0.9620968536723581,
    "AR": 0.9578313253012051,
    "AP": 0.9424156244456826,
    "F1": 0.9500609451498996
}