{
    "AUC": 0.9624086060648638,
    "AR": 0.9598393574297194,
    "AP": 0.9443996340580828,
    "F1": 0.9520569024825357
}