{
    "AUC": 0.9666555698250712,
    "AR": 0.9578514056224903,
    "AP": 0.9458075304442077,
    "F1": 0.9517913690528641
}