{
    "AUC": 0.5830333192472135,
    "AR": 0.5694176706827313,
    "AP": 0.45072523150764576,
    "F1": 0.5031665875279947
}