{
    "AUC": 0.9704189229291821,
    "AR": 0.9518273092369475,
    "AP": 0.9362485982444675,
    "F1": 0.9439736829570949
}