{
    "AUC": 0.9755277882929334,
    "AR": 0.9599196787148597,
    "AP": 0.9492112650363311,
    "F1": 0.9545354398539875
}