{
    "AUC": 0.960247407829755,
    "AR": 0.9446385542168666,
    "AP": 0.9283219128466751,
    "F1": 0.9364091608128626
}