{
    "AUC": 0.9538369491792054,
    "AR": 0.9517068273092367,
    "AP": 0.9324642495010916,
    "F1": 0.9419872785376661
}