{
    "AUC": 0.9609478454357973,
    "AR": 0.9540361445783132,
    "AP": 0.9393487045063348,
    "F1": 0.9466354575458963
}