{
    "AUC": 0.8355473041292524,
    "AR": 0.7043574297188757,
    "AP": 0.6266421174586694,
    "F1": 0.6632309261753723
}