{
    "AUC": 0.023787688065695617,
    "AR": 0.02720883534136548,
    "AP": 0.013609432230825436,
    "F1": 0.018143680400109934
}