{
    "AUC": 0.9181209487071091,
    "AR": 0.907871485943775,
    "AP": 0.8727987730458843,
    "F1": 0.8899897271993155
}