{
    "AUC": 0.09151442405938699,
    "AR": 0.09331325301204822,
    "AP": 0.05090311629461491,
    "F1": 0.06587234712310369
}