{
    "AUC": 0.8984589887936023,
    "AR": 0.8917469879518067,
    "AP": 0.8516654530216398,
    "F1": 0.8712454776915585
}