{
    "AUC": 0.9662527259657404,
    "AR": 0.9340963855421696,
    "AP": 0.9221772743969695,
    "F1": 0.9280985637339498
}