{
    "AUC": 0.9600518110263508,
    "AR": 0.9507028112449796,
    "AP": 0.9339170594809478,
    "F1": 0.9422351824998902
}