{
    "AUC": 0.9502289265725745,
    "AR": 0.8794979919678714,
    "AP": 0.8622670161684547,
    "F1": 0.8707972725571346
}