{
    "AUC": 0.98797650869098,
    "AR": 0.9748795180722902,
    "AP": 0.9706024875575971,
    "F1": 0.9727363014119057
}