{
    "AUC": 0.708379756560239,
    "AR": 0.7016465863453819,
    "AP": 0.5997882798937225,
    "F1": 0.6467314039826573
}