{
    "AUC": 0.022931152272045258,
    "AR": 0.028112449799196762,
    "AP": 0.01458674797489841,
    "F1": 0.01920735009343188
}