{
    "AUC": 0.9475970364881618,
    "AR": 0.8812048192771086,
    "AP": 0.8669126754774811,
    "F1": 0.8740003229936358
}