{
    "AUC": 0.9417556385894859,
    "AR": 0.8580722891566264,
    "AP": 0.8315135997552647,
    "F1": 0.8445842057385631
}