{
    "AUC": 0.02181330363470689,
    "AR": 0.026104417670682747,
    "AP": 0.013570731031062482,
    "F1": 0.017857830028285046
}