{
    "AUC": 0.8074909183576015,
    "AR": 0.6208433734939759,
    "AP": 0.5297785408624833,
    "F1": 0.5717073391527379
}