{
    "AUC": 0.8104742878673596,
    "AR": 0.6339959839357429,
    "AP": 0.5376384911803771,
    "F1": 0.5818549239665365
}