{
    "AUC": 0.9671288167746361,
    "AR": 0.9598393574297194,
    "AP": 0.9463373778182718,
    "F1": 0.9530405484868566
}