{
    "AUC": 0.5326845798195811,
    "AR": 0.47676706827309256,
    "AP": 0.36353334989733005,
    "F1": 0.41252086920869524
}