{
    "AUC": 0.9755449200983484,
    "AR": 0.9739401496259356,
    "AP": 0.9628678330335249
}