{
    "AUC": 0.9846201221970524,
    "AR": 0.9776104417670696,
    "AP": 0.9725195810883537,
    "F1": 0.9750583665214371
}