{
    "AUC": 0.9825857358759935,
    "AR": 0.9795381526104407,
    "AP": 0.9719485433222836,
    "F1": 0.975728589431429
}