{
    "AUC": 0.8575369340371723,
    "AR": 0.8383132530120486,
    "AP": 0.7764770408997349,
    "F1": 0.806211179866538
}