{
    "AUC": 0.7918573000841319,
    "AR": 0.7821084337349402,
    "AP": 0.7020342675265504,
    "F1": 0.7399112240847876
}