{
    "AUC": 0.8713291290339982,
    "AR": 0.8725702811244985,
    "AP": 0.8204581328283335,
    "F1": 0.8457121897221098
}