{
    "AUC": 0.9090593678255511,
    "AR": 0.8975301204819273,
    "AP": 0.858798556882056,
    "F1": 0.877737273395686
}