{
    "AUC": 0.3495272664939135,
    "AR": 0.36144578313252995,
    "AP": 0.2473559215898552,
    "F1": 0.2937105927858172
}