{
    "AUC": 0.39137107984295294,
    "AR": 0.39518072289156647,
    "AP": 0.27567889197931666,
    "F1": 0.3247862336721524
}