{
    "AUC": 0.5381046824350818,
    "AR": 0.49626506024096334,
    "AP": 0.380342933867383,
    "F1": 0.43063926009461523
}