{
    "AUC": 0.048616572270432645,
    "AR": 0.050200803212851385,
    "AP": 0.026411953093762024,
    "F1": 0.03461306768341798
}