{
    "AUC": 0.019169583740366872,
    "AR": 0.02409638554216867,
    "AP": 0.012433632709395582,
    "F1": 0.01640325528402854
}