{
    "AUC": 0.7411806949318818,
    "AR": 0.7404216867469879,
    "AP": 0.6458511089510174,
    "F1": 0.6899106279239136
}