{
    "AUC": 0.5449693722765964,
    "AR": 0.43208835341365454,
    "AP": 0.3271240052572855,
    "F1": 0.3723502948269654
}