{
    "AUC": 0.9784779696362936,
    "AR": 0.9678714859437757,
    "AP": 0.9592067583167111,
    "F1": 0.963519642509975
}