{
    "AUC": 0.03612198795180723,
    "AR": 0.03815261044176708,
    "AP": 0.019839770621787493,
    "F1": 0.026104775348249086
}