{
    "AUC": 0.9711849205138819,
    "AR": 0.9537550200803211,
    "AP": 0.9444936382645353,
    "F1": 0.9491017364544614
}