{
    "AUC": 0.9720858866774115,
    "AR": 0.9638755020080328,
    "AP": 0.9530531279136291,
    "F1": 0.9584337651064413
}