{
    "AUC": 0.6550496042065672,
    "AR": 0.6606425702811239,
    "AP": 0.5502624741251617,
    "F1": 0.6004216712360576
}