{
    "AUC": 0.915098598559482,
    "AR": 0.91566265060241,
    "AP": 0.8806609541944121,
    "F1": 0.8978207951466648
}