{
    "AUC": 0.8781651550484468,
    "AR": 0.8805823293172697,
    "AP": 0.8308040878241266,
    "F1": 0.8549692711532538
}