{
    "AUC": 0.9711824674262661,
    "AR": 0.9537550200803211,
    "AP": 0.9444938210917606,
    "F1": 0.9491018287622385
}