{
    "AUC": 0.8328678289886597,
    "AR": 0.8316064257028114,
    "AP": 0.763318853120655,
    "F1": 0.7960007550742414
}