{
    "AUC": 0.9712617019866151,
    "AR": 0.9553012048192772,
    "AP": 0.945584003264073,
    "F1": 0.9504177671904903
}