{
    "AUC": 0.7578412180270222,
    "AR": 0.7457630522088355,
    "AP": 0.6547605038922674,
    "F1": 0.6973052180683816
}