{
    "AUC": 0.8050762053625478,
    "AR": 0.8006224899598388,
    "AP": 0.7255516431096074,
    "F1": 0.7612407398526305
}