{
    "AUC": 0.9655543150146797,
    "AR": 0.9618473895582336,
    "AP": 0.947390230874546,
    "F1": 0.9545640738559262
}