{
    "AUC": 0.9864670590265446,
    "AR": 0.9794578313253005,
    "AP": 0.9737953525799208,
    "F1": 0.9766183841929085
}