{
    "AUC": 0.5449306566958759,
    "AR": 0.43208835341365454,
    "AP": 0.32712368809242465,
    "F1": 0.37235008936387076
}