{
    "AUC": 0.9750806245750782,
    "AR": 0.9636546184738961,
    "AP": 0.9540956430352976,
    "F1": 0.9588513075245158
}