{
    "AUC": 0.9527583561452757,
    "AR": 0.955722891566265,
    "AP": 0.9355534760874707,
    "F1": 0.9455306360015701
}