{
    "AUC": 0.9825599105848941,
    "AR": 0.97624497991968,
    "AP": 0.9699974618007066,
    "F1": 0.9731111934654015
}