{
    "AUC": 0.014652780217078226,
    "AR": 0.016064257028112438,
    "AP": 0.008163528983830513,
    "F1": 0.010825671630751045
}