{
    "AUC": 0.9755500529726265,
    "AR": 0.9688554216867474,
    "AP": 0.9587703499991238,
    "F1": 0.9637865039921536
}