{
    "AUC": 0.019093482570143705,
    "AR": 0.02409638554216867,
    "AP": 0.012443492716275003,
    "F1": 0.016411833441904916
}