{
    "AUC": 0.917540348040894,
    "AR": 0.9207831325301208,
    "AP": 0.886297663977,
    "F1": 0.9032113461315893
}