{
    "AUC": 0.015329012316964125,
    "AR": 0.018072289156626512,
    "AP": 0.009195979136673573,
    "F1": 0.012189435152147416
}