{
    "AUC": 0.5665971023367841,
    "AR": 0.4993373493975905,
    "AP": 0.39124103119662806,
    "F1": 0.43872895132027306
}