{
    "AUC": 0.7690346918949347,
    "AR": 0.7423293172690762,
    "AP": 0.6609653998934912,
    "F1": 0.6992885928246199
}