{
    "AUC": 0.6517411007086625,
    "AR": 0.5951204819277105,
    "AP": 0.4925037221237351,
    "F1": 0.5389711839248561
}