{
    "AUC": 0.9241722674760738,
    "AR": 0.8800602409638555,
    "AP": 0.8517407197713555,
    "F1": 0.8656689308712269
}