{
    "AUC": 0.9334631164099475,
    "AR": 0.8915261044176719,
    "AP": 0.8699078486980419,
    "F1": 0.8805843150466114
}