{
    "AUC": 0.877410606986042,
    "AR": 0.8790361445783137,
    "AP": 0.8286912894858741,
    "F1": 0.8531216183857523
}