{
    "AUC": 0.9580860364246292,
    "AR": 0.9535140562248995,
    "AP": 0.9350422173608685,
    "F1": 0.9441878009009143
}