{
    "AUC": 0.9577627681865029,
    "AR": 0.9594979919678719,
    "AP": 0.9414446310626621,
    "F1": 0.9503855846143009
}