{
    "AUC": 0.6287804653973779,
    "AR": 0.5591365461847393,
    "AP": 0.4558929096695273,
    "F1": 0.502264018984941
}