{
    "AUC": 0.9602925805615188,
    "AR": 0.9618473895582336,
    "AP": 0.9453907722359982,
    "F1": 0.9535480828804247
}