{
    "AUC": 0.9631569468121559,
    "AR": 0.9638554216867478,
    "AP": 0.9483543544152491,
    "F1": 0.9560420594090894
}