{
    "AUC": 0.9573845316226605,
    "AR": 0.9585742971887553,
    "AP": 0.9413452233058521,
    "F1": 0.9498816408891781
}