{
    "AUC": 0.027095971212270812,
    "AR": 0.02743142144638401,
    "AP": 0.014126359467008777
}