{
    "AUC": 0.32638480173673734,
    "AR": 0.32917705735660824,
    "AP": 0.21876729622328217
}