{
    "AUC": 0.010119681915412852,
    "AR": 0.0,
    "AP": 8.789729836596997e-06
}