{
    "AUC": 0.003394348517619227,
    "AR": 0.0,
    "AP": 1.19956132287231e-06
}