{
    "AUC": 0.00029711552045648957,
    "AR": 0.0,
    "AP": 2.8731342565548674e-06
}