{
    "AUC": 0.0005382474955022458,
    "AR": 0.0,
    "AP": 1.882842147868655e-06
}