{
    "AUC": 0.003572275119097943,
    "AR": 0.0,
    "AP": 4.403921896409831e-06
}