{
    "AUC": 0.018797778537476703,
    "AR": 0.0157356608478803,
    "AP": 0.008900213331459697
}