{
    "AUC": 0.9938923929751767,
    "AR": 0.9881546134663344,
    "AP": 0.9836091337366746
}