{
    "AUC": 0.5953542968026501,
    "AR": 0.46840399002493766,
    "AP": 0.32236243530204295
}