{
    "AUC": 0.5086141757258853,
    "AR": 0.3699002493765586,
    "AP": 0.23217830357777133
}