{
    "AUC": 0.44667656760434366,
    "AR": 0.290573566084788,
    "AP": 0.14559841501368104
}