{
    "AUC": 0.9647110624660981,
    "AR": 0.8666832917705736,
    "AP": 0.8352977773010536
}