{
    "AUC": 0.9745066868782319,
    "AR": 0.961506024096386,
    "AP": 0.9522202169819075,
    "F1": 0.9568405921827088
}