{
    "AUC": 0.9736036234275866,
    "AR": 0.9671084337349405,
    "AP": 0.9570117437199639,
    "F1": 0.9620335978797252
}