{
    "AUC": 0.01656873800621204,
    "AR": 0.020080321285140573,
    "AP": 0.010296735863690927,
    "F1": 0.013613021387695327
}