{
    "AUC": 0.9479985959739129,
    "AR": 0.940642570281124,
    "AP": 0.91654379763484,
    "F1": 0.928436831624934
}