{
    "AUC": 0.5546384702757661,
    "AR": 0.4639156626506025,
    "AP": 0.3551228384995938,
    "F1": 0.40229377914113573
}