{
    "AUC": 0.67645155195356,
    "AR": 0.6440763052208839,
    "AP": 0.539681573071506,
    "F1": 0.5872756920209208
}