{
    "AUC": 0.46819726437078524,
    "AR": 0.4118273092369477,
    "AP": 0.2980739151728145,
    "F1": 0.34583678466368434
}