{
    "AUC": 0.43969138197935204,
    "AR": 0.3751204819277111,
    "AP": 0.26498608298323834,
    "F1": 0.3105786211289284
}