{
    "AUC": 0.6183636862196199,
    "AR": 0.621867469879518,
    "AP": 0.5049067776733481,
    "F1": 0.557316784686302
}