{
    "AUC": 0.9115688582592711,
    "AR": 0.9135943775100405,
    "AP": 0.8759017992482977,
    "F1": 0.8943511245648649
}