{
    "AUC": 0.613515359514983,
    "AR": 0.6213453815261043,
    "AP": 0.5055056786888185,
    "F1": 0.5574713995097269
}