{
    "AUC": 0.9465318701133574,
    "AR": 0.947369477911646,
    "AP": 0.9248092937636287,
    "F1": 0.9359534581376515
}