{
    "AUC": 0.9821360703619246,
    "AR": 0.9735742971887559,
    "AP": 0.9669123686163718,
    "F1": 0.9702318972938875
}