{
    "AUC": 0.8056014123418648,
    "AR": 0.8081726907630515,
    "AP": 0.734062789189953,
    "F1": 0.7693371177620069
}