{
    "AUC": 0.9577580752422299,
    "AR": 0.9594979919678719,
    "AP": 0.9414447004563907,
    "F1": 0.9503856199733296
}