{
    "AUC": 0.017994025098165493,
    "AR": 0.022088353413654605,
    "AP": 0.011364084619523094,
    "F1": 0.01500721215295282
}