{
    "AUC": 0.39512353274035467,
    "AR": 0.39604417670682757,
    "AP": 0.27765323774301287,
    "F1": 0.3264461035276952
}