{
    "AUC": 0.6062152509408705,
    "AR": 0.5781124497991972,
    "AP": 0.46265606138789483,
    "F1": 0.513980248611351
}