{
    "AUC": 0.9655313387819816,
    "AR": 0.9618473895582336,
    "AP": 0.9473917765240156,
    "F1": 0.9545648584283293
}