{
    "AUC": 0.017809493005579366,
    "AR": 0.022088353413654605,
    "AP": 0.011348884364722167,
    "F1": 0.014993951974154459
}