{
    "AUC": 0.6183900192302668,
    "AR": 0.5463453815261041,
    "AP": 0.4427715619141813,
    "F1": 0.48913568719494227
}