{
    "AUC": 0.44082869030685984,
    "AR": 0.37192771084337345,
    "AP": 0.26383234411239537,
    "F1": 0.3086905477224148
}