{
    "AUC": 0.9745116970012897,
    "AR": 0.9611847389558237,
    "AP": 0.952213205759167,
    "F1": 0.9566779395116828
}