{
    "AUC": 0.06616809336484875,
    "AR": 0.06937751004016063,
    "AP": 0.036661113815247316,
    "F1": 0.0479722708448008
}