{
    "AUC": 0.9533896785272444,
    "AR": 0.953032128514056,
    "AP": 0.933542119384597,
    "F1": 0.9431864492856367
}