{
    "AUC": 0.3511506342831644,
    "AR": 0.36546184738955834,
    "AP": 0.25043817188189965,
    "F1": 0.2972092680272604
}