{
    "AUC": 0.9886256777322976,
    "AR": 0.9795983935742962,
    "AP": 0.9755981763692572,
    "F1": 0.9775941928671941
}