{
    "AUC": 0.9870477032242444,
    "AR": 0.9778714859437764,
    "AP": 0.9728668597043051,
    "F1": 0.9753627531307352
}