{
    "AUC": 0.9483617104008033,
    "AR": 0.9497991967871482,
    "AP": 0.9287155127878925,
    "F1": 0.9391390374465076
}