{
    "AUC": 0.4388816554598889,
    "AR": 0.36993975903614473,
    "AP": 0.2622225031250119,
    "F1": 0.30690389296029125
}