{
    "AUC": 0.14701957210382924,
    "AR": 0.1506024096385544,
    "AP": 0.08713546129176529,
    "F1": 0.1103973076241866
}