{
    "AUC": 0.9715212116244818,
    "AR": 0.9624096385542174,
    "AP": 0.9478750720959276,
    "F1": 0.9550870615720124
}