{
    "AUC": 0.01918238678507708,
    "AR": 0.02409638554216867,
    "AP": 0.012442011620597099,
    "F1": 0.016410545191378433
}