{
    "AUC": 0.9354707760205602,
    "AR": 0.9360843373493969,
    "AP": 0.9093140258712716,
    "F1": 0.9225050095575897
}