{
    "AUC": 0.9655482627025515,
    "AR": 0.9618473895582336,
    "AP": 0.9473906496452702,
    "F1": 0.9545642864242696
}