{
    "AUC": 0.12576397332449063,
    "AR": 0.1175502008032129,
    "AP": 0.06504809503393001,
    "F1": 0.08375123763394474
}