{
    "AUC": 0.9847692383603313,
    "AR": 0.975963855421688,
    "AP": 0.9708568496119354,
    "F1": 0.9734036540293051
}