{
    "AUC": 0.5476081906306595,
    "AR": 0.4420481927710845,
    "AP": 0.3347695166026218,
    "F1": 0.3810012517051081
}