{
    "AUC": 0.9806262672964242,
    "AR": 0.9724297188755028,
    "AP": 0.9649856317391717,
    "F1": 0.9686933741836067
}