{
    "AUC": 0.9154166683689658,
    "AR": 0.9183734939759043,
    "AP": 0.8833981909498811,
    "F1": 0.900546378858265
}