{
    "AUC": 0.01904283801874163,
    "AR": 0.02409638554216867,
    "AP": 0.012433564402415418,
    "F1": 0.016403195841137752
}