{
    "AUC": 0.9627464502130538,
    "AR": 0.9609437751004021,
    "AP": 0.9452993953416567,
    "F1": 0.953057389156794
}