{
    "AUC": 0.9656309270258848,
    "AR": 0.9621084337349404,
    "AP": 0.9483130531090495,
    "F1": 0.9551609343803975
}