{
    "AUC": 0.9912077081706558,
    "AR": 0.9793975903614449,
    "AP": 0.976854767901426,
    "F1": 0.9781245264954562
}