{
    "AUC": 0.9927562781536113,
    "AR": 0.982510040160642,
    "AP": 0.9784543133536507,
    "F1": 0.9804779826676661
}