{
    "AUC": 0.712329886845897,
    "AR": 0.6787349397590361,
    "AP": 0.5785213524884175,
    "F1": 0.6246342257370991
}