{
    "AUC": 0.9912143278104858,
    "AR": 0.9836144578313245,
    "AP": 0.980828415328881,
    "F1": 0.9822194609479957
}