{
    "AUC": 0.3513611745947083,
    "AR": 0.36546184738955834,
    "AP": 0.2504370844907223,
    "F1": 0.29720850228922
}