{
    "AUC": 0.9540913756280691,
    "AR": 0.9247188755020082,
    "AP": 0.9061249464054492,
    "F1": 0.9153274915949852
}