{
    "AUC": 0.9695025740697791,
    "AR": 0.9658634538152621,
    "AP": 0.9532368670826263,
    "F1": 0.9595086225754987
}