{
    "AUC": 0.982275742213502,
    "AR": 0.9759036144578324,
    "AP": 0.9689291737289126,
    "F1": 0.9724038884363883
}