{
    "AUC": 0.6183786210382342,
    "AR": 0.5463453815261041,
    "AP": 0.44275451945498273,
    "F1": 0.48912528777750813
}