{
    "AUC": 0.9745072431198651,
    "AR": 0.9611847389558237,
    "AP": 0.9522140083974483,
    "F1": 0.9566783446028837
}