{
    "AUC": 0.962051070876671,
    "AR": 0.9578313253012051,
    "AP": 0.9424028529184566,
    "F1": 0.9500544553137457
}