{
    "AUC": 0.3130065378285967,
    "AR": 0.32491967871485944,
    "AP": 0.21534378851906916,
    "F1": 0.2590196777031401
}