{
    "AUC": 0.2556751865239837,
    "AR": 0.2658433734939761,
    "AP": 0.16852027953365772,
    "F1": 0.20627876803736747
}