{
    "AUC": 0.3493725882826213,
    "AR": 0.3622891566265059,
    "AP": 0.2479489464195867,
    "F1": 0.29440709859442443
}