{
    "AUC": 0.9716032907528871,
    "AR": 0.9650000000000005,
    "AP": 0.9530343027382676,
    "F1": 0.9589798272423561
}