{
    "AUC": 0.0192035072561161,
    "AR": 0.02409638554216867,
    "AP": 0.012415523569740832,
    "F1": 0.016387488352219516
}