{
    "AUC": 0.9241754168709098,
    "AR": 0.8800200803212852,
    "AP": 0.8517405774453523,
    "F1": 0.8656494279561833
}