{
    "AUC": 0.9175722629561405,
    "AR": 0.9207831325301208,
    "AP": 0.8862973168770982,
    "F1": 0.903211165894511
}