{
  "AUC": 0.1733156452686032,
  "AR": 0.02338461538461539,
  "AP": 0.016965740820929026,
  "F1": 0.019664625600404478,
  "timePerImage": 0.1685898263637836,
  "AAE": 0.6584223847810063
}