{
  "AUC": 0.49578826789543134,
  "AR": 0.45164615384615386,
  "AP": 0.3268294391260069,
  "F1": 0.3792315660954459,
  "timePerImage": 0.013231587776770958
}