{
  "AAE": 0.8077747485470504,
  "timePerImage": 0.18122276911368737
}