{
  "AUC": 0.18261552428911268,
  "AR": 0.15273846153846157,
  "AP": 0.08498784767398769,
  "F1": 0.10920888938370996,
  "timePerImage": 0.055146178098825306,
  "AAE": 0.7719239368367748
}