{
  "AUC": 0.06430876335641013,
  "AR": 0.04604615384615385,
  "AP": 0.022641960463053664,
  "F1": 0.03035678604210995,
  "timePerImage": 0.017373437147874097
}