{
  "AUC": 0.2791725489321197,
  "AR": 0.23126923076923084,
  "AP": 0.13940643047284998,
  "F1": 0.1739548684243647,
  "timePerImage": 0.020667470601888803
}