{
  "AUC": 0.6482065976474081,
  "AR": 0.5450846153846155,
  "AP": 0.42870360143691005,
  "F1": 0.47993954674451783,
  "timePerImage": 0.01964342759205745
}