{
  "AAE": 1.4059522176820056,
  "timePerImage": 0.49822257628807654
}