{
  "AUC": 0.31298147504249724,
  "AR": 0.23969230769230762,
  "AP": 0.13766182207086772,
  "F1": 0.17488336398492565,
  "timePerImage": 0.005264698542081393
}