{
  "AUC": 0.2462069106884898,
  "AR": 0.22446923076923084,
  "AP": 0.1373799751901103,
  "F1": 0.17044435552794948,
  "timePerImage": 0.014702374935150147
}