{
  "AUC": 0.12200625769877295,
  "AR": 0.10450000000000002,
  "AP": 0.05494525928433183,
  "F1": 0.07202195438089018,
  "timePerImage": 0.012683454293471116
}