{
  "AAE": 1.4324052359085273,
  "timePerImage": 0.23902358623651357
}