{
  "AAE": 1.464529625970845,
  "timePerImage": 0.10622775169519277
}