{
  "AAE": 1.4797323578986565,
  "timePerImage": 0.02412342126552875
}