{
  "AUC": 0.25502041533517783,
  "AR": 0.21986923076923076,
  "AP": 0.13388703557020976,
  "F1": 0.16642893608871534,
  "timePerImage": 0.09118595563448392,
  "AAE": 0.5609697812649771
}