{
  "AAE": 1.472264785243331,
  "timePerImage": 0.18607962626677294
}