{
  "AUC": 0.4635523361772695,
  "AR": 0.4158384615384615,
  "AP": 0.2961301813764378,
  "F1": 0.3459206251964176,
  "timePerImage": 0.0014062127700218787,
  "AAE": 1.5241190192225436
}