{
  "AUC": 0.508612565328556,
  "AR": 0.2850692307692308,
  "AP": 0.1714822625947278,
  "F1": 0.21414590642670908,
  "timePerImage": 0.03448037807758038,
  "AAE": 0.9885439295624807
}