{
  "AUC": 0.245532037030152,
  "AR": 0.15499230769230768,
  "AP": 0.07883182027834437,
  "F1": 0.10450868223538855,
  "timePerImage": 0.028786884821378266,
  "AAE": 2.1137411597316027
}