{
  "AUC": 0.4952576022279767,
  "AR": 0.4505692307692309,
  "AP": 0.3273056092531832,
  "F1": 0.3791711185398717,
  "timePerImage": 0.21482619175544151,
  "AAE": 0.6454556165624024
}