{
  "AAE": 0.9294420695669027,
  "timePerImage": 0.009569707833803617,
  "AUC": 0.4952576022279767,
  "AR": 0.4505692307692309,
  "AP": 0.3273056092531832,
  "F1": 0.3791711185398717
}