{
  "AUC": 0.23969549032613002,
  "AR": 0.20783846153846158,
  "AP": 0.12407739112634482,
  "F1": 0.1553891076690946,
  "timePerImage": 0.019626110883859488,
  "AAE": 1.7637782932229846
}