{
  "AUC": 0.29995693558642755,
  "AR": 0.18390769230769233,
  "AP": 0.09657553394534038,
  "F1": 0.12664560243790135,
  "timePerImage": 0.04499116200667161,
  "AAE": 2.307018620989856
}