{
  "AUC": 0.29199794899497783,
  "AR": 0.22241538461538454,
  "AP": 0.13366924913322656,
  "F1": 0.1669833216010389,
  "timePerImage": 0.010105501138246976,
  "AAE": 1.5851111838991148
}