{
  "AUC": 0.6391666903028467,
  "AR": 0.5378846153846153,
  "AP": 0.42213063889769403,
  "F1": 0.4730291010121342,
  "timePerImage": 0.2346589943078848,
  "AAE": 0.8383978828650119
}