{
  "AUC": -1,
  "AR": 0.288034188034188,
  "AP": 0.38041699120638467,
  "F1": 0.3278417409661116,
  "timePerImage": 0.33015729598416627
}