{
  "AUC": 0.04194768621524425,
  "AR": 0.0050000000000000044,
  "AP": 0.002647012442367595,
  "F1": 0.003461498804032354,
  "timePerImage": 0.15281249324480692
}