{
  "AUC": 0.1777442013214909,
  "AR": 0.16338333333333344,
  "AP": 0.09345282927141238,
  "F1": 0.11889785769219505,
  "timePerImage": 0.01084119439125061
}