{
  "AUC": 0.027916788382089053,
  "AR": 0.0,
  "AP": 7.599239340494022e-05,
  "F1": 0.0,
  "timePerImage": 0.04820509672164917
}