{
  "AUC": 0.010692626407069264,
  "AR": 0.006666666666666664,
  "AP": 0.003369849280823526,
  "F1": 0.004476784969942636,
  "timePerImage": 0.02059653162956238
}