{
  "AUC": 0.05114161748908327,
  "AR": 0.011533333333333342,
  "AP": 0.005237060273929698,
  "F1": 0.00720326108503863,
  "timePerImage": 0.01663428783416748
}