{
  "AUC": 0.2208002316074393,
  "AR": 0.21048333333333358,
  "AP": 0.1261102864334819,
  "F1": 0.15772202381334452,
  "timePerImage": 0.0042717691262563065
}