{
  "AUC": 0.057791338692569666,
  "AR": 0.02005000000000003,
  "AP": 0.007063117097763981,
  "F1": 0.010446271987063185,
  "timePerImage": 0.01130749265352885
}