{
  "AUC": 0.3570442581794623,
  "AR": 0.3619166666666664,
  "AP": 0.24760918327659023,
  "F1": 0.29404459304182673,
  "timePerImage": 0.02026619036992391
}