{
  "AUC": -1,
  "AR": 0.9966666666666667,
  "AP": 0.006983451438912142,
  "F1": 0.013869720417283758,
  "timePerImage": 3.334718221833334
}