{
  "AUC": 0.43728495855375504,
  "AR": 0.4202166666666668,
  "AP": 0.29578671869222667,
  "F1": 0.34718972427991107,
  "timePerImage": 0.01837639292081197
}