{
  "AUC": 0.0462539602785803,
  "AR": 0.009216666666666679,
  "AP": 0.006023066967680715,
  "F1": 0.007285245514660361,
  "timePerImage": 0.07786172111829122
}