{
  "AUC": -1,
  "AR": 0.7407407407407407,
  "AP": 0.2847035879769675,
  "F1": 0.4113173982117976,
  "timePerImage": 0.3383059720524022
}