{
    "AUC": 0.1354866025524708,
    "AR": 0.10212121212121207,
    "AP": 0.05247966710559482,
    "F1": 0.06933061756626512
}