{
    "AUC": 0.05876951331496786,
    "AR": 0.0303030303030303,
    "AP": 0.016817600549657967,
    "F1": 0.021630621231441768
}