{
    "AUC": 0.028163992869875226,
    "AR": 0.017878787878787883,
    "AP": 0.0004329004329004329,
    "F1": 0.0008453327602263771
}