{
    "AUC": 0.17781260884709144,
    "AR": 0.15727272727272723,
    "AP": 0.08970360480856132,
    "F1": 0.11424520281395995
}