{
    "AUC": 0.11461581514351966,
    "AR": 0.09090909090909091,
    "AP": 0.05100910828183555,
    "F1": 0.06535020439128471
}