{
    "AUC": 0.20320744761043266,
    "AR": 0.17242424242424237,
    "AP": 0.09248896794200329,
    "F1": 0.12039671564851422
}