{
    "AUC": 0.1725206611570248,
    "AR": 0.18181818181818182,
    "AP": 0.10743801652892562,
    "F1": 0.13506493506493505
}