{
    "AUC": 0.1759976253161943,
    "AR": 0.13666666666666677,
    "AP": 0.07230093540559811,
    "F1": 0.09457090707628452
}