{
    "AUC": 0.5111143960383135,
    "AR": 0.5160642570281122,
    "AP": 0.3914612171018076,
    "F1": 0.4452087526306598
}