{
    "AUC": 0.9766701444291129,
    "AR": 0.9779116465863442,
    "AP": 0.9680735012484546,
    "F1": 0.9729677049959183
}