{
    "AUC": 0.8801697735805248,
    "AR": 0.8815261044176713,
    "AP": 0.8300889675401808,
    "F1": 0.8550346463574507
}