{
    "AUC": 0.7322703516482316,
    "AR": 0.7342771084337353,
    "AP": 0.6370686400530622,
    "F1": 0.6822275409511406
}