{
    "AUC": 0.13260337731014557,
    "AR": 0.14056224899598388,
    "AP": 0.080325815388562,
    "F1": 0.1022307592301255
}