{
    "AUC": 0.8149203532828293,
    "AR": 0.8246184738955825,
    "AP": 0.7547464252183262,
    "F1": 0.7881368589245756
}