{
    "AUC": 0.5148451163678217,
    "AR": 0.5180722891566262,
    "AP": 0.39350561198516404,
    "F1": 0.447277962622359
}