{
    "AUC": 0.493366230662284,
    "AR": 0.5055622489959841,
    "AP": 0.3811182815745848,
    "F1": 0.4346075253109371
}