{
    "AUC": 0.42357479592637653,
    "AR": 0.42608433734939755,
    "AP": 0.30450286516116104,
    "F1": 0.35517704410189466
}