{
    "AUC": 0.9349937031681925,
    "AR": 0.9357429718875494,
    "AP": 0.9065598409735522,
    "F1": 0.9209202676828927
}