{
    "AUC": 0.1307723924140511,
    "AR": 0.13855421686747,
    "AP": 0.07903776919868324,
    "F1": 0.10065642960716416
}