{
    "AUC": 0.44513456673829543,
    "AR": 0.44779116465863433,
    "AP": 0.3248200513896605,
    "F1": 0.3765193828280162
}