{
    "AUC": 0.010687078209746199,
    "AR": 0.014056224899598381,
    "AP": 0.00711518640935423,
    "F1": 0.009447897347321127
}