{
    "AUC": 0.08133815220727306,
    "AR": 0.07367469879518075,
    "AP": 0.03830379690109866,
    "F1": 0.05040290426930581
}