{
    "AUC": 0.510929299340939,
    "AR": 0.514056224899598,
    "AP": 0.38942086252454483,
    "F1": 0.4431417714360589
}