{
    "AUC": 0.011515899572713985,
    "AR": 0.010040160642570286,
    "AP": 0.005075430805435583,
    "F1": 0.00674246069591221
}