{
    "AUC": 0.31123922812351656,
    "AR": 0.3096987951807227,
    "AP": 0.20293779185404248,
    "F1": 0.24520134232858026
}