{
    "AUC": 0.876221582970421,
    "AR": 0.8801807228915668,
    "AP": 0.8290220397971875,
    "F1": 0.8538357580628438
}