{
    "AUC": 0.9807400488028063,
    "AR": 0.9799196787148583,
    "AP": 0.9720720814665692,
    "F1": 0.975980105233507
}