{
    "AUC": 0.17799788002182948,
    "AR": 0.18674698795180736,
    "AP": 0.11110133900863597,
    "F1": 0.13931815987692883
}