{
    "AUC": 0.5847639225575606,
    "AR": 0.5861044176706824,
    "AP": 0.46400701626958024,
    "F1": 0.5179575296030229
}