{
    "AUC": 0.9553678311685715,
    "AR": 0.9558232931726908,
    "AP": 0.9366201934208995,
    "F1": 0.9461243139567145
}