{
    "AUC": 0.010763456850070305,
    "AR": 0.014056224899598381,
    "AP": 0.00711518640935423,
    "F1": 0.009447897347321127
}