{
    "AUC": 0.674171201021037,
    "AR": 0.6827309236947792,
    "AP": 0.5748951540568714,
    "F1": 0.6241898231922777
}