{
    "AUC": 0.1363557825982674,
    "AR": 0.1445783132530121,
    "AP": 0.08291150582006573,
    "F1": 0.10538674398331367
}