{
    "AUC": 0.009508117941852882,
    "AR": 0.012048192771084335,
    "AP": 0.0060845388241930936,
    "F1": 0.008085676037483265
}