{
    "AUC": 0.010745362401988907,
    "AR": 0.014056224899598381,
    "AP": 0.007115807257550701,
    "F1": 0.009448444666238917
}