{
    "AUC": 0.28026451650164325,
    "AR": 0.29210843373493944,
    "AP": 0.1887008151377445,
    "F1": 0.22928468902639063
}