{
    "AUC": 0.8148318778699639,
    "AR": 0.8245783132530123,
    "AP": 0.7547468026458626,
    "F1": 0.7881187213370181
}