{
    "AUC": 0.008083566431745138,
    "AR": 0.010040160642570286,
    "AP": 0.0050615001259162054,
    "F1": 0.006730157051684522
}