{
    "AUC": 0.8221095552278365,
    "AR": 0.8253012048192775,
    "AP": 0.7538968752272672,
    "F1": 0.7879847465572068
}