{
    "AUC": 0.009257477193117519,
    "AR": 0.012048192771084335,
    "AP": 0.006085776553312225,
    "F1": 0.00808676884408382
}