{
    "AUC": 0.5698004546148802,
    "AR": 0.5729116465863454,
    "AP": 0.4512912696162186,
    "F1": 0.5048804690470825
}