{
    "AUC": 0.7326428027198215,
    "AR": 0.7369477911646592,
    "AP": 0.6405662893020774,
    "F1": 0.6853852438818787
}