{
    "AUC": 0.8821291526852527,
    "AR": 0.8835341365461856,
    "AP": 0.8328686981325706,
    "F1": 0.8574536363995603
}