{
    "AUC": 0.9558993394252547,
    "AR": 0.9578313253012051,
    "AP": 0.9395231833611863,
    "F1": 0.9485889239586256
}