{
    "AUC": 0.10681812321517208,
    "AR": 0.11445783132530125,
    "AP": 0.06379239291168698,
    "F1": 0.08192459761526728
}