{
    "AUC": 0.11861758779361274,
    "AR": 0.12293172690763049,
    "AP": 0.06698517425126241,
    "F1": 0.0867179603044049
}