{
    "AUC": 0.8633901123822004,
    "AR": 0.8654618473895583,
    "AP": 0.8079965738204327,
    "F1": 0.8357425539828408
}