{
    "AUC": 0.5706734792937174,
    "AR": 0.5718273092369478,
    "AP": 0.4498091990774962,
    "F1": 0.5035317001403496
}