{
    "AUC": 0.8358063283971456,
    "AR": 0.8374096385542176,
    "AP": 0.7715868625222031,
    "F1": 0.8031518716487404
}