{
    "AUC": 0.6588529190947767,
    "AR": 0.6686746987951807,
    "AP": 0.5583501006036218,
    "F1": 0.6085526315789475
}