{
    "AUC": 0.03769118318256383,
    "AR": 0.03777108433734937,
    "AP": 0.018854927298810196,
    "F1": 0.025153494961074784
}