{
    "AUC": 0.9917924069816211,
    "AR": 0.9899598393574288,
    "AP": 0.9869806864569286,
    "F1": 0.9884680181881575
}