{
    "AUC": 0.0028049172002320294,
    "AR": 0.0,
    "AP": 1.1770523601413172e-06
}