{
    "AUC": 0.18513154077022181,
    "AR": 0.18703241895261866,
    "AP": 0.11100677234594312
}