{
    "AUC": 0.0015516053216343172,
    "AR": 0.0,
    "AP": 7.989669274651498e-06
}