{
    "AUC": 0.014294982908231987,
    "AR": 0.0,
    "AP": 3.213187247052086e-05
}