{
    "AUC": 0.009826150561818427,
    "AR": 0.0,
    "AP": 1.8858121560183412e-05
}