{
    "AUC": 0.01029776008788524,
    "AR": 0.0,
    "AP": 1.795116265753181e-05
}