{
    "AUC": 0.018424030990388304,
    "AR": 0.0,
    "AP": 5.3374148552163417e-05
}