{
    "AUC": 0.5778218398687593,
    "AR": 0.47072319201994994,
    "AP": 0.3406460802886347
}