{
    "AUC": 0.6316984447517001,
    "AR": 0.42985037406483795,
    "AP": 0.277804149787599
}