{
    "AUC": 0.9577640329343196,
    "AR": 0.957780548628429,
    "AP": 0.9394817278627652
}