{
    "AUC": 0.8398790776627176,
    "AR": 0.8446633416458854,
    "AP": 0.7799759961048078
}