{
    "AUC": 0.6164256225239944,
    "AR": 0.49279301745635906,
    "AP": 0.3474763677279808
}