{
    "AUC": 0.6383254748483957,
    "AR": 0.6437148594377514,
    "AP": 0.5294208031102933,
    "F1": 0.5810002180265438
}