{
    "AUC": 0.6993358241440083,
    "AR": 0.7028112449799202,
    "AP": 0.5988743707223259,
    "F1": 0.6466932368256297
}