{
    "AUC": 0.13636735236109834,
    "AR": 0.1445783132530121,
    "AP": 0.0829114832989144,
    "F1": 0.10538672579036876
}