{
    "AUC": 0.386576371238102,
    "AR": 0.38797188755020084,
    "AP": 0.26980322677973256,
    "F1": 0.31827311456591
}