{
    "AUC": 0.010730784409313554,
    "AR": 0.014056224899598381,
    "AP": 0.007112934496607119,
    "F1": 0.009445911867274477
}