{
    "AUC": 0.4668202590927975,
    "AR": 0.46987951807228884,
    "AP": 0.34604375220949857,
    "F1": 0.39856412347197934
}