{
    "AUC": 0.46049223602309153,
    "AR": 0.4680120481927707,
    "AP": 0.34491246912472073,
    "F1": 0.39714189370239344
}