{
    "AUC": 0.9304493867550271,
    "AR": 0.934558232931726,
    "AP": 0.9054364088531932,
    "F1": 0.9197668635263342
}