{
    "AUC": 0.009376713904074449,
    "AR": 0.012048192771084335,
    "AP": 0.006083349792613076,
    "F1": 0.00808462608604352
}