{
    "AUC": 0.7692469879518073,
    "AR": 0.7803815261044181,
    "AP": 0.6964460414718395,
    "F1": 0.7360285474426059
}