{
    "AUC": 0.4906896307697751,
    "AR": 0.49524096385542127,
    "AP": 0.3702344670756754,
    "F1": 0.4237099466354539
}