{
    "AUC": 0.8082897235022081,
    "AR": 0.8185341365461847,
    "AP": 0.7456166644457538,
    "F1": 0.7803757697013728
}