{
    "AUC": 0.9873473951206487,
    "AR": 0.985943775100401,
    "AP": 0.9810263245184508,
    "F1": 0.9834789029645322
}