{
    "AUC": 0.8292273824010818,
    "AR": 0.8312248995983937,
    "AP": 0.7609031067422584,
    "F1": 0.7945110016117808
}