{
    "AUC": 0.9486602437792865,
    "AR": 0.9497991967871482,
    "AP": 0.9268664193999339,
    "F1": 0.9381926892907678
}