{
    "AUC": 0.6375977272943073,
    "AR": 0.640381526104418,
    "AP": 0.5248473197475734,
    "F1": 0.5768867270806588
}