{
    "AUC": 0.08457425206443751,
    "AR": 0.09036144578313249,
    "AP": 0.049271532811325784,
    "F1": 0.06377070783132528
}