{
    "AUC": 0.958362940240894,
    "AR": 0.9618473895582336,
    "AP": 0.9444296299887679,
    "F1": 0.9530589362526249
}