{
    "AUC": 0.492750606586022,
    "AR": 0.49664658634538117,
    "AP": 0.3722374528537168,
    "F1": 0.42553540387300537
}