{
    "AUC": 0.49879358736674295,
    "AR": 0.5014257028112451,
    "AP": 0.37625251507441426,
    "F1": 0.4299131001796493
}