{
    "AUC": 0.8536017401443162,
    "AR": 0.8578553615960097,
    "AP": 0.7968855915075154
}