{
    "AUC": 0.7427701591441201,
    "AR": 0.7469879518072294,
    "AP": 0.6530508351312695,
    "F1": 0.6968679872468944
}