{
    "AUC": 0.9894381488855931,
    "AR": 0.9886947791164649,
    "AP": 0.98495621791069,
    "F1": 0.9868219576545526
}