{
    "AUC": 0.980747907031057,
    "AR": 0.9799196787148583,
    "AP": 0.9720715354754632,
    "F1": 0.9759798300384153
}