{
    "AUC": 0.6189869032701308,
    "AR": 0.6188554216867469,
    "AP": 0.5027489439724333,
    "F1": 0.5547926153831841
}