{
    "AUC": 0.9807458333018201,
    "AR": 0.9799196787148583,
    "AP": 0.9720716314894412,
    "F1": 0.97597987843221
}