{
    "AUC": 0.46682188779222955,
    "AR": 0.46987951807228884,
    "AP": 0.3460437463377557,
    "F1": 0.3985641195773026
}