{
    "AUC": 0.5788685102966586,
    "AR": 0.5797791164658631,
    "AP": 0.4584770574130415,
    "F1": 0.5120420758466975
}