{
    "AUC": 0.009345539256724785,
    "AR": 0.012048192771084335,
    "AP": 0.006084337349397591,
    "F1": 0.00808549813873434
}