{
    "AUC": 0.4648610370120175,
    "AR": 0.4678714859437747,
    "AP": 0.3440940722347468,
    "F1": 0.3965483591251523
}