{
    "AUC": 0.46537574769040824,
    "AR": 0.4708232931726902,
    "AP": 0.34687157676845215,
    "F1": 0.39945271539708127
}