{
    "AUC": 0.06371826419357585,
    "AR": 0.06640562248995986,
    "AP": 0.03343032877436997,
    "F1": 0.04447219191468194
}