{
    "AUC": 0.1813514760738438,
    "AR": 0.17853413654618472,
    "AP": 0.1049195135030317,
    "F1": 0.13216774415751656
}