{
    "AUC": 0.8526304772328331,
    "AR": 0.8574297188755013,
    "AP": 0.7979118468220544,
    "F1": 0.8266007991163636
}