{
    "AUC": 0.5706674094286232,
    "AR": 0.5718273092369478,
    "AP": 0.4498092259194213,
    "F1": 0.5035317169585927
}