{
    "AUC": 0.28566673516555163,
    "AR": 0.2914257028112448,
    "AP": 0.18802357181141158,
    "F1": 0.228574343358207
}