{
    "AUC": 0.2767983677151965,
    "AR": 0.19807228915662645,
    "AP": 0.11176053109088317,
    "F1": 0.14289424995613892
}