{
    "AUC": 0.5183754179800941,
    "AR": 0.4946385542168675,
    "AP": 0.37184272837165155,
    "F1": 0.424539463814717
}