{
    "AUC": 0.5257162629533468,
    "AR": 0.5180120481927706,
    "AP": 0.3967535594879516,
    "F1": 0.44934597945632243
}