{
    "AUC": 0.4501624574904745,
    "AR": 0.47188755020080275,
    "AP": 0.34796793783938035,
    "F1": 0.4005626360517879
}