{
    "AUC": 0.5365846911162601,
    "AR": 0.5336546184738958,
    "AP": 0.4114123175503396,
    "F1": 0.4646275834840074
}