{
    "AUC": 0.509602876197272,
    "AR": 0.49989959839357395,
    "AP": 0.37774473561946714,
    "F1": 0.430321109162775
}