{
    "AUC": 0.4412241305924858,
    "AR": 0.12293172690763053,
    "AP": 0.08127632608128964,
    "F1": 0.09785548586982255
}