{
    "AUC": 0.47831989691460663,
    "AR": 0.49771084337349364,
    "AP": 0.37269243599498986,
    "F1": 0.42622327152207357
}