{
    "AUC": 0.5005778655252304,
    "AR": 0.1818473895582329,
    "AP": 0.11539012170124939,
    "F1": 0.14118939647466588
}