{
    "AUC": 0.5228600540378329,
    "AR": 0.501546184738956,
    "AP": 0.3783999397673836,
    "F1": 0.43135605876383326
}