{
    "AUC": 0.536825164896951,
    "AR": 0.3131526104417672,
    "AP": 0.21561551541852514,
    "F1": 0.25538816809430037
}