{
    "AUC": 0.7521124976813377,
    "AR": 0.6965863453815261,
    "AP": 0.5906562639998165,
    "F1": 0.6392626927010756
}