{
    "AUC": 0.42306525680782203,
    "AR": 0.4417670682730928,
    "AP": 0.3191207763367445,
    "F1": 0.37055934270997903
}