{
    "AUC": 0.5213927619215915,
    "AR": 0.37309236947791163,
    "AP": 0.2658575653925439,
    "F1": 0.3104763725691381
}