{
    "AUC": 0.5137115777501895,
    "AR": 0.29983935742971884,
    "AP": 0.20604872974092292,
    "F1": 0.24424974729198765
}