{
    "AUC": 0.5626310531856913,
    "AR": 0.37138554216867464,
    "AP": 0.2706058801446504,
    "F1": 0.31308552737174616
}