{
    "AUC": 0.5347520434382367,
    "AR": 0.436144578313253,
    "AP": 0.3188419018191949,
    "F1": 0.36838054846527246
}