{
    "AUC": 0.5214934987881185,
    "AR": 0.3731726907630522,
    "AP": 0.2658673321812263,
    "F1": 0.3105108418059553
}