{
    "AUC": 0.0005489316315707936,
    "AR": 0.0,
    "AP": 7.442669119770408e-07,
    "F1": 0.0
}