{
    "AUC": 0.5615127546813223,
    "AR": 0.5142570281124496,
    "AP": 0.39174507198346753,
    "F1": 0.444717857661892
}