{
    "AUC": 0.5494424638475293,
    "AR": 0.4773895582329319,
    "AP": 0.35896263238733656,
    "F1": 0.4097915074998023
}