{
    "AUC": 0.6811392424951084,
    "AR": 0.5744779116465862,
    "AP": 0.45069726529416376,
    "F1": 0.5051148907519493
}