{
    "AUC": 0.5260639150684255,
    "AR": 0.5171485943775097,
    "AP": 0.3971090374459862,
    "F1": 0.4492483811596877
}