{
    "AUC": 0.6083581030346873,
    "AR": 0.4248594377510039,
    "AP": 0.3080509584751456,
    "F1": 0.35714695190658446
}