{
    "AUC": 0.4809614474156789,
    "AR": 0.4980321285140559,
    "AP": 0.37210484024431184,
    "F1": 0.4259563086526433
}