{
    "AUC": 0.4784352283973109,
    "AR": 0.49771084337349364,
    "AP": 0.3724482350537097,
    "F1": 0.4260635320075192
}