{
    "AUC": 0.4647986753185116,
    "AR": 0.14421686746987955,
    "AP": 0.09514726510329077,
    "F1": 0.114652436637124
}