{
    "AUC": 0.0005275068528080575,
    "AR": 0.0,
    "AP": 7.962062365242094e-07,
    "F1": 0.0
}