{
    "AUC": 0.47866542645454363,
    "AR": 0.4982931726907628,
    "AP": 0.3720714654446419,
    "F1": 0.4260298795716214
}