{
    "AUC": 0.2866120335574666,
    "AR": 0.18560240963855432,
    "AP": 0.10906005603638742,
    "F1": 0.13738980395283268
}