{
    "AUC": 0.4838753922795005,
    "AR": 0.134437751004016,
    "AP": 0.09034675470954817,
    "F1": 0.10806807591213988
}