{
    "AUC": 0.47783300801615775,
    "AR": 0.1234136546184739,
    "AP": 0.07885488359227724,
    "F1": 0.09622622929619805
}