{
    "AUC": 0.5616034432514639,
    "AR": 0.5223092369477913,
    "AP": 0.40457178171241526,
    "F1": 0.4559626841906158
}