{
    "AUC": 0.4832929907184364,
    "AR": 0.2060843373493976,
    "AP": 0.13534149537538567,
    "F1": 0.1633840191160692
}