{
    "AUC": 0.2746008833691562,
    "AR": 0.1542168674698796,
    "AP": 0.08321680660899346,
    "F1": 0.10810122267511732
}