{
    "AUC": 0.6771847846833292,
    "AR": 0.6350623441396507,
    "AP": 0.5304505446902431
}