{
    "AUC": 0.4705523405600593,
    "AR": 0.47439759036144535,
    "AP": 0.35108101003207504,
    "F1": 0.4035282928024555
}