{
    "AUC": 0.5803058842685468,
    "AR": 0.3775502008032128,
    "AP": 0.27249314222540216,
    "F1": 0.3165322487124377
}