{
    "AUC": 0.5810642593029874,
    "AR": 0.5715863453815262,
    "AP": 0.4512469027664589,
    "F1": 0.504337473354593
}