{
    "AUC": 0.5225203828142322,
    "AR": 0.5259638554216866,
    "AP": 0.39957783638355954,
    "F1": 0.4541416150696229
}