{
    "AUC": 0.26057097034337656,
    "AR": 0.1359839357429719,
    "AP": 0.07237666505727272,
    "F1": 0.09447144741029388
}