{
    "AUC": 0.4948233502574467,
    "AR": 0.22116465863453816,
    "AP": 0.14520206339824593,
    "F1": 0.17530830642216444
}