{
    "AUC": 0.4825904575127994,
    "AR": 0.1243975903614458,
    "AP": 0.08273360005324487,
    "F1": 0.09937528450395369
}