{
    "AUC": 0.5238786034080571,
    "AR": 0.3859638554216868,
    "AP": 0.2752297296865739,
    "F1": 0.32132413256582143
}