{
    "AUC": 0.47833776070535655,
    "AR": 0.22769076305220876,
    "AP": 0.14644113052247576,
    "F1": 0.17824351959042267
}