{
    "AUC": 0.5295791076172492,
    "AR": 0.2487349397590361,
    "AP": 0.16399084193514138,
    "F1": 0.19766272909985477
}