{
    "AUC": 0.0005202027219255936,
    "AR": 0.0,
    "AP": 8.263506701703934e-07,
    "F1": 0.0
}