{
    "AUC": 0.20822161288088725,
    "AR": 0.10253012048192775,
    "AP": 0.05303714397381437,
    "F1": 0.06991065608407075
}