{
    "AUC": 0.0005645832630240851,
    "AR": 0.0,
    "AP": 7.026004648404674e-07,
    "F1": 0.0
}