{
    "AUC": 0.4455970314729425,
    "AR": 0.13704819277108435,
    "AP": 0.09240970736558288,
    "F1": 0.1103869893467582
}