{
    "AUC": 0.930783386684293,
    "AR": 0.8427680798004994,
    "AP": 0.8030740233150424
}