{
    "AUC": 0.13270733194013146,
    "AR": 0.01785536159600999,
    "AP": 0.0032794741309533294
}