{
    "AUC": 0.8519136980988549,
    "AR": 0.735211970074813,
    "AP": 0.6426268847109952
}