{
    "AUC": 0.9331440597851777,
    "AR": 0.8273566084788027,
    "AP": 0.7819759417553787
}