{
    "AUC": 0.9482659935724354,
    "AR": 0.8500249376558605,
    "AP": 0.8123866485384297
}