{
    "AUC": 0.6380763528388915,
    "AR": 0.5102743142144639,
    "AP": 0.4040795004069401
}