{
    "AUC": 0.595997463224973,
    "AR": 0.30097256857855353,
    "AP": 0.15768862233793543
}