{
    "AUC": 0.6344995330243492,
    "AR": 0.5348129675810476,
    "AP": 0.4134794686916544
}