{
    "AUC": 0.5395096011539534,
    "AR": 0.4183042394014963,
    "AP": 0.2711661636631918
}