{
    "AUC": 0.804866758981942,
    "AR": 0.6024688279301746,
    "AP": 0.46678875442500756
}