{
    "AUC": 0.5461549789923718,
    "AR": 0.38688279301745626,
    "AP": 0.22695670482377592
}