{
    "AUC": 0.28435922313157636,
    "AR": 0.17359102244389027,
    "AP": 0.07496746485723323
}