{
    "AUC": 0.4110072636329158,
    "AR": 0.22007481296758102,
    "AP": 0.11602529221627689
}