{
    "AUC": 0.7986222870308951,
    "AR": 0.7556857855361596,
    "AP": 0.6556827059936062
}