{
    "AUC": 0.4991691572491517,
    "AR": 0.5101405622489964,
    "AP": 0.3855950488051726,
    "F1": 0.4392092322117228
}