{
    "AUC": 0.5762594874217837,
    "AR": 0.30110441767068263,
    "AP": 0.20996139569026767,
    "F1": 0.24740572399817806
}