{
    "AUC": 0.5450658221228699,
    "AR": 0.39893574297188755,
    "AP": 0.2887732115086329,
    "F1": 0.3350311347060921
}