{
    "AUC": 0.7476554372064215,
    "AR": 0.6849397590361441,
    "AP": 0.5847567198673809,
    "F1": 0.6308958612638048
}