{
    "AUC": 0.6328633375269597,
    "AR": 0.5855622489959837,
    "AP": 0.4725941247855339,
    "F1": 0.5230479831307886
}