{
    "AUC": 0.5720364803494734,
    "AR": 0.46927710843373505,
    "AP": 0.35483079532729994,
    "F1": 0.4041072021139638
}