{
    "AUC": 0.4770896410599068,
    "AR": 0.4755823293172688,
    "AP": 0.35393128769009885,
    "F1": 0.40583653545116566
}