{
    "AUC": 0.000523030144026693,
    "AR": 0.0,
    "AP": 8.401808069096468e-07,
    "F1": 0.0
}