{
    "AUC": 0.42306056127028197,
    "AR": 0.4417670682730928,
    "AP": 0.31911627317963226,
    "F1": 0.37055630675694207
}