{
    "AUC": 0.20822860913304356,
    "AR": 0.10253012048192775,
    "AP": 0.05304418992577691,
    "F1": 0.06991677700133739
}