{
    "AUC": 0.6099772391674426,
    "AR": 0.5861044176706824,
    "AP": 0.4696631748553821,
    "F1": 0.5214626089087533
}