{
    "AUC": 0.5883608321270897,
    "AR": 0.45473895582329327,
    "AP": 0.3351479541614756,
    "F1": 0.3858902554155281
}