{
    "AUC": 0.47067918894029304,
    "AR": 0.47439759036144535,
    "AP": 0.35107957897680936,
    "F1": 0.4035273475224645
}