{
    "AUC": 0.6248933566532595,
    "AR": 0.47457831325301214,
    "AP": 0.35847611037162314,
    "F1": 0.40843667106753606
}