{
    "AUC": 0.47608022339992295,
    "AR": 0.4919678714859434,
    "AP": 0.36819829934805676,
    "F1": 0.421178464713106
}