{
    "AUC": 0.5209576955653088,
    "AR": 0.4842771084337348,
    "AP": 0.3581036225366376,
    "F1": 0.41174110581071194
}