{
    "AUC": 0.0006024096385542168,
    "AR": 0.0,
    "AP": 6.452545400109434e-07,
    "F1": 0.0
}