{
    "AUC": 0.4421243696511878,
    "AR": 0.1237550200803213,
    "AP": 0.08095842832078534,
    "F1": 0.0978832802706662
}