{
    "AUC": 0.4230567101834782,
    "AR": 0.4417670682730928,
    "AP": 0.3191217162210843,
    "F1": 0.3705599763597124
}