{
    "AUC": 0.4410364451067804,
    "AR": 0.12293172690763053,
    "AP": 0.0812736399125465,
    "F1": 0.09785353893579521
}