{
    "AUC": 0.6477557881389318,
    "AR": 0.6062048192771083,
    "AP": 0.49597765795767934,
    "F1": 0.5455794348355817
}