{
    "AUC": 0.5184174550956869,
    "AR": 0.47867469879518054,
    "AP": 0.3549001853097923,
    "F1": 0.40759802759154445
}