{
    "AUC": 0.6702093693699416,
    "AR": 0.5942369477911644,
    "AP": 0.4747127826560805,
    "F1": 0.5277925930623013
}