{
    "AUC": 0.48321401083807153,
    "AR": 0.4936546184738958,
    "AP": 0.3692179779665836,
    "F1": 0.4224636656643893
}