{
    "AUC": 0.7174987977801173,
    "AR": 0.6564457831325301,
    "AP": 0.5557866727763491,
    "F1": 0.6019370556973739
}