{
    "AUC": 0.5740809320548624,
    "AR": 0.5397389558232931,
    "AP": 0.42309343640201486,
    "F1": 0.4743504922004637
}