{
    "AUC": 0.47814667741301037,
    "AR": 0.22761044176706818,
    "AP": 0.14632493306003053,
    "F1": 0.1781328266721485
}