{
    "AUC": 0.4890786579072138,
    "AR": 0.50070281124498,
    "AP": 0.37702494052318064,
    "F1": 0.43015034502245253
}