{
    "AUC": 0.2676040943537249,
    "AR": 0.17536144578313256,
    "AP": 0.09531550704285296,
    "F1": 0.12350268425943658
}