{
    "AUC": 0.6200583630328996,
    "AR": 0.5349598393574296,
    "AP": 0.4168428362187361,
    "F1": 0.46857228377905696
}