{
    "AUC": 0.5120548178431886,
    "AR": 0.31315261044176707,
    "AP": 0.21723476734829766,
    "F1": 0.25652056335607487
}