{
    "AUC": 0.48464451142529874,
    "AR": 0.4894979919678719,
    "AP": 0.36511006149977626,
    "F1": 0.41825171486796037
}