{
    "AUC": 0.4375955835726808,
    "AR": 0.458534136546185,
    "AP": 0.3354543438242291,
    "F1": 0.387454658849334
}