{
    "AUC": 0.0005413151487381292,
    "AR": 0.0,
    "AP": 7.481490791781133e-07,
    "F1": 0.0
}