{
    "AUC": 0.7567435404267674,
    "AR": 0.6965662650602408,
    "AP": 0.5906016257004805,
    "F1": 0.6392222358958239
}