{
    "AUC": 0.43212082081965103,
    "AR": 0.44377510040160595,
    "AP": 0.3223380861060867,
    "F1": 0.37343206994532996
}