{
    "AUC": 0.5128413119856257,
    "AR": 0.5230722891566265,
    "AP": 0.40033365072156285,
    "F1": 0.45354579186913313
}