{
    "AUC": 0.5732070706301045,
    "AR": 0.5597791164658632,
    "AP": 0.4404841462698012,
    "F1": 0.49301785920191377
}