{
    "AUC": 0.77122832843643,
    "AR": 0.6508634538152611,
    "AP": 0.5399996039046862,
    "F1": 0.5902710726944567
}