{
    "AUC": 0.44551371193173955,
    "AR": 0.13704819277108435,
    "AP": 0.09241137923052285,
    "F1": 0.11038818214947047
}