{
    "AUC": 0.20582349416684806,
    "AR": 0.10877510040160641,
    "AP": 0.05526518250684781,
    "F1": 0.07329267749739606
}