{
    "AUC": 0.0005851878927612432,
    "AR": 0.0,
    "AP": 5.854321074385003e-07,
    "F1": 0.0
}