{
    "AUC": 0.5786137283859731,
    "AR": 0.513714859437751,
    "AP": 0.3953118593441674,
    "F1": 0.4468022161750883
}