{
    "AUC": 0.4719405481162186,
    "AR": 0.4745180722891562,
    "AP": 0.3514181852121486,
    "F1": 0.40379455024459676
}