{
    "AUC": 0.47807243700988955,
    "AR": 0.12339357429718875,
    "AP": 0.07882543907743557,
    "F1": 0.09619820125707941
}