{
    "AUC": 0.54804476560462,
    "AR": 0.5405421686746983,
    "AP": 0.4231297820713516,
    "F1": 0.4746832983042251
}