{
    "AUC": 0.4493070287088106,
    "AR": 0.14457831325301207,
    "AP": 0.09384057341956065,
    "F1": 0.11381071364810023
}