{
    "AUC": 0.4255033520964715,
    "AR": 0.44377510040160595,
    "AP": 0.32100997096916234,
    "F1": 0.3725392595371249
}