{
    "AUC": 0.6784731659033334,
    "AR": 0.5042168674698795,
    "AP": 0.3712110576962469,
    "F1": 0.42761002088496014
}