{
    "AUC": 0.24085470132009412,
    "AR": 0.12423694779116465,
    "AP": 0.06256391956415301,
    "F1": 0.08321963937905705
}