{
    "AUC": 0.42850249558936626,
    "AR": 0.44377510040160595,
    "AP": 0.32146104521079694,
    "F1": 0.37284283663694845
}