{
    "AUC": 0.597572592245206,
    "AR": 0.5487951807228916,
    "AP": 0.4257857037336475,
    "F1": 0.479527448068167
}