{
    "AUC": 0.4821587750748495,
    "AR": 0.24218875502008028,
    "AP": 0.15869065051567338,
    "F1": 0.1917439037825046
}