{
    "AUC": 0.20643813416066037,
    "AR": 0.10698795180722892,
    "AP": 0.057342908395525166,
    "F1": 0.07466644198584886
}