{
    "AUC": 0.5185660757795527,
    "AR": 0.47867469879518054,
    "AP": 0.35490359006330513,
    "F1": 0.4076002730529884
}