{
    "AUC": 0.6834399583019947,
    "AR": 0.6353012048192767,
    "AP": 0.5252011356716493,
    "F1": 0.5750284210947874
}