{
    "AUC": 0.47865122195640786,
    "AR": 0.48158634538152606,
    "AP": 0.3596135838503177,
    "F1": 0.4117570284490498
}