{
    "AUC": 0.4907847866274487,
    "AR": 0.4967670682730918,
    "AP": 0.3744911628090578,
    "F1": 0.42704876787625046
}