{
  "AUC": 0.11308096665239523,
  "AR": 0.05070769230769232,
  "AP": 0.017433964626345798,
  "F1": 0.0259470096194371,
  "timePerImage": 0.15198431895329403
}