{
  "AUC": 0.05660937657696167,
  "AR": 0.0069230769230769155,
  "AP": 0.008188630761589214,
  "F1": 0.00750286093936028,
  "timePerImage": 0.04591147422790527
}