{
  "AUC": 0.04232456111107407,
  "AR": 0.043076923076923075,
  "AP": 0.022498775110240076,
  "F1": 0.02955906018667525,
  "timePerImage": 0.015135636696448693
}