{
  "AUC": 0.09597041420118345,
  "AR": 0.06972307692307697,
  "AP": 0.03077814842276179,
  "F1": 0.04270489643575183,
  "timePerImage": 0.01748604187598595
}