{
  "AUC": 0.5994475164260664,
  "AR": 0.3471076923076923,
  "AP": 0.25449538826439105,
  "F1": 0.29367305379952574,
  "timePerImage": 0.01850464307344877
}