{
  "AUC": 0.42069247301669793,
  "AR": 0.2662769230769232,
  "AP": 0.17249119744728547,
  "F1": 0.2093608134485378,
  "timePerImage": 0.004607507999126728
}