{
  "AUC": 0.12358144410955312,
  "AR": 0.11803076923076929,
  "AP": 0.05825746729091919,
  "F1": 0.07801057873691541,
  "timePerImage": 0.012133445006150465
}