{
  "AUC": 0.6204840315700106,
  "AR": 0.5206461538461539,
  "AP": 0.40446073089662726,
  "F1": 0.45525750028697204,
  "timePerImage": 0.01857674011817345
}