{
  "AUC": -1,
  "AR": 0.8984615384615384,
  "AP": 0.005357552405852942,
  "F1": 0.01065158907482559,
  "timePerImage": 4.404489960615386
}