{
  "AUC": 0.1163944154815524,
  "AR": 0.09501538461538463,
  "AP": 0.048813399451204685,
  "F1": 0.06449368189184335,
  "timePerImage": 0.07708238821763258
}