{
  "AUC": 0.5932472233648705,
  "AR": 0.5037538461538459,
  "AP": 0.3867841040937994,
  "F1": 0.4375871460935219,
  "timePerImage": 0.010659247911893405
}