{
  "AUC": -1,
  "AR": 0.7542662116040956,
  "AP": 0.238911170448526,
  "F1": 0.36288104562285006,
  "timePerImage": 0.34161364569592834
}