{
  "AUC": 0.3200712432623042,
  "AR": 0.27991,
  "AP": 0.1750075120792337,
  "F1": 0.2153636710189617,
  "timePerImage": 0.1705000822544098,
  "AAE": 0.6592361237600417
}