{
  "AAE": 1.1959237209429372,
  "timePerImage": 0.3720719301700592
}