{
  "AUC": 0.3944074567578439,
  "AR": 0.2726800000000001,
  "AP": 0.181757887950151,
  "F1": 0.21812327801190642,
  "timePerImage": 0.057846116065979,
  "AAE": 0.8576527008793505
}