{
  "AUC": 0.29780278119430714,
  "AR": 0.13720000000000004,
  "AP": 0.07940552485659381,
  "F1": 0.10059242964866627,
  "timePerImage": 0.019380688667297363
}