{
  "AUC": 0.5580624858358724,
  "AR": 0.34325,
  "AP": 0.22297877970963456,
  "F1": 0.27034113728581904,
  "timePerImage": 0.022668199300765992
}