{
  "AAE": 1.3384924605471638,
  "timePerImage": 0.7123729894161225
}