{
  "AUC": 0.3159982782888453,
  "AR": 0.15897000000000003,
  "AP": 0.08644291641766096,
  "F1": 0.11198946350100619,
  "timePerImage": 0.006074897766113281
}