{
  "AUC": 0.11800898868092034,
  "AR": 0.10839999999999994,
  "AP": 0.0587221755687539,
  "F1": 0.07617760850694728,
  "timePerImage": 0.012826018571853637
}