{
  "AUC": 0.5533452314978086,
  "AR": 0.43444,
  "AP": 0.3091747718926874,
  "F1": 0.36125664249295686,
  "timePerImage": 0.01662469482421875
}