{
  "AAE": 1.719187245081775,
  "timePerImage": 0.2749688632488251
}