{
  "AAE": 1.8895151690021739,
  "timePerImage": 0.12726132225990294
}