{
  "AUC": -1,
  "AR": 0.405,
  "AP": 0.027717741681597748,
  "F1": 0.051884562613137175,
  "timePerImage": 1.2269057730000006
}