{
  "AAE": 1.814627016627981,
  "timePerImage": 0.06444938540458679
}