{
  "AUC": 0.5540359699580518,
  "AR": 0.3972200000000001,
  "AP": 0.26477031993799394,
  "F1": 0.31774502834307616,
  "timePerImage": 0.01944031572341919
}