{
  "AUC": 0.45904359837259534,
  "AR": 0.3726300000000001,
  "AP": 0.25465711882048214,
  "F1": 0.30255007424513314,
  "timePerImage": 0.0928410987854004,
  "AAE": 0.7232881602213689
}