{
  "AUC": 0.4393389336560818,
  "AR": 0.28869999999999996,
  "AP": 0.19433433911747872,
  "F1": 0.23229952473242685,
  "timePerImage": 0.010720143556594848
}