{
  "AAE": 1.4102190252369997,
  "timePerImage": 0.21334371018409728
}