{
  "AUC": 0.46071097133103645,
  "AR": 0.29757000000000006,
  "AP": 0.20200788989388058,
  "F1": 0.24064911202731898,
  "AAE": 0.5153334622166039,
  "timePerImage": 0.1629930362701416
}