{
  "AUC": 0.4197367727192829,
  "AR": 0.23849000000000006,
  "AP": 0.12727314658387887,
  "F1": 0.16597283248616448,
  "timePerImage": 0.0309898624420166,
  "AAE": 1.1920207201489745
}