{
  "AUC": 0.587582417857411,
  "AR": 0.52244,
  "AP": 0.3947861754135149,
  "F1": 0.4497300557085643,
  "AAE": 1.9655764383035903,
  "timePerImage": 0.025656410694122313
}