{
  "AUC": 0.5583440645630945,
  "AR": 0.40291,
  "AP": 0.27248674084129026,
  "F1": 0.32510560419823814,
  "timePerImage": 0.17566187357902527,
  "AAE": 0.7102901917516993
}