{
  "AUC": 0.14037596868259167,
  "AR": 0.11122999999999997,
  "AP": 0.0608483170404155,
  "F1": 0.07866369709805796,
  "AAE": 1.9604720483597071,
  "timePerImage": 0.016246568202972413
}