{
  "AUC": 0.4123991776813642,
  "AR": 0.30168,
  "AP": 0.192293718440593,
  "F1": 0.23487552804344072,
  "AAE": 1.470860678057533,
  "timePerImage": 0.010036712169647216
}