{
  "AUC": 0.5815526468145091,
  "AR": 0.4375600000000001,
  "AP": 0.2918889489587502,
  "F1": 0.3501792104538714,
  "timePerImage": 0.041101260900497434,
  "AAE": 1.9400544140667977
}