{
  "AAE": 0.8837154807139056,
  "timePerImage": 0.010516160249710083,
  "AUC": 0.46071097133103645,
  "AR": 0.29757000000000006,
  "AP": 0.20200788989388058,
  "F1": 0.24064911202731898
}