{
  "AUC": 0.3269239990242882,
  "AR": 0.23557000000000014,
  "AP": 0.14862731398012718,
  "F1": 0.18226122401318812,
  "AAE": 1.5174286843431308,
  "timePerImage": 0.0020886754989624026
}