{
  "AUC": -1,
  "AR": 0.48777777777777775,
  "AP": 0.0324028762534894,
  "F1": 0.060768899612269514,
  "timePerImage": 0.344161590491191
}