{
    "AUC": 0.7075101112594027,
    "AR": 0.7091164658634533,
    "AP": 0.6089845819705746,
    "F1": 0.6552471758397126
}