{
    "AUC": 0.9376874303830005,
    "AR": 0.8690763052208833,
    "AP": 0.8467071358016577,
    "F1": 0.8577459038165343
}