{
    "AUC": 0.986378518676943,
    "AR": 0.9781124497991969,
    "AP": 0.9705803509586198,
    "F1": 0.974331843822605
}