{
    "AUC": 0.6370000461690802,
    "AR": 0.5426506024096384,
    "AP": 0.4489725116994935,
    "F1": 0.4913866981771173
}