{
    "AUC": 0.07946746710663136,
    "AR": 0.0839558232931727,
    "AP": 0.04479404883484979,
    "F1": 0.058419028872120714
}