{
    "AUC": 0.9580295660132488,
    "AR": 0.941144578313252,
    "AP": 0.9214667536555552,
    "F1": 0.9312017213834519
}