{
    "AUC": 0.019151585279618896,
    "AR": 0.02409638554216867,
    "AP": 0.012431774814867775,
    "F1": 0.01640163840634103
}