{
    "AUC": 0.20708756604252182,
    "AR": 0.21190763052208822,
    "AP": 0.12876700318281045,
    "F1": 0.16019220590128244
}