{
    "AUC": 0.9662920704195084,
    "AR": 0.9561646586345383,
    "AP": 0.9431826079449637,
    "F1": 0.9496292670900907
}