{
    "AUC": 0.9810978766533957,
    "AR": 0.9766832917705744,
    "AP": 0.9676954877439432
}