{
    "AUC": 0.8290072027009601,
    "AR": 0.8365662650602416,
    "AP": 0.7696599347794139,
    "F1": 0.8017196296128143
}