{
    "AUC": 0.975305802526495,
    "AR": 0.9588353413654621,
    "AP": 0.950114884323541,
    "F1": 0.9544551944699949
}