{
    "AUC": 0.04355743038031897,
    "AR": 0.04499999999999996,
    "AP": 0.023183529891994816,
    "F1": 0.03060149120446906
}