{
    "AUC": 0.9336908368570651,
    "AR": 0.9292168674698803,
    "AP": 0.9027892874937385,
    "F1": 0.9158124621333011
}