{
    "AUC": 0.9610467660454842,
    "AR": 0.9591566265060244,
    "AP": 0.9432639143334544,
    "F1": 0.9511438870163913
}