{
    "AUC": 0.971769157196776,
    "AR": 0.9364257028112459,
    "AP": 0.9279528799941933,
    "F1": 0.932170038680351
}