{
    "AUC": 0.020692729423919743,
    "AR": 0.024999999999999994,
    "AP": 0.012488762957246324,
    "F1": 0.016656675190228343
}