{
    "AUC": 0.9732708882265867,
    "AR": 0.9598393574297194,
    "AP": 0.9492092343798832,
    "F1": 0.9544947001374281
}