{
    "AUC": 0.5113260940344201,
    "AR": 0.47504016064256993,
    "AP": 0.3558095319043159,
    "F1": 0.4068697833319488
}