{
    "AUC": 0.020964722628413875,
    "AR": 0.026104417670682747,
    "AP": 0.013470832704379841,
    "F1": 0.01777111906832595
}