{
    "AUC": 0.6396068143541909,
    "AR": 0.5475702811244976,
    "AP": 0.4514630542282056,
    "F1": 0.49489389947891477
}