{
    "AUC": 0.6342267754301959,
    "AR": 0.5946184738955824,
    "AP": 0.48607675392552796,
    "F1": 0.5348968148921256
}