{
    "AUC": 0.49709987246437476,
    "AR": 0.3880522088353413,
    "AP": 0.28492717223948066,
    "F1": 0.32858842827591894
}