{
    "AUC": 0.9864484617807536,
    "AR": 0.971767068273093,
    "AP": 0.9647998999287144,
    "F1": 0.9682709512436527
}