{
    "AUC": 0.9887447554489722,
    "AR": 0.9694979919678717,
    "AP": 0.9624811506889349,
    "F1": 0.9659768289388903
}