{
    "AUC": 0.8766734180689969,
    "AR": 0.8688152610441771,
    "AP": 0.8169610420898461,
    "F1": 0.8420906376802744
}