{
    "AUC": 0.48365952919681476,
    "AR": 0.3638755020080322,
    "AP": 0.2627810360882113,
    "F1": 0.30517380929361093
}