{
    "AUC": 0.3850404947021491,
    "AR": 0.3757831325301209,
    "AP": 0.2604410310763427,
    "F1": 0.30765680430138365
}