{
    "AUC": 0.9398356633139421,
    "AR": 0.9435140562248987,
    "AP": 0.9180403159790489,
    "F1": 0.9306028931960555
}