{
    "AUC": 0.9669701165324329,
    "AR": 0.9565863453815261,
    "AP": 0.9439588762414409,
    "F1": 0.9502306615394878
}