{
    "AUC": 0.9652165399827707,
    "AR": 0.9369477911646583,
    "AP": 0.9187460253709872,
    "F1": 0.9277576413114274
}