{
    "AUC": 0.6370001633806491,
    "AR": 0.5426104417670681,
    "AP": 0.4489682333317095,
    "F1": 0.4913676696470523
}