{
    "AUC": 0.01957457807420157,
    "AR": 0.02409638554216867,
    "AP": 0.012428616748400524,
    "F1": 0.016398889645115294
}