{
    "AUC": 0.9839980225041539,
    "AR": 0.962088353413655,
    "AP": 0.9532036089084766,
    "F1": 0.9576253736802024
}