{
    "AUC": 0.9604586757593402,
    "AR": 0.9569477911646588,
    "AP": 0.9412816895943773,
    "F1": 0.9490500941549972
}