{
    "AUC": 0.8889933231036056,
    "AR": 0.8895582329317262,
    "AP": 0.8447413446109007,
    "F1": 0.8665707211451749
}