{
    "AUC": 0.02082751469507125,
    "AR": 0.026104417670682747,
    "AP": 0.013486324670746525,
    "F1": 0.017784594641419436
}