{
    "AUC": 0.6612275427434812,
    "AR": 0.6701606425702803,
    "AP": 0.5592838807125813,
    "F1": 0.6097225824825769
}