{
    "AUC": 0.9394778428881742,
    "AR": 0.9397590361445777,
    "AP": 0.9150483930903247,
    "F1": 0.9272391110390608
}