{
    "AUC": 0.05626362010966736,
    "AR": 0.057530120481927696,
    "AP": 0.029863896165960364,
    "F1": 0.039317875762813946
}