{
    "AUC": 0.4127022054699244,
    "AR": 0.4296987951807227,
    "AP": 0.3068324296701363,
    "F1": 0.3580174767969381
}