{
    "AUC": 0.46218396940095624,
    "AR": 0.4171485943775102,
    "AP": 0.30079997602983727,
    "F1": 0.3495467290043962
}