{
    "AUC": 0.8989828431621578,
    "AR": 0.9015662650602403,
    "AP": 0.8603770485539731,
    "F1": 0.8804902135213634
}