{
    "AUC": 0.4168284263465318,
    "AR": 0.4309437751004015,
    "AP": 0.30914239085927675,
    "F1": 0.3600202113971656
}