{
    "AUC": 0.9685170217113389,
    "AR": 0.9500200803212846,
    "AP": 0.9377225099375355,
    "F1": 0.9438312392875481
}