{
    "AUC": 0.6117568086593707,
    "AR": 0.602248995983936,
    "AP": 0.48634241448243143,
    "F1": 0.5381251918953973
}