{
    "AUC": 0.9652278690935794,
    "AR": 0.9369477911646583,
    "AP": 0.9187451469756167,
    "F1": 0.9277571934554432
}