{
    "AUC": 0.9782565560722684,
    "AR": 0.9652610441767077,
    "AP": 0.9570826946491321,
    "F1": 0.9611544725760159
}