{
    "AUC": 0.01911068933267316,
    "AR": 0.02409638554216867,
    "AP": 0.012445407463757135,
    "F1": 0.016413498726099394
}