{
    "AUC": 0.9438418866166085,
    "AR": 0.9305220883534144,
    "AP": 0.9040445170558179,
    "F1": 0.9170922325685545
}