{
    "AUC": 0.9626013643251754,
    "AR": 0.958534136546185,
    "AP": 0.9433214476093996,
    "F1": 0.9508669499437693
}