{
    "AUC": 0.9014216813033225,
    "AR": 0.906887550200803,
    "AP": 0.867130872760171,
    "F1": 0.8865637275495816
}