{
    "AUC": 0.9649527584451135,
    "AR": 0.9571686746987953,
    "AP": 0.9419530747642948,
    "F1": 0.9494999216932704
}