{
    "AUC": 0.9711454513707003,
    "AR": 0.9636947791164665,
    "AP": 0.9519224010148423,
    "F1": 0.9577724166361182
}