{
    "AUC": 0.4443003076155857,
    "AR": 0.3948192771084339,
    "AP": 0.2811389022921656,
    "F1": 0.32841989801345095
}