{
    "AUC": 0.019060819111923272,
    "AR": 0.02409638554216867,
    "AP": 0.012437184621027098,
    "F1": 0.016406345963379806
}