{
    "AUC": 0.9459589564966615,
    "AR": 0.8780923694779116,
    "AP": 0.8604516475527003,
    "F1": 0.869182509754563
}