{
    "AUC": 0.48327043596292335,
    "AR": 0.358995983935743,
    "AP": 0.2596038806108953,
    "F1": 0.30131513404629623
}