{
    "AUC": 0.0010831704142859574,
    "AR": 0.0,
    "AP": 3.560869005154625e-07
}