{
    "AUC": 0.49056413654831155,
    "AR": 0.4937655860349132,
    "AP": 0.36878501999365676
}