{
    "AUC": 0.0024621307096850988,
    "AR": 0.0024937655860349127,
    "AP": 0.001249953932901736
}