{
    "AUC": 0.00010863231368814143,
    "AR": 0.0,
    "AP": 9.78119898034913e-08
}