{
    "AUC": 0.000989728347134918,
    "AR": 0.0,
    "AP": 4.964891267888255e-08
}