{
    "AUC": 0.004007809739374786,
    "AR": 0.0,
    "AP": 1.0466035708136917e-06
}