{
    "AUC": 0.0006042513835531298,
    "AR": 0.0,
    "AP": 2.6464979216463707e-07
}