{
    "AUC": 0.0005805856657903658,
    "AR": 0.0,
    "AP": 1.0428590142097073e-06
}