{
    "AUC": 0.6385047735227353,
    "AR": 0.5468329177057357,
    "AP": 0.4031890510428877
}