{
    "AUC": 0.4468009177407425,
    "AR": 0.3067581047381546,
    "AP": 0.16469833046647414
}