{
    "AUC": 0.507004659843293,
    "AR": 0.3438902743142146,
    "AP": 0.20602448643714133
}