{
    "AUC": 0.9456734744024604,
    "AR": 0.8343640897755609,
    "AP": 0.7985804948092549
}