{
    "AUC": 0.9913033069934974,
    "AR": 0.9828678304239401,
    "AP": 0.9797214231622202
}