{
    "AUC": 0.9939440541622685,
    "AR": 0.9736144578313262,
    "AP": 0.9737102415291565,
    "F1": 0.9736623473245692
}