{
    "AUC": 0.9462683478757997,
    "AR": 0.9452208835341359,
    "AP": 0.9207835035596809,
    "F1": 0.9328421763614864
}