{
    "AUC": 0.44037800811917144,
    "AR": 0.3932530120481929,
    "AP": 0.2802424981404223,
    "F1": 0.32726634351806577
}