{
    "AUC": 0.97338934056252,
    "AR": 0.9612449799196792,
    "AP": 0.9511041151927412,
    "F1": 0.956147659908533
}