{
    "AUC": 0.6896800799335717,
    "AR": 0.6875702811244983,
    "AP": 0.5823257456233568,
    "F1": 0.6305868641067638
}