{
    "AUC": 0.9397743469923426,
    "AR": 0.9437751004016055,
    "AP": 0.9190487496942478,
    "F1": 0.9312478213890455
}