{
    "AUC": 0.9376915042201864,
    "AR": 0.8690963855421684,
    "AP": 0.8477127594287751,
    "F1": 0.8582714011696336
}