{
    "AUC": 0.9635988647099051,
    "AR": 0.9543373493975904,
    "AP": 0.9382800131284454,
    "F1": 0.9462405644705892
}