{
    "AUC": 0.016342274274526843,
    "AR": 0.01684738955823292,
    "AP": 0.009199650354238396,
    "F1": 0.011900783646680752
}