{
    "AUC": 0.7643804463087934,
    "AR": 0.7424497991967872,
    "AP": 0.6556400630865069,
    "F1": 0.6963498503436112
}