{
    "AUC": 0.019825942126609767,
    "AR": 0.02409638554216867,
    "AP": 0.01241424028198987,
    "F1": 0.016386370449449444
}