{
    "AUC": 0.01860048047954859,
    "AR": 0.02126506024096387,
    "AP": 0.010348981742475083,
    "F1": 0.013922403234717832
}