{
    "AUC": 0.9398075851330931,
    "AR": 0.9435140562248987,
    "AP": 0.9180405950822257,
    "F1": 0.9306030365930364
}