{
    "AUC": 0.9584827105415358,
    "AR": 0.9069678714859435,
    "AP": 0.8942606561143979,
    "F1": 0.9005694406919352
}