{
    "AUC": 0.9241045403972138,
    "AR": 0.9094377510040161,
    "AP": 0.875882618022641,
    "F1": 0.8923448498067593
}