{
    "AUC": 0.9821687812492509,
    "AR": 0.9681325301204822,
    "AP": 0.9597330689298685,
    "F1": 0.9639145018418909
}