{
    "AUC": 0.9713856804755988,
    "AR": 0.95570281124498,
    "AP": 0.9441043684014847,
    "F1": 0.9498681852101128
}