{
    "AUC": 0.7596090158626723,
    "AR": 0.6914658634538157,
    "AP": 0.6133723290419432,
    "F1": 0.6500821780951108
}