{
    "AUC": 0.901410572261033,
    "AR": 0.9020281124497986,
    "AP": 0.8593407889870122,
    "F1": 0.8801671804342162
}