{
    "AUC": 0.4145145187491539,
    "AR": 0.4315060240963855,
    "AP": 0.30869447372769293,
    "F1": 0.35991201143563956
}