{
    "AUC": 0.5065055312319915,
    "AR": 0.4239759036144581,
    "AP": 0.31725140939158647,
    "F1": 0.362930374015134
}