{
    "AUC": 0.9635587875799875,
    "AR": 0.9544979919678714,
    "AP": 0.9382914365014526,
    "F1": 0.9463253318627681
}