{
    "AUC": 0.44430046176338844,
    "AR": 0.3948192771084339,
    "AP": 0.2811392239110822,
    "F1": 0.3284201174598287
}