{
    "AUC": 0.8801708697516594,
    "AR": 0.8389156626506031,
    "AP": 0.7935048743463388,
    "F1": 0.8155786482610141
}