{
    "AUC": 0.9393999517078037,
    "AR": 0.9350803212851397,
    "AP": 0.9117295994105836,
    "F1": 0.9232573392510848
}