{
    "AUC": 0.9635996817458513,
    "AR": 0.9543373493975904,
    "AP": 0.9382799408153912,
    "F1": 0.9462405276979399
}