{
    "AUC": 0.9927800847435325,
    "AR": 0.9810642570281114,
    "AP": 0.9804719175028805,
    "F1": 0.9807679978289314
}