{
    "AUC": 0.9373673791046708,
    "AR": 0.9417670682730919,
    "AP": 0.916138432301395,
    "F1": 0.9287759848431542
}