{
    "AUC": 0.4144874858082117,
    "AR": 0.4315060240963855,
    "AP": 0.3086945498787435,
    "F1": 0.3599120631940382
}