{
    "AUC": 0.7191500095986626,
    "AR": 0.6918473895582332,
    "AP": 0.5952219665849036,
    "F1": 0.6399076503903435
}