{
    "AUC": 0.8135511612540962,
    "AR": 0.7777510040160645,
    "AP": 0.7096742446747851,
    "F1": 0.7421547493643158
}