{
    "AUC": 0.958973225574584,
    "AR": 0.9565863453815262,
    "AP": 0.9403011412945403,
    "F1": 0.9483738372750703
}