{
    "AUC": 0.9734320104069444,
    "AR": 0.9564658634538152,
    "AP": 0.944528817026701,
    "F1": 0.9504598616826203
}