{
    "AUC": 0.9037401271753681,
    "AR": 0.9077108433734938,
    "AP": 0.8687458877414559,
    "F1": 0.887801035203514
}