{
    "AUC": 0.9589828120387665,
    "AR": 0.9565863453815262,
    "AP": 0.9403009641030928,
    "F1": 0.9483737471515797
}