{
    "AUC": 0.9600875675299797,
    "AR": 0.9532730923694778,
    "AP": 0.9363535620239758,
    "F1": 0.944737579295297
}