{
    "AUC": 0.8052857858396989,
    "AR": 0.7977510040160645,
    "AP": 0.7211356652402864,
    "F1": 0.7575110278094576
}