{
    "AUC": 0.9000271263473606,
    "AR": 0.9064056224899595,
    "AP": 0.8661984423215396,
    "F1": 0.8858460317203208
}