{
    "AUC": 0.678040960672121,
    "AR": 0.6016465863453818,
    "AP": 0.5034119839238006,
    "F1": 0.5481629839390919
}