{
    "AUC": 0.9657307018952749,
    "AR": 0.9415662650602409,
    "AP": 0.9231617873432174,
    "F1": 0.9322732020197257
}