{
    "AUC": 0.9798961128864656,
    "AR": 0.9671887550200806,
    "AP": 0.9616136400003028,
    "F1": 0.9643931402028273
}