{
    "AUC": 0.4832874950756549,
    "AR": 0.358995983935743,
    "AP": 0.2596139447473234,
    "F1": 0.30132191294250793
}