{
    "AUC": 0.3841948500784418,
    "AR": 0.3847590361445781,
    "AP": 0.26677308078635076,
    "F1": 0.31508301974791997
}