{
    "AUC": 0.9005063609091661,
    "AR": 0.8985943775100392,
    "AP": 0.8583887265780462,
    "F1": 0.8780315321488303
}