{
    "AUC": 0.5903903099157106,
    "AR": 0.5441566265060238,
    "AP": 0.433332659298589,
    "F1": 0.48246224580294345
}