{
    "AUC": 0.3290475482175616,
    "AR": 0.33471887550200763,
    "AP": 0.22401185627801015,
    "F1": 0.2683976103967528
}