{
    "AUC": 0.9672843580048818,
    "AR": 0.9537148594377509,
    "AP": 0.9410843259661504,
    "F1": 0.9473574957934745
}