{
    "AUC": 0.1432632917258127,
    "AR": 0.1334738955823294,
    "AP": 0.07518330255992646,
    "F1": 0.09618655253461951
}