{
    "AUC": 0.9037185991334639,
    "AR": 0.9077108433734938,
    "AP": 0.8687461733744939,
    "F1": 0.8878011843538185
}