{
    "AUC": 0.7929448253937594,
    "AR": 0.7832329317269074,
    "AP": 0.7019060811447507,
    "F1": 0.7403427597918152
}