{
    "AUC": 0.5270582860114748,
    "AR": 0.4537148594377511,
    "AP": 0.344333426590026,
    "F1": 0.3915281693608576
}