{
    "AUC": 0.41363204139308557,
    "AR": 0.4278714859437747,
    "AP": 0.30575213220845454,
    "F1": 0.35664778478100406
}