{
    "AUC": 0.9528460980727611,
    "AR": 0.9513654618473891,
    "AP": 0.9324316219569636,
    "F1": 0.9418033909180077
}