{
    "AUC": 0.6403879832978763,
    "AR": 0.6120682730923696,
    "AP": 0.5012693364500451,
    "F1": 0.5511554706954298
}