{
    "AUC": 0.9249968624497993,
    "AR": 0.9067269076305218,
    "AP": 0.8768599423383404,
    "F1": 0.891543357090126
}