{
    "AUC": 0.0223368134700966,
    "AR": 0.027931726907630506,
    "AP": 0.01356954770859385,
    "F1": 0.01826550651089322
}