{
    "AUC": 0.46077739824335023,
    "AR": 0.34951807228915643,
    "AP": 0.2512203596354429,
    "F1": 0.2923270799847526
}