{
    "AUC": 0.42588334362498936,
    "AR": 0.37413654618473896,
    "AP": 0.26207124455770225,
    "F1": 0.30823398178991795
}