{
    "AUC": 0.9294584344519435,
    "AR": 0.9130722891566265,
    "AP": 0.8846895914072416,
    "F1": 0.8986568901615476
}