{
    "AUC": 0.933863213104785,
    "AR": 0.928734939759037,
    "AP": 0.9023406453668805,
    "F1": 0.9153475604441651
}