{
    "AUC": 0.9112399053667555,
    "AR": 0.9109437751004017,
    "AP": 0.8758307815055256,
    "F1": 0.8930422649058802
}