{
    "AUC": 0.022109639973320848,
    "AR": 0.026104417670682747,
    "AP": 0.013512199847858824,
    "F1": 0.01780707847221722
}