{
    "AUC": 0.9021769279075097,
    "AR": 0.9021485943775094,
    "AP": 0.8624406014137294,
    "F1": 0.8818478296877633
}