{
    "AUC": 0.920919564821704,
    "AR": 0.9172690763052215,
    "AP": 0.8853642347752364,
    "F1": 0.9010343133392953
}