{
    "AUC": 0.9112078783481843,
    "AR": 0.8573493975903611,
    "AP": 0.824075656693552,
    "F1": 0.8403832999098395
}