{
    "AUC": 0.7976815879706817,
    "AR": 0.795803212851405,
    "AP": 0.7205461614402159,
    "F1": 0.7563071677326962
}