{
    "AUC": 0.9132135633856803,
    "AR": 0.861907630522088,
    "AP": 0.8247267618045362,
    "F1": 0.8429073809108539
}