{
    "AUC": 0.5661967478248421,
    "AR": 0.5530120481927714,
    "AP": 0.4349011947810585,
    "F1": 0.4868961970048774
}