{
    "AUC": 0.8798134568427706,
    "AR": 0.8055220883534135,
    "AP": 0.763552725529374,
    "F1": 0.7839761120304465
}