{
    "AUC": 0.9682429437582232,
    "AR": 0.9454216867469871,
    "AP": 0.9309196896143103,
    "F1": 0.9381146461609273
}