{
    "AUC": 0.9794048981761055,
    "AR": 0.9748379052369088,
    "AP": 0.9652255342794612
}