{
    "AUC": 0.9314169945086469,
    "AR": 0.893353413654618,
    "AP": 0.8683507134084825,
    "F1": 0.8806746401464326
}