{
    "AUC": 0.9188382534358941,
    "AR": 0.9146787148594381,
    "AP": 0.8811488164848471,
    "F1": 0.8976007472821838
}