{
    "AUC": 0.9537191443353068,
    "AR": 0.9406827309236943,
    "AP": 0.9199905917763712,
    "F1": 0.9302216049838052
}