{
    "AUC": 0.7943615031387573,
    "AR": 0.7743574297188757,
    "AP": 0.6960222724460363,
    "F1": 0.7331031802531711
}