{
    "AUC": 0.9622752126416724,
    "AR": 0.9468072289156619,
    "AP": 0.9301904148865728,
    "F1": 0.9384252686632139
}