{
    "AUC": 0.8416210646558046,
    "AR": 0.8342971887550202,
    "AP": 0.7721551532299681,
    "F1": 0.8020242577834084
}