{
    "AUC": 0.7012194846802943,
    "AR": 0.7104618473895579,
    "AP": 0.6106323615875187,
    "F1": 0.6567752590865301
}