{
    "AUC": 0.8888536820549525,
    "AR": 0.8895582329317262,
    "AP": 0.8447967136853961,
    "F1": 0.866599854059068
}