{
    "AUC": 0.9370886115546984,
    "AR": 0.8946787148594372,
    "AP": 0.871847309496198,
    "F1": 0.8831154703177846
}