{
    "AUC": 0.9761229784603611,
    "AR": 0.9517269076305217,
    "AP": 0.9421510993179676,
    "F1": 0.9469147949179114
}