{
    "AUC": 0.9305226973948365,
    "AR": 0.9244578313253016,
    "AP": 0.8951109033441573,
    "F1": 0.9095477062607286
}