{
    "AUC": 0.736674943664808,
    "AR": 0.705783132530121,
    "AP": 0.612849088741314,
    "F1": 0.6560412261168893
}