{
    "AUC": 0.934238804899287,
    "AR": 0.9031124497991964,
    "AP": 0.8753489939498378,
    "F1": 0.8890140150453057
}