{
    "AUC": 0.9359757697949382,
    "AR": 0.9154819277108436,
    "AP": 0.8908882936167437,
    "F1": 0.9030176901564101
}