{
    "AUC": 0.9572794384407944,
    "AR": 0.9382530120481922,
    "AP": 0.9198715294145624,
    "F1": 0.9289713513940909
}