{
    "AUC": 0.022149823784935657,
    "AR": 0.02781124497991967,
    "AP": 0.013561244466067811,
    "F1": 0.018232168145007298
}