{
    "AUC": 0.6459641382431132,
    "AR": 0.6527510040160642,
    "AP": 0.5432581245383571,
    "F1": 0.5929926081097815
}