{
    "AUC": 0.895920304772528,
    "AR": 0.9033935742971883,
    "AP": 0.860737881047656,
    "F1": 0.8815500324953179
}