{
    "AUC": 0.021635532406364427,
    "AR": 0.026104417670682747,
    "AP": 0.013509847347235182,
    "F1": 0.01780503551737627
}