{
    "AUC": 0.05453983005523587,
    "AR": 0.056224899598393524,
    "AP": 0.029801561102198972,
    "F1": 0.038955218364225615
}