{
    "AUC": 0.9058892461046265,
    "AR": 0.8768072289156634,
    "AP": 0.8414587217886332,
    "F1": 0.8587693771106777
}