{
    "AUC": 0.022242817423540315,
    "AR": 0.02781124497991967,
    "AP": 0.013579164794753865,
    "F1": 0.01824835660171132
}