{
    "AUC": 0.941605914968475,
    "AR": 0.9159437751004018,
    "AP": 0.8916622415592468,
    "F1": 0.9036399216655633
}