{
    "AUC": 0.9770476123219394,
    "AR": 0.9536345381526103,
    "AP": 0.9430618076847598,
    "F1": 0.948318705199777
}