{
    "AUC": 0.4258841500231134,
    "AR": 0.37413654618473896,
    "AP": 0.26207167527352304,
    "F1": 0.3082342796983704
}