{
    "AUC": 0.9247714427457039,
    "AR": 0.9073694779116463,
    "AP": 0.8767564055311953,
    "F1": 0.8918003032469534
}