{
    "AUC": 0.5567248895889072,
    "AR": 0.562309236947791,
    "AP": 0.442149951841076,
    "F1": 0.49504251603500027
}