{
    "AUC": 0.7336195329442077,
    "AR": 0.7150803212851405,
    "AP": 0.6199478929449634,
    "F1": 0.6641245986292265
}