{
    "AUC": 0.2765731718131346,
    "AR": 0.283273092369478,
    "AP": 0.18328413913587116,
    "F1": 0.2225641844957691
}