{
    "AUC": 0.9222344775652027,
    "AR": 0.920722891566266,
    "AP": 0.8901516447313965,
    "F1": 0.9051792157232477
}