{
    "AUC": 0.9198786314607527,
    "AR": 0.9097590361445784,
    "AP": 0.8768253568971933,
    "F1": 0.8929886488035226
}