{
    "AUC": 0.9000746067273044,
    "AR": 0.9017068273092363,
    "AP": 0.8615346548474503,
    "F1": 0.8811631170215619
}