{
    "AUC": 0.020901085060034484,
    "AR": 0.02409638554216867,
    "AP": 0.01244726330406309,
    "F1": 0.016415112611313332
}