{
    "AUC": 0.09789365567417534,
    "AR": 0.0970883534136546,
    "AP": 0.052393576244135556,
    "F1": 0.06805914345153484
}