{
    "AUC": 0.8957546261617706,
    "AR": 0.9033132530120477,
    "AP": 0.8606981270137133,
    "F1": 0.8814909402259977
}