{
    "AUC": 0.02045105290117956,
    "AR": 0.022088353413654605,
    "AP": 0.01140542183088772,
    "F1": 0.015043212441303404
}