{
    "AUC": 0.9689677351470365,
    "AR": 0.9477710843373488,
    "AP": 0.9328341361108134,
    "F1": 0.9402432909103049
}