{
    "AUC": 0.9371997440707927,
    "AR": 0.9248995983935747,
    "AP": 0.895776180844848,
    "F1": 0.9101049614231566
}