{
    "AUC": 0.9181037522444573,
    "AR": 0.9127911646586345,
    "AP": 0.8789163450553494,
    "F1": 0.8955335286490496
}