{
    "AUC": 0.9189113694963179,
    "AR": 0.9146787148594381,
    "AP": 0.8811552447712947,
    "F1": 0.8976040825564846
}