{
    "AUC": 0.7449928197044678,
    "AR": 0.7358354114713221,
    "AP": 0.6428826715970491
}