{
    "AUC": 0.00016667841963215348,
    "AR": 0.0,
    "AP": 3.558455459524704e-07
}