{
    "AUC": 0.011157546986002203,
    "AR": 0.004987531172069825,
    "AP": 0.0025507197812842347
}