{
    "AUC": 0.12822436643939195,
    "AR": 0.12967581047381552,
    "AP": 0.07324581314792818
}