{
    "AUC": 0.0138503440420769,
    "AR": 0.007481296758104738,
    "AP": 0.003820116813013327
}