{
    "AUC": 0.0010952697189557585,
    "AR": 0.0,
    "AP": 1.1637339988029831e-07
}