{
    "AUC": 0.004818686638181003,
    "AR": 0.004987531172069825,
    "AP": 0.002505556439869593
}