{
    "AUC": 0.0002285323950948409,
    "AR": 0.0,
    "AP": 2.946738178894589e-08
}