{
    "AUC": 0.017772789809735286,
    "AR": 0.0024937655860349127,
    "AP": 0.0012713369396474652
}