{
    "AUC": 0.10844286595171965,
    "AR": 0.10972568578553604,
    "AP": 0.06088270595332119
}