{
    "AUC": 0.6821063560366518,
    "AR": 0.5879551122194514,
    "AP": 0.45971952235452973
}