{
    "AUC": 0.016641239730979376,
    "AR": 0.014962593516209476,
    "AP": 0.007563688599178456
}