{
    "AUC": 0.9544522696999315,
    "AR": 0.8795760598503742,
    "AP": 0.8466169722293433
}