{
    "AUC": 0.01836766880544412,
    "AR": 0.012468827930174578,
    "AP": 0.006310276141760277
}