{
    "AUC": 0.804896207972531,
    "AR": 0.7917705735660853,
    "AP": 0.7138275413488289
}