{
    "AUC": 0.4747232389982657,
    "AR": 0.329925187032419,
    "AP": 0.1972163778369505
}