{
    "AUC": 0.34728510527865597,
    "AR": 0.2165835411471322,
    "AP": 0.10831842516942593
}