{
    "AUC": 0.547083223109995,
    "AR": 0.4949598393574297,
    "AP": 0.37714566611773065,
    "F1": 0.42809489710600085
}