{
    "AUC": 0.7054139267796473,
    "AR": 0.7126305220883532,
    "AP": 0.6138565691224618,
    "F1": 0.6595660526809936
}