{
    "AUC": 0.9302380715305141,
    "AR": 0.8928714859437744,
    "AP": 0.8678860306576233,
    "F1": 0.8802014843234561
}