{
    "AUC": 0.9108850841353271,
    "AR": 0.9112248995983937,
    "AP": 0.8758364665076676,
    "F1": 0.8931802918408515
}