{
    "AUC": 0.7365845797916081,
    "AR": 0.7075702811244987,
    "AP": 0.614352407324876,
    "F1": 0.6576746270544437
}