{
    "AUC": 0.9324826882778825,
    "AR": 0.9243775100401609,
    "AP": 0.8947840282316188,
    "F1": 0.9093400609450206
}