{
    "AUC": 0.9341218337058464,
    "AR": 0.9200000000000005,
    "AP": 0.8962522091303898,
    "F1": 0.9079708514653361
}