{
    "AUC": 0.022278841962714152,
    "AR": 0.02769076305220883,
    "AP": 0.013570335371902987,
    "F1": 0.018214393492868467
}