{
    "AUC": 0.6202857227376208,
    "AR": 0.5820682730923692,
    "AP": 0.471726170876826,
    "F1": 0.521120298604984
}