{
    "AUC": 0.9273340345369192,
    "AR": 0.9230522088353416,
    "AP": 0.8930544988561251,
    "F1": 0.9078056088756316
}