{
    "AUC": 0.933764581953159,
    "AR": 0.9087148594377508,
    "AP": 0.8822011438706188,
    "F1": 0.8952617397658896
}