{
    "AUC": 0.9458826533203567,
    "AR": 0.9317670682730933,
    "AP": 0.9095045992794913,
    "F1": 0.9205012481161682
}