{
    "AUC": 0.4354915523730861,
    "AR": 0.2974297188755021,
    "AP": 0.20657460412377415,
    "F1": 0.24381309297396844
}