{
    "AUC": 0.9262672472605131,
    "AR": 0.890903614457831,
    "AP": 0.8624239246538297,
    "F1": 0.8764324685828977
}