{
    "AUC": 0.9262577721779102,
    "AR": 0.890903614457831,
    "AP": 0.8624243909268815,
    "F1": 0.8764327093546479
}