{
    "AUC": 0.9090258462379902,
    "AR": 0.9139959839357431,
    "AP": 0.8785720013042719,
    "F1": 0.895933975617638
}