{
    "AUC": 0.6068648207018761,
    "AR": 0.5638353413654618,
    "AP": 0.4492464522547261,
    "F1": 0.5000603670096762
}