{
    "AUC": 0.42786723974185686,
    "AR": 0.37781124497991997,
    "AP": 0.26519735521030025,
    "F1": 0.31164293263805554
}