{
    "AUC": 0.5042640625898759,
    "AR": 0.5120481927710838,
    "AP": 0.3900751048189025,
    "F1": 0.4428158612045743
}