{
    "AUC": 0.9481173161482243,
    "AR": 0.918755020080321,
    "AP": 0.8978802099951364,
    "F1": 0.9081976796514502
}