{
    "AUC": 0.701224442842981,
    "AR": 0.7104618473895579,
    "AP": 0.6106322679512747,
    "F1": 0.6567752049253704
}