{
    "AUC": 0.9192917608246426,
    "AR": 0.9150000000000003,
    "AP": 0.8812190748555075,
    "F1": 0.897791883829818
}