{
    "AUC": 0.9275161963349495,
    "AR": 0.918955823293173,
    "AP": 0.8890014749275751,
    "F1": 0.9037305063619555
}