{
    "AUC": 0.8750615512248326,
    "AR": 0.7984939759036153,
    "AP": 0.7550739817980504,
    "F1": 0.7761772156002196
}