{
    "AUC": 0.021808423284214926,
    "AR": 0.026104417670682747,
    "AP": 0.013530520763997293,
    "F1": 0.01782298039429676
}