{
    "AUC": 0.9688909646814406,
    "AR": 0.9372489959839361,
    "AP": 0.9258258778186974,
    "F1": 0.9315024174744403
}