{
    "AUC": 0.2687485750863717,
    "AR": 0.26451807228915675,
    "AP": 0.16738587821205603,
    "F1": 0.20502979785991235
}