{
    "AUC": 0.9252986311287045,
    "AR": 0.9193975903614465,
    "AP": 0.8898632899751696,
    "F1": 0.9043893818143728
}