{
    "AUC": 0.6818728494881382,
    "AR": 0.6909036144578318,
    "AP": 0.5875490298912263,
    "F1": 0.6350485490680505
}