{
    "AUC": 0.022375215146299487,
    "AR": 0.026365461847389575,
    "AP": 0.013531961928100494,
    "F1": 0.017884684883079496
}