{
    "AUC": 0.49553539799940916,
    "AR": 0.4080722891566264,
    "AP": 0.3023234569624658,
    "F1": 0.3473270379852086
}