{
    "AUC": 0.895931254547386,
    "AR": 0.9031124497991962,
    "AP": 0.8606935421791002,
    "F1": 0.8813929161584113
}