{
    "AUC": 0.9084563549501954,
    "AR": 0.9134738955823296,
    "AP": 0.8770868349846659,
    "F1": 0.8949106436213571
}