{
    "AUC": 0.9109719316238706,
    "AR": 0.9118674698795182,
    "AP": 0.8768758453772989,
    "F1": 0.8940294023213277
}