{
    "AUC": 0.9249805920791232,
    "AR": 0.9067269076305218,
    "AP": 0.8768390019347697,
    "F1": 0.8915325331688194
}