{
    "AUC": 0.911190709714125,
    "AR": 0.8573493975903611,
    "AP": 0.8240781191858189,
    "F1": 0.8403845803665494
}