{
    "AUC": 0.9726844509669327,
    "AR": 0.9463855421686742,
    "AP": 0.9351176528886023,
    "F1": 0.9407178571318211
}