{
    "AUC": 0.9522529922903346,
    "AR": 0.9349196787148593,
    "AP": 0.9151168941808809,
    "F1": 0.9249123019821994
}