{
    "AUC": 0.8750748279202636,
    "AR": 0.7984939759036153,
    "AP": 0.7550568395121068,
    "F1": 0.7761681585599182
}