{
    "AUC": 0.43110857051843005,
    "AR": 0.30006024096385536,
    "AP": 0.20958893683274218,
    "F1": 0.24679449954686353
}