{
    "AUC": 0.9217155480690045,
    "AR": 0.9173895582329322,
    "AP": 0.883152735183735,
    "F1": 0.8999456447590631
}