{
    "AUC": 0.9483557309741524,
    "AR": 0.9341767068273101,
    "AP": 0.9118702317306038,
    "F1": 0.9228887005412701
}