{
    "AUC": 0.705667655424128,
    "AR": 0.7130120481927709,
    "AP": 0.6144386677221039,
    "F1": 0.6600654437998266
}