{
    "AUC": 0.9111611676591423,
    "AR": 0.9109437751004017,
    "AP": 0.8758329830470641,
    "F1": 0.893043409364173
}