{
    "AUC": 0.9420931716240005,
    "AR": 0.9269879518072294,
    "AP": 0.90215104044978,
    "F1": 0.9144008724841591
}