{
    "AUC": 0.963072542313633,
    "AR": 0.9415863453815255,
    "AP": 0.9248232919429613,
    "F1": 0.9331295404502783
}