{
    "AUC": 0.46112696213295074,
    "AR": 0.4166465863453816,
    "AP": 0.3020329415052689,
    "F1": 0.3502005808301687
}