{
    "AUC": 0.9136558130200756,
    "AR": 0.86004016064257,
    "AP": 0.828620804500473,
    "F1": 0.8440381870898468
}