{
    "AUC": 0.9231559219903056,
    "AR": 0.8784136546184738,
    "AP": 0.8464060364934443,
    "F1": 0.8621128615803827
}