{
    "AUC": 0.5374201588371889,
    "AR": 0.47534136546184763,
    "AP": 0.3633345221141377,
    "F1": 0.41185857473579623
}