{
    "AUC": 0.8958499658759178,
    "AR": 0.9031124497991962,
    "AP": 0.8606940885992933,
    "F1": 0.8813932026676514
}