{
    "AUC": 0.8898852362794056,
    "AR": 0.8259839357429718,
    "AP": 0.7833122676232505,
    "F1": 0.8040823664081783
}