{
    "AUC": 0.4354848290936446,
    "AR": 0.2975100401606427,
    "AP": 0.2065752561036583,
    "F1": 0.24384052935109132
}