{
    "AUC": 0.789932075476068,
    "AR": 0.8037951807228912,
    "AP": 0.7278608787295036,
    "F1": 0.7639457474136512
}