{
    "AUC": 0.7792615166932456,
    "AR": 0.4219879518072288,
    "AP": 0.35419735794761614,
    "F1": 0.38513230213814525
}