{
    "AUC": 0.7805141194267321,
    "AR": 0.7911646586345387,
    "AP": 0.7112461881903231,
    "F1": 0.7490798523904828
}