{
    "AUC": 0.8777376699582999,
    "AR": 0.8744377510040161,
    "AP": 0.8256522167389505,
    "F1": 0.8493450125762325
}