{
    "AUC": 0.017028836530927315,
    "AR": 0.016987951807228913,
    "AP": 0.009261741948910286,
    "F1": 0.01198779896944745
}