{
    "AUC": 0.4840370796046,
    "AR": 0.4642771084337352,
    "AP": 0.34441312529787016,
    "F1": 0.395462003249543
}