{
    "AUC": 0.823541703443024,
    "AR": 0.5746987951807228,
    "AP": 0.5102727962721152,
    "F1": 0.5405729763641103
}