{
    "AUC": 0.6399878484909665,
    "AR": 0.6529116465863453,
    "AP": 0.5432836991122655,
    "F1": 0.5930741259384283
}