{
    "AUC": 0.9411512710816157,
    "AR": 0.9139357429718877,
    "AP": 0.8869499287324969,
    "F1": 0.9002406480671472
}