{
    "AUC": 0.85385538850832,
    "AR": 0.821867469879518,
    "AP": 0.7633754722551301,
    "F1": 0.791542357672413
}