{
    "AUC": 0.8457278727312351,
    "AR": 0.6827510040160646,
    "AP": 0.6145288207153615,
    "F1": 0.6468460564043447
}