{
    "AUC": 0.9341343501829128,
    "AR": 0.9118875502008033,
    "AP": 0.8851772391708445,
    "F1": 0.8983338930181219
}