{
    "AUC": 0.8923637406769938,
    "AR": 0.8379919678714863,
    "AP": 0.78734534493559,
    "F1": 0.8118795646886681
}