{
    "AUC": 0.7925234751957468,
    "AR": 0.8044377510040158,
    "AP": 0.7287747418679388,
    "F1": 0.7647392870359785
}