{
    "AUC": 0.37242069827327945,
    "AR": 0.2306425702811245,
    "AP": 0.14027288951758704,
    "F1": 0.1744489151067133
}