{
    "AUC": 0.926381469511665,
    "AR": 0.8937951807228917,
    "AP": 0.8578849017108584,
    "F1": 0.8754719522742496
}