{
    "AUC": 0.7820651202627471,
    "AR": 0.7911646586345387,
    "AP": 0.7119223435265547,
    "F1": 0.7494546850324254
}