{
    "AUC": 0.717691610342685,
    "AR": 0.32530120481927705,
    "AP": 0.2482258283429576,
    "F1": 0.2815844985789389
}