{
    "AUC": 0.006181870338496845,
    "AR": 0.0024096385542168677,
    "AP": 0.0030564437846171415,
    "F1": 0.002694772718619903
}