{
    "AUC": 0.7833333656870292,
    "AR": 0.4345582329317269,
    "AP": 0.36512025080111954,
    "F1": 0.3968245094080335
}