{
    "AUC": 0.8490654617918961,
    "AR": 0.8533333333333328,
    "AP": 0.7958178022442314,
    "F1": 0.8235726165597843
}