{
    "AUC": 0.697802970299155,
    "AR": 0.7083534136546181,
    "AP": 0.6086173580689523,
    "F1": 0.6547088097230572
}