{
    "AUC": 0.006798837139603189,
    "AR": 0.0030321285140562262,
    "AP": 0.0030668708424176896,
    "F1": 0.0030494007251702804
}