{
    "AUC": 0.7035098550050868,
    "AR": 0.7108433734939755,
    "AP": 0.6129200138984642,
    "F1": 0.6582598287746645
}