{
    "AUC": 0.8444135977777315,
    "AR": 0.7927911646586349,
    "AP": 0.7354568456743158,
    "F1": 0.7630485173820418
}