{
    "AUC": 0.9233330375490256,
    "AR": 0.9010240963855414,
    "AP": 0.8683384287161878,
    "F1": 0.8843793592224526
}