{
    "AUC": 0.8018746109419099,
    "AR": 0.8104819277108427,
    "AP": 0.7378389454148119,
    "F1": 0.7724563315002221
}