{
    "AUC": 0.022684925749509664,
    "AR": 0.01881526104417671,
    "AP": 0.009402884808830642,
    "F1": 0.012539288241549516
}