{
    "AUC": 0.8404844438691845,
    "AR": 0.7528915662650602,
    "AP": 0.6864545027924707,
    "F1": 0.7181397398271823
}