{
    "AUC": 0.4249840637176773,
    "AR": 0.27343373493975903,
    "AP": 0.17666790874851826,
    "F1": 0.21464914341241276
}