{
    "AUC": 0.6911982670485033,
    "AR": 0.703634538152611,
    "AP": 0.6024039308403794,
    "F1": 0.6490960591459618
}