{
    "AUC": 0.013267103501726203,
    "AR": 0.011566265060240971,
    "AP": 0.0071821763916340734,
    "F1": 0.0088616385600134
}