{
    "AUC": 0.8821868127182868,
    "AR": 0.8517469879518067,
    "AP": 0.7979580521149016,
    "F1": 0.8239756209670976
}