{
    "AUC": 0.43660756792699135,
    "AR": 0.3516265060240965,
    "AP": 0.24313239448167723,
    "F1": 0.2874838671608398
}