{
    "AUC": 0.77119835263507,
    "AR": 0.3636144578313253,
    "AP": 0.29728571840374435,
    "F1": 0.3271216719419525
}