{
    "AUC": 0.7928409048404725,
    "AR": 0.7983132530120478,
    "AP": 0.7215350401679239,
    "F1": 0.7579848431759577
}