{
    "AUC": 0.8235098500836924,
    "AR": 0.5746184738955822,
    "AP": 0.5102728092796658,
    "F1": 0.5405374482879479
}