{
    "AUC": 0.8986763482681038,
    "AR": 0.7606024096385543,
    "AP": 0.7091576380660478,
    "F1": 0.7339796848730641
}