{
    "AUC": 0.7817104183785477,
    "AR": 0.7911646586345387,
    "AP": 0.711931682662137,
    "F1": 0.7494598599030574
}