{
    "AUC": 0.004132771812724931,
    "AR": 0.0020080321285140547,
    "AP": 0.001039040470827312,
    "F1": 0.0013694630372105999
}