{
    "AUC": 0.7851814382210777,
    "AR": 0.7911646586345387,
    "AP": 0.7132568752537294,
    "F1": 0.7501935056331954
}