{
    "AUC": 0.39566582987498133,
    "AR": 0.4006024096385539,
    "AP": 0.2833101776457168,
    "F1": 0.3318983798519457
}