{
    "AUC": 0.003601939783043361,
    "AR": 0.0020080321285140547,
    "AP": 0.001029960567251579,
    "F1": 0.0013615529181662538
}