{
    "AUC": 0.941632581483798,
    "AR": 0.9075702811244978,
    "AP": 0.8786785602498107,
    "F1": 0.8928907658021891
}