{
    "AUC": 0.907546879398583,
    "AR": 0.8516666666666667,
    "AP": 0.8052022989715385,
    "F1": 0.8277829715921793
}