{
    "AUC": 0.9109014356290712,
    "AR": 0.8611044176706822,
    "AP": 0.8243555178873124,
    "F1": 0.8423293407433743
}