{
    "AUC": 0.8444427853633144,
    "AR": 0.7927108433734943,
    "AP": 0.7354695023628274,
    "F1": 0.7630181229854879
}