{
    "AUC": 0.690898453866356,
    "AR": 0.7028112449799202,
    "AP": 0.6018331483941891,
    "F1": 0.6484143977336146
}