{
    "AUC": 0.9425486614103977,
    "AR": 0.9381296758104746,
    "AP": 0.9146534951195241
}