{
    "AUC": 0.7924576481445411,
    "AR": 0.8044377510040158,
    "AP": 0.7287754053267939,
    "F1": 0.7647396523143772
}