{
    "AUC": 0.8939082825754197,
    "AR": 0.8867068273092381,
    "AP": 0.8446574100649937,
    "F1": 0.8651714943330914
}