{
    "AUC": 0.8242542937450285,
    "AR": 0.8217871485943777,
    "AP": 0.7561666936654446,
    "F1": 0.7876124819461536
}