{
    "AUC": 0.8121784529857857,
    "AR": 0.808935742971887,
    "AP": 0.7381239014093365,
    "F1": 0.7719092263319803
}