{
    "AUC": 0.8866698556278809,
    "AR": 0.879451371571073,
    "AP": 0.8288272756731148
}