{
    "AUC": 0.9535193372607189,
    "AR": 0.9480798004987527,
    "AP": 0.9260421712641446
}