{
    "AUC": 0.024736722621416556,
    "AR": 0.0,
    "AP": 5.359357750818442e-05
}