{
    "AUC": 0.03613223231230101,
    "AR": 0.018553615960099742,
    "AP": 0.010320847201776168
}