{
    "AUC": 0.19068814348632537,
    "AR": 0.17566084788029926,
    "AP": 0.0995630267943031
}