{
    "AUC": 0.09657168108771637,
    "AR": 0.05241895261845388,
    "AP": 0.016043233457138335
}