{
    "AUC": 0.19400493959509266,
    "AR": 0.15822942643391513,
    "AP": 0.09332651819113785
}