{
    "AUC": 0.7381205473343836,
    "AR": 0.7012468827930174,
    "AP": 0.6146019940394483
}