{
    "AUC": 0.005844096273587469,
    "AR": 0.0,
    "AP": 6.343330239795669e-05
}