{
    "AUC": 0.339103202385725,
    "AR": 0.20977556109725679,
    "AP": 0.10008966482928534
}