{
    "AUC": 0.7083456362213618,
    "AR": 0.5136658354114714,
    "AP": 0.39443569593847794
}