{
    "AUC": 0.944736574498509,
    "AR": 0.9335162094763088,
    "AP": 0.9105999995104703
}