{
    "AUC": 0.27295362914300153,
    "AR": 0.15461346633416456,
    "AP": 0.05755466633285742
}