{
    "AUC": 0.7663310091096487,
    "AR": 0.7417206982543638,
    "AP": 0.647516232165411
}