{
    "AUC": 0.8233506365171999,
    "AR": 0.5044176706827309,
    "AP": 0.4206071629027264,
    "F1": 0.45871565320362806
}