{
    "AUC": 0.8669507940437549,
    "AR": 0.8618273092369476,
    "AP": 0.8100619929829086,
    "F1": 0.83514326791927
}