{
    "AUC": 0.8351121227871675,
    "AR": 0.8320080321285143,
    "AP": 0.7696094885905762,
    "F1": 0.7995932459857052
}