{
    "AUC": 0.812216511641389,
    "AR": 0.8088955823293167,
    "AP": 0.7379875284696888,
    "F1": 0.7718163672818424
}