{
    "AUC": 0.40563733556852855,
    "AR": 0.37871485943775113,
    "AP": 0.2628103140337733,
    "F1": 0.3102923322540813
}