{
    "AUC": 0.8590055329100058,
    "AR": 0.8589558232931721,
    "AP": 0.8043929174427955,
    "F1": 0.8307794556029899
}