{
    "AUC": 0.8774304917180561,
    "AR": 0.824558232931727,
    "AP": 0.7737986944454359,
    "F1": 0.7983724701388275
}