{
    "AUC": 0.41872727302139434,
    "AR": 0.32016064257028104,
    "AP": 0.21167505272370518,
    "F1": 0.2548532243916343
}