{
    "AUC": 0.3804652240824005,
    "AR": 0.22805220883534133,
    "AP": 0.14066435617911446,
    "F1": 0.17400258179228031
}