{
    "AUC": 0.8162828018902921,
    "AR": 0.816465863453815,
    "AP": 0.7480858765018001,
    "F1": 0.7807815689278179
}