{
    "AUC": 0.8130591988205988,
    "AR": 0.8171084337349396,
    "AP": 0.74724664091265,
    "F1": 0.7806175749548153
}