{
    "AUC": 0.9238777331548417,
    "AR": 0.901405622489959,
    "AP": 0.8709326504760269,
    "F1": 0.8859071656060091
}