{
    "AUC": 0.8363676674333018,
    "AR": 0.8363253012048198,
    "AP": 0.7736637475848674,
    "F1": 0.8037751153855036
}