{
    "AUC": 0.7263582796317647,
    "AR": 0.3313654618473896,
    "AP": 0.2552738982403275,
    "F1": 0.2883848542837
}