{
    "AUC": 0.7919004349770692,
    "AR": 0.8032128514056222,
    "AP": 0.7278033651205489,
    "F1": 0.763650978808676
}