{
    "AUC": 0.003567370586850376,
    "AR": 0.0020080321285140547,
    "AP": 0.001029704804255452,
    "F1": 0.001361329420941739
}