{
    "AUC": 0.3724107311554953,
    "AR": 0.2306425702811245,
    "AP": 0.1402715858679347,
    "F1": 0.1744479069652353
}