{
    "AUC": 0.9113224293015624,
    "AR": 0.892670682730923,
    "AP": 0.8562579871132202,
    "F1": 0.8740852787532842
}