{
    "AUC": 0.9060942716073788,
    "AR": 0.87070281124498,
    "AP": 0.8342254923056042,
    "F1": 0.8520739316134724
}