{
    "AUC": 0.8096006345263863,
    "AR": 0.811927710843373,
    "AP": 0.7398362369106573,
    "F1": 0.774207369752685
}