{
    "AUC": 0.6119502943211389,
    "AR": 0.6068674698795178,
    "AP": 0.4918950227869655,
    "F1": 0.5433659956859562
}