{
    "AUC": 0.8404926328667858,
    "AR": 0.7529317269076304,
    "AP": 0.6864781998302245,
    "F1": 0.7181709767057135
}