{
    "AUC": 0.8526351290108678,
    "AR": 0.8394779116465872,
    "AP": 0.7821886931015126,
    "F1": 0.8098213636216899
}