{
    "AUC": 0.8409824894643888,
    "AR": 0.7621686746987953,
    "AP": 0.6966789954926333,
    "F1": 0.7279538741908986
}