{
    "AUC": 0.8440394401554301,
    "AR": 0.8187550200803213,
    "AP": 0.7551306110665131,
    "F1": 0.7856568055412249
}