{
    "AUC": 0.8631189882630004,
    "AR": 0.7602409638554217,
    "AP": 0.7044048496168275,
    "F1": 0.7312585976640651
}