{
    "AUC": 0.8241104781900955,
    "AR": 0.5933935742971889,
    "AP": 0.5288040639197595,
    "F1": 0.5592400534558283
}