{
    "AUC": 0.8927721584660617,
    "AR": 0.8775903614457835,
    "AP": 0.831529731363221,
    "F1": 0.8539393815218738
}