{
    "AUC": 0.6948072222370636,
    "AR": 0.7068273092369474,
    "AP": 0.6066637512599248,
    "F1": 0.6529264184751055
}