{
    "AUC": 0.8664967992620133,
    "AR": 0.8481124497991963,
    "AP": 0.7964084195244776,
    "F1": 0.8214476426819612
}