{
    "AUC": 0.8628491940507972,
    "AR": 0.8362650602409643,
    "AP": 0.782122164526397,
    "F1": 0.8082879412589039
}