{
    "AUC": 0.9284104971443076,
    "AR": 0.8961847389558227,
    "AP": 0.8646437297632007,
    "F1": 0.8801317436801064
}