{
    "AUC": 0.8493807663084771,
    "AR": 0.7928514056224901,
    "AP": 0.7312747667915787,
    "F1": 0.7608191988838128
}