{
    "AUC": 0.8884144051066721,
    "AR": 0.7461044176706825,
    "AP": 0.7034721197820202,
    "F1": 0.724161357081361
}