{
    "AUC": 0.4273600989163725,
    "AR": 0.3768875502008032,
    "AP": 0.257224045439484,
    "F1": 0.3057649189983304
}