{
    "AUC": 0.848622445069881,
    "AR": 0.8377710843373499,
    "AP": 0.7775920202680928,
    "F1": 0.8065605907857947
}