{
    "AUC": 0.007493969940638575,
    "AR": 0.0033935742971887566,
    "AP": 0.0020999799211512313,
    "F1": 0.00259447257705767
}