{
    "AUC": 0.8185381566038766,
    "AR": 0.8123493975903612,
    "AP": 0.7436944246908164,
    "F1": 0.7765073312693974
}