{
    "AUC": 0.4365146796345611,
    "AR": 0.30712851405622493,
    "AP": 0.20090781995836382,
    "F1": 0.24291380783137428
}