{
    "AUC": 0.8113862504114614,
    "AR": 0.810060240963855,
    "AP": 0.7376901568500974,
    "F1": 0.7721832500365285
}