{
    "AUC": 0.872834694158474,
    "AR": 0.6439156626506025,
    "AP": 0.573297111365441,
    "F1": 0.6065578627515924
}