{
    "AUC": 0.8934330036921461,
    "AR": 0.8685341365461847,
    "AP": 0.8220340322281888,
    "F1": 0.8446445775806817
}