{
    "AUC": 0.8079393514441015,
    "AR": 0.805642570281124,
    "AP": 0.7347626254919647,
    "F1": 0.7685718689760278
}