{
    "AUC": 0.7819521833106597,
    "AR": 0.7911646586345387,
    "AP": 0.7119238975762378,
    "F1": 0.7494555461450677
}