{
    "AUC": 0.9091079128217538,
    "AR": 0.8920682730923689,
    "AP": 0.8560381957294635,
    "F1": 0.8736819279436242
}