{
    "AUC": 0.8181380744724248,
    "AR": 0.5156224899598395,
    "AP": 0.4421699311844008,
    "F1": 0.4760796929887936
}