{
    "AUC": 0.6990003153671399,
    "AR": 0.7072891566265067,
    "AP": 0.6059669383913535,
    "F1": 0.6527193689400511
}