{
    "AUC": 0.8122263343163809,
    "AR": 0.8109036144578309,
    "AP": 0.7406667227513982,
    "F1": 0.7741954176154797
}