{
    "AUC": 0.8577446880978008,
    "AR": 0.6529919678714862,
    "AP": 0.5869449545995044,
    "F1": 0.6182094169312673
}