{
    "AUC": 0.7912874540570736,
    "AR": 0.8043975903614455,
    "AP": 0.7281546950910849,
    "F1": 0.7643796400312558
}