{
    "AUC": 0.8424660545881436,
    "AR": 0.833835341365462,
    "AP": 0.7706391874231725,
    "F1": 0.8009926968423123
}