{
    "AUC": 0.07446139338178141,
    "AR": 0.06614457831325297,
    "AP": 0.034952324981445695,
    "F1": 0.04573645129814248
}