{
    "AUC": 0.7795992629509444,
    "AR": 0.42182730923694767,
    "AP": 0.35421159250245926,
    "F1": 0.3850737962515708
}