{
    "AUC": 0.8439409716918606,
    "AR": 0.8301405622489959,
    "AP": 0.7707385182772712,
    "F1": 0.799337457391622
}