{
    "AUC": 0.7176833268379146,
    "AR": 0.32530120481927705,
    "AP": 0.2481755421902557,
    "F1": 0.2815521407002245
}