{
    "AUC": 0.8435077273434503,
    "AR": 0.7974497991967874,
    "AP": 0.7380436046675658,
    "F1": 0.766597528663323
}