{
    "AUC": 0.003099500178267509,
    "AR": 0.0020080321285140547,
    "AP": 0.0010210940777950048,
    "F1": 0.0013537829557429802
}