{
    "AUC": 0.9032762042369299,
    "AR": 0.9036144578313248,
    "AP": 0.8618046136398322,
    "F1": 0.882214451282384
}