{
    "AUC": 0.9936787589536318,
    "AR": 0.993775100401606,
    "AP": 0.9899599041969107,
    "F1": 0.9918638335325011
}