{
    "AUC": 0.010805284365415072,
    "AR": 0.014056224899598381,
    "AP": 0.007115495730702561,
    "F1": 0.009448170038645145
}