{
    "AUC": 0.01235869561508566,
    "AR": 0.016064257028112438,
    "AP": 0.008148747439850144,
    "F1": 0.010812666681173817
}