{
    "AUC": 0.06284536028573202,
    "AR": 0.06425702811244975,
    "AP": 0.03427865725765839,
    "F1": 0.044707552087126005
}