{
    "AUC": 0.9166313333773853,
    "AR": 0.9194979919678723,
    "AP": 0.8825888671815736,
    "F1": 0.900665455703604
}