{
    "AUC": 0.17659351611950327,
    "AR": 0.18875502008032122,
    "AP": 0.1122275823616397,
    "F1": 0.1407624187602143
}