{
    "AUC": 0.811753923141777,
    "AR": 0.8132530120481922,
    "AP": 0.7388308673291132,
    "F1": 0.7742576754171852
}