{
    "AUC": 0.06949844264839908,
    "AR": 0.0742971887550201,
    "AP": 0.03991418389857215,
    "F1": 0.05193023402510566
}