{
    "AUC": 0.6177158037869435,
    "AR": 0.6224899598393574,
    "AP": 0.5053816877166614,
    "F1": 0.5578560772796906
}