{
    "AUC": 0.4907833739768694,
    "AR": 0.49275100401606375,
    "AP": 0.36822762148283644,
    "F1": 0.42148440116495434
}