{
    "AUC": 0.5670225430986031,
    "AR": 0.571847389558233,
    "AP": 0.448214275964626,
    "F1": 0.5025385667085654
}