{
    "AUC": 0.591320319414954,
    "AR": 0.5943775100401608,
    "AP": 0.47418648436805566,
    "F1": 0.5275225131078315
}