{
    "AUC": 0.5068110851606608,
    "AR": 0.5097389558232936,
    "AP": 0.3843472278648585,
    "F1": 0.4382502675463424
}