{
    "AUC": 0.2896868208907498,
    "AR": 0.28945783132530134,
    "AP": 0.18743164344747348,
    "F1": 0.22753094754248113
}