{
    "AUC": 0.64714567672399,
    "AR": 0.6552811244979921,
    "AP": 0.5444690444406634,
    "F1": 0.5947576369354406
}