{
    "AUC": 0.7868728424190498,
    "AR": 0.7891365461847394,
    "AP": 0.7055833208960055,
    "F1": 0.7450246660397858
}