{
    "AUC": 0.9547487781500757,
    "AR": 0.9538152610441766,
    "AP": 0.9336720792640167,
    "F1": 0.9436361865796208
}