{
    "AUC": 0.5080979966025668,
    "AR": 0.5119879518072283,
    "AP": 0.38637949777340197,
    "F1": 0.44040252744610314
}