{
    "AUC": 0.926851722854777,
    "AR": 0.9277108433734949,
    "AP": 0.8950449686068217,
    "F1": 0.9110852010191307
}