{
    "AUC": 0.813812490226472,
    "AR": 0.8152610441767065,
    "AP": 0.7414751011805709,
    "F1": 0.7766194252279882
}