{
    "AUC": 0.9025223116366359,
    "AR": 0.9036144578313248,
    "AP": 0.8608882208916148,
    "F1": 0.8817340459209324
}