{
    "AUC": 0.010985028855167127,
    "AR": 0.014056224899598381,
    "AP": 0.007111074991365123,
    "F1": 0.009444272049002276
}