{
    "AUC": 0.4626783829466267,
    "AR": 0.4642771084337354,
    "AP": 0.340652048689879,
    "F1": 0.3929710999982489
}