{
    "AUC": 0.5751123330236242,
    "AR": 0.5801405622489954,
    "AP": 0.4578806567895624,
    "F1": 0.5118106196689779
}