{
    "AUC": 0.01225158143302825,
    "AR": 0.016064257028112438,
    "AP": 0.008146668671119415,
    "F1": 0.010810836486098143
}