{
    "AUC": 0.9224903500732524,
    "AR": 0.9257028112449806,
    "AP": 0.892176351280373,
    "F1": 0.9086304233326752
}