{
    "AUC": 0.38674528501578637,
    "AR": 0.3888955823293173,
    "AP": 0.2702065257455141,
    "F1": 0.3188644760549085
}