{
    "AUC": 0.010824845121812168,
    "AR": 0.014056224899598381,
    "AP": 0.007111496834796813,
    "F1": 0.009444644079977759
}