{
    "AUC": 0.893027934731901,
    "AR": 0.8975903614457822,
    "AP": 0.8524399408499187,
    "F1": 0.87443271538165
}