{
    "AUC": 0.018437281498448612,
    "AR": 0.018072289156626512,
    "AP": 0.00919133217655055,
    "F1": 0.012185352107065086
}