{
    "AUC": 0.7336770777329561,
    "AR": 0.7365863453815266,
    "AP": 0.6409381835881252,
    "F1": 0.6854416082416663
}