{
    "AUC": 0.9828805839981912,
    "AR": 0.9839357429718868,
    "AP": 0.9770066180213813,
    "F1": 0.9804589382264034
}