{
    "AUC": 0.9894835095805532,
    "AR": 0.987710843373493,
    "AP": 0.9839246858234738,
    "F1": 0.9858141292944982
}