{
    "AUC": 0.9631324216704794,
    "AR": 0.962751004016065,
    "AP": 0.9463345138190284,
    "F1": 0.9544721750835928
}