{
    "AUC": 0.011091549295774649,
    "AR": 0.014056224899598381,
    "AP": 0.007109295266876085,
    "F1": 0.009442702316113768
}