{
    "AUC": 0.12386787426744805,
    "AR": 0.13028112449799198,
    "AP": 0.07191765337850486,
    "F1": 0.09267625503781562
}