{
    "AUC": 0.08874989189103116,
    "AR": 0.08977556109725685,
    "AP": 0.04891760623379208
}