{
    "AUC": 0.00010762600175421781,
    "AR": 0.0,
    "AP": 2.811203747139689e-06
}