{
    "AUC": 0.00520602881510956,
    "AR": 0.0,
    "AP": 1.2777899689742916e-05
}