{
    "AUC": 0.006281885911595329,
    "AR": 0.0,
    "AP": 1.578209394589395e-05
}