{
    "AUC": 0.009371689138876257,
    "AR": 0.0,
    "AP": 2.469561913276677e-05
}