{
    "AUC": 0.008389673876155674,
    "AR": 0.0,
    "AP": 2.659669354611526e-05
}