{
    "AUC": 0.0061333998837868955,
    "AR": 0.0,
    "AP": 1.5042915875728506e-05
}