{
    "AUC": 0.00832995757866679,
    "AR": 0.002019950124688279,
    "AP": 0.0012596975451874778
}