{
    "AUC": 0.6211645649539835,
    "AR": 0.474139650872818,
    "AP": 0.30859579957156014
}