{
    "AUC": 0.5331115869200804,
    "AR": 0.3539152119700748,
    "AP": 0.2134830217516823
}