{
    "AUC": 0.9656192042197834,
    "AR": 0.9666583541147139,
    "AP": 0.9480883729149278
}