{
    "AUC": 0.5936308707593706,
    "AR": 0.5020448877805488,
    "AP": 0.3671909665839988
}