{
    "AUC": 0.9643525587926154,
    "AR": 0.9647880299251862,
    "AP": 0.9488474613175658
}