{
    "AUC": 0.38668854941787767,
    "AR": 0.3877710843373494,
    "AP": 0.2702012295858075,
    "F1": 0.3184821657952321
}