{
    "AUC": 0.5445184633538388,
    "AR": 0.55421686746988,
    "AP": 0.43099561222758237,
    "F1": 0.4849005529759106
}