{
    "AUC": 0.011022700427377961,
    "AR": 0.014056224899598381,
    "AP": 0.007114120818940096,
    "F1": 0.00944695788376955
}