{
    "AUC": 0.6328994582660444,
    "AR": 0.6365461847389559,
    "AP": 0.5212762518888431,
    "F1": 0.5731732238689271
}