{
    "AUC": 0.7454296837719631,
    "AR": 0.7510040160642563,
    "AP": 0.658842584770799,
    "F1": 0.7019110119128676
}