{
    "AUC": 0.969478380128856,
    "AR": 0.9718875502008041,
    "AP": 0.9591767472303703,
    "F1": 0.9654903156931527
}