{
    "AUC": 0.612644630004247,
    "AR": 0.6110240963855422,
    "AP": 0.49188240901384395,
    "F1": 0.545018100853057
}