{
    "AUC": 0.02678348545408115,
    "AR": 0.025441767068273086,
    "AP": 0.012425275082862713,
    "F1": 0.016696363722083257
}