{
    "AUC": 0.15588642659279775,
    "AR": 0.1659638554216869,
    "AP": 0.09622841840045437,
    "F1": 0.12182234881340699
}