{
    "AUC": 0.03749974554263397,
    "AR": 0.03893574297188756,
    "AP": 0.019876864046569177,
    "F1": 0.026318182744781114
}