{
    "AUC": 0.8469042101354962,
    "AR": 0.857088353413654,
    "AP": 0.7959521011126717,
    "F1": 0.825389691910814
}