{
    "AUC": 0.9154799316569666,
    "AR": 0.9177057356608487,
    "AP": 0.879944776462833
}