{
    "AUC": 0.9104564471987167,
    "AR": 0.9108232931726908,
    "AP": 0.8712014665517632,
    "F1": 0.8905719008127043
}