{
    "AUC": 0.30670149029672883,
    "AR": 0.31325301204819245,
    "AP": 0.2060751029043951,
    "F1": 0.24860447502957334
}