{
    "AUC": 0.8860733373186171,
    "AR": 0.886566265060242,
    "AP": 0.8374220737455708,
    "F1": 0.8612937146824163
}