{
    "AUC": 0.9368318251391007,
    "AR": 0.9377510040160635,
    "AP": 0.9094486598304687,
    "F1": 0.9233830111046839
}