{
    "AUC": 0.3934997033976313,
    "AR": 0.39759036144578286,
    "AP": 0.27799326076943587,
    "F1": 0.3272058036765177
}