{
    "AUC": 0.4210785733395158,
    "AR": 0.421907630522088,
    "AP": 0.30112591710814934,
    "F1": 0.35142856812741574
}