{
    "AUC": 0.012745734318489427,
    "AR": 0.014056224899598381,
    "AP": 0.007100248501336725,
    "F1": 0.009434718904844899
}