{
    "AUC": 0.5772279503208448,
    "AR": 0.5803212851405616,
    "AP": 0.45888584519163167,
    "F1": 0.5125084608095299
}