{
    "AUC": 0.18939922929027495,
    "AR": 0.19248995983935738,
    "AP": 0.11464365482438273,
    "F1": 0.1437013173380131
}