{
    "AUC": 0.9223316757266694,
    "AR": 0.9236947791164665,
    "AP": 0.889311774260018,
    "F1": 0.9061772461450109
}