{
    "AUC": 0.9739845031985189,
    "AR": 0.9759036144578326,
    "AP": 0.9651038762696662,
    "F1": 0.9704737005685876
}