{
    "AUC": 0.42890360260692145,
    "AR": 0.43576305220883554,
    "AP": 0.31417480234305856,
    "F1": 0.365112308880376
}