{
    "AUC": 0.8261498148581268,
    "AR": 0.8351606425702816,
    "AP": 0.76704492565874,
    "F1": 0.7996548578988062
}