{
    "AUC": 0.8913901727443878,
    "AR": 0.8915662650602404,
    "AP": 0.8449619237461445,
    "F1": 0.8676387188281453
}