{
    "AUC": 0.5965253895392313,
    "AR": 0.5912048192771084,
    "AP": 0.473440357673077,
    "F1": 0.525809400458492
}