{
    "AUC": 0.3866889392608798,
    "AR": 0.3877710843373494,
    "AP": 0.27020122837319127,
    "F1": 0.31848216495288906
}