{
    "AUC": 0.6290187059462043,
    "AR": 0.6325301204819275,
    "AP": 0.5167147463091804,
    "F1": 0.5687867750070047
}