{
    "AUC": 0.059480326528307544,
    "AR": 0.05172690763052208,
    "AP": 0.02567745291506973,
    "F1": 0.034318873659386726
}