{
    "AUC": 0.5180808287829325,
    "AR": 0.5220080321285141,
    "AP": 0.39806080387550924,
    "F1": 0.4516856321338121
}