{
    "AUC": 0.37513066166980014,
    "AR": 0.3779317269076303,
    "AP": 0.26091385358326635,
    "F1": 0.30870565992826365
}