{
    "AUC": 0.8219598575708731,
    "AR": 0.8232931726907635,
    "AP": 0.7520953400438531,
    "F1": 0.7860854051751606
}