{
    "AUC": 0.8465360842925657,
    "AR": 0.8533534136546176,
    "AP": 0.7922100331138854,
    "F1": 0.821645786331417
}