{
    "AUC": 0.1403716843260517,
    "AR": 0.13228915662650603,
    "AP": 0.0727267627607371,
    "F1": 0.09385575655343524
}