{
    "AUC": 0.17476322401907093,
    "AR": 0.18580321285140564,
    "AP": 0.10982190245875154,
    "F1": 0.13804823245062514
}