{
    "AUC": 0.40660350867000244,
    "AR": 0.40963855421686746,
    "AP": 0.28888996630384717,
    "F1": 0.3388278778832143
}