{
    "AUC": 0.4646846068232111,
    "AR": 0.46628514056224957,
    "AP": 0.34259539976640857,
    "F1": 0.39498327916543197
}