{
    "AUC": 0.6392017948447749,
    "AR": 0.6420682730923697,
    "AP": 0.5271434983994709,
    "F1": 0.5789577627282392
}