{
    "AUC": 0.9895228914485092,
    "AR": 0.9879518072289146,
    "AP": 0.9839973596883134,
    "F1": 0.9859706184336494
}