{
    "AUC": 0.7047462212514392,
    "AR": 0.7086144578313249,
    "AP": 0.6051414736706557,
    "F1": 0.652803137925523
}