{
    "AUC": 0.012180814706752498,
    "AR": 0.016064257028112438,
    "AP": 0.008143107837221077,
    "F1": 0.010807700716907743
}