{
    "AUC": 0.5965214754936108,
    "AR": 0.5912449799196787,
    "AP": 0.47344039247901654,
    "F1": 0.5258253050171501
}