{
    "AUC": 0.43305691405864294,
    "AR": 0.40869477911646573,
    "AP": 0.2944597245473717,
    "F1": 0.34229789173082587
}