{
    "AUC": 0.8181332933973883,
    "AR": 0.8172489959839356,
    "AP": 0.7438289262540182,
    "F1": 0.7788124276249223
}