{
    "AUC": 0.07880615177588304,
    "AR": 0.07634538152610441,
    "AP": 0.04031292882075172,
    "F1": 0.052764452392703845
}