{
    "AUC": 0.6405860746492621,
    "AR": 0.6284738955823287,
    "AP": 0.5151117974354692,
    "F1": 0.5661741310183501
}