{
    "AUC": 0.1702205373217006,
    "AR": 0.17198795180722895,
    "AP": 0.1001285537170505,
    "F1": 0.12657008686802418
}