{
    "AUC": 0.9916354622415507,
    "AR": 0.985943775100401,
    "AP": 0.9830115979028056,
    "F1": 0.9844755031958676
}