{
    "AUC": 0.4109617317162488,
    "AR": 0.3856827309236947,
    "AP": 0.2730818495682733,
    "F1": 0.3197590053446092
}