{
    "AUC": 0.9691958384528931,
    "AR": 0.9658634538152621,
    "AP": 0.9522896862270563,
    "F1": 0.9590285427905141
}