{
    "AUC": 0.8125517036070152,
    "AR": 0.8152610441767065,
    "AP": 0.7423026494907838,
    "F1": 0.7770731117827203
}