{
    "AUC": 0.5984817809313,
    "AR": 0.5439357429718874,
    "AP": 0.435746923287116,
    "F1": 0.48386755146126015
}