{
    "AUC": 0.995613135215297,
    "AR": 0.9918473895582323,
    "AP": 0.990927443095185,
    "F1": 0.991387202913294
}