{
    "AUC": 0.2930463031918813,
    "AR": 0.3092369477911646,
    "AP": 0.20252842355336842,
    "F1": 0.2447577544219431
}