{
    "AUC": 0.9914880526740335,
    "AR": 0.9879518072289146,
    "AP": 0.9850089682118709,
    "F1": 0.9864781929728874
}