{
    "AUC": 0.9915156316877487,
    "AR": 0.9882931726907621,
    "AP": 0.9859813514524219,
    "F1": 0.9871359085320075
}