{
    "AUC": 0.4786539400613946,
    "AR": 0.48638554216867513,
    "AP": 0.36211299571089967,
    "F1": 0.4151486841340114
}