{
    "AUC": 0.9892009257640868,
    "AR": 0.9877710843373484,
    "AP": 0.9830086787299409,
    "F1": 0.985384127337363
}