{
    "AUC": 0.4918641322521988,
    "AR": 0.47712851405622486,
    "AP": 0.35372123978663145,
    "F1": 0.4062599495249815
}