{
    "AUC": 0.015797717342150106,
    "AR": 0.018132530120481934,
    "AP": 0.009243230683570575,
    "F1": 0.012244639334779366
}