{
    "AUC": 0.9892453984540884,
    "AR": 0.9879518072289146,
    "AP": 0.9840123290732533,
    "F1": 0.985978133118024
}