{
    "AUC": 0.7849827956855759,
    "AR": 0.7815863453815265,
    "AP": 0.6999213952400456,
    "F1": 0.7385030673285443
}