{
    "AUC": 0.8931042508962866,
    "AR": 0.8889959839357421,
    "AP": 0.8435097059502935,
    "F1": 0.8656557324783811
}