{
    "AUC": 0.9723286696799797,
    "AR": 0.9646184738955831,
    "AP": 0.953753762950365,
    "F1": 0.9591553522500552
}