{
    "AUC": 0.9747767367959677,
    "AR": 0.9738955823293183,
    "AP": 0.9631260686363231,
    "F1": 0.9684808871429147
}