{
    "AUC": 0.2912175460035716,
    "AR": 0.30722891566265037,
    "AP": 0.20090422050374535,
    "F1": 0.24294257321255822
}