{
    "AUC": 0.9915065372965489,
    "AR": 0.9864658634538142,
    "AP": 0.983020311403113,
    "F1": 0.9847400734878009
}