{
    "AUC": 0.015700941905761184,
    "AR": 0.01869477911646587,
    "AP": 0.009236421942476232,
    "F1": 0.012364156319428377
}