{
    "AUC": 0.9846395720362355,
    "AR": 0.9839357429718868,
    "AP": 0.9780372449882484,
    "F1": 0.9809776273242379
}