{
    "AUC": 0.9872013690920155,
    "AR": 0.9874899598393564,
    "AP": 0.981970259420428,
    "F1": 0.9847223747458828
}