{
    "AUC": 0.916140064581091,
    "AR": 0.9216867469879522,
    "AP": 0.8864512375457566,
    "F1": 0.9037256719184432
}