{
    "AUC": 0.7506473798963768,
    "AR": 0.7557429718875498,
    "AP": 0.6667552987261671,
    "F1": 0.708465720332561
}