{
    "AUC": 0.016968291576347227,
    "AR": 0.022088353413654605,
    "AP": 0.011339045502397943,
    "F1": 0.014985362460266084
}