{
    "AUC": 0.6046145388537212,
    "AR": 0.5534939759036143,
    "AP": 0.44145471452783097,
    "F1": 0.4911660821814812
}