{
    "AUC": 0.6789149025122573,
    "AR": 0.6778112449799193,
    "AP": 0.570499586530597,
    "F1": 0.6195428658404226
}