{
    "AUC": 0.9871127001144522,
    "AR": 0.9867670682730915,
    "AP": 0.9819624694766875,
    "F1": 0.984358906167709
}