{
    "AUC": 0.9915597382329151,
    "AR": 0.9900803212851398,
    "AP": 0.9869400978913383,
    "F1": 0.9885077156830504
}