{
    "AUC": 0.9484245843348611,
    "AR": 0.9457831325301198,
    "AP": 0.9229770761088879,
    "F1": 0.9342409435520912
}