{
    "AUC": 0.9868835265600874,
    "AR": 0.985943775100401,
    "AP": 0.9810271612329766,
    "F1": 0.9834793234160281
}