{
    "AUC": 0.7579405843927088,
    "AR": 0.7589357429718874,
    "AP": 0.6678695421181708,
    "F1": 0.7104964811281242
}