{
    "AUC": 0.5062497208246534,
    "AR": 0.5074698795180725,
    "AP": 0.38471664999839184,
    "F1": 0.43764864311298163
}