{
    "AUC": 0.9936464506171911,
    "AR": 0.9917068273092363,
    "AP": 0.9889636497324655,
    "F1": 0.9903333389057193
}