{
    "AUC": 0.017005834282403244,
    "AR": 0.021666666666666674,
    "AP": 0.010338787239139165,
    "F1": 0.013998055300654875
}