{
    "AUC": 0.790826461381159,
    "AR": 0.7950401606425701,
    "AP": 0.7141540570874754,
    "F1": 0.7524295410094535
}