{
    "AUC": 0.991315832679233,
    "AR": 0.9894979919678706,
    "AP": 0.9859866383714978,
    "F1": 0.9877391945166835
}