{
    "AUC": 0.5327629786302441,
    "AR": 0.5235742971887551,
    "AP": 0.40232126510245014,
    "F1": 0.4550082799810542
}