{
    "AUC": 0.0014908567377834364,
    "AR": 0.0,
    "AP": 5.111749642734099e-06
}