{
    "AUC": 0.242080595630445,
    "AR": 0.2443890274314213,
    "AP": 0.15205751208014875
}