{
    "AUC": 0.0018030918445369546,
    "AR": 0.0,
    "AP": 5.1518318377699976e-06
}