{
    "AUC": 0.003818164678899439,
    "AR": 0.0,
    "AP": 1.787432029173274e-06
}