{
    "AUC": 0.003153939707740229,
    "AR": 0.0,
    "AP": 1.2237028306885856e-05
}