{
    "AUC": 0.00195487588218995,
    "AR": 0.0,
    "AP": 1.2066410537123071e-05
}