{
    "AUC": 0.0017264891378767514,
    "AR": 0.0,
    "AP": 9.450314509692474e-06
}