{
    "AUC": 0.4776677732022649,
    "AR": 0.3350872817955111,
    "AP": 0.18912555878821083
}