{
    "AUC": 0.9890818974404859,
    "AR": 0.9357356608478803,
    "AP": 0.9305269322679197
}