{
    "AUC": 0.38632427165384264,
    "AR": 0.23842892768079804,
    "AP": 0.12105212010800087
}