{
    "AUC": 0.5577555640825858,
    "AR": 0.4353366583541147,
    "AP": 0.2939410326833459
}