{
    "AUC": 0.9892013052208835,
    "AR": 0.9877710843373484,
    "AP": 0.9830086512680831,
    "F1": 0.9853841135399918
}