{
    "AUC": 0.941094296373617,
    "AR": 0.9382730923694773,
    "AP": 0.9121168335564387,
    "F1": 0.925010096555746
}