{
    "AUC": 0.48380052331219225,
    "AR": 0.47120481927710867,
    "AP": 0.34617895877322136,
    "F1": 0.39913000009703964
}