{
    "AUC": 0.9894054580350251,
    "AR": 0.9879518072289146,
    "AP": 0.984006386850296,
    "F1": 0.9859751501146626
}