{
    "AUC": 0.22313591937314833,
    "AR": 0.21789156626506034,
    "AP": 0.1333320775092747,
    "F1": 0.16543268493926605
}