{
    "AUC": 0.9914180001602863,
    "AR": 0.9887951807228906,
    "AP": 0.9869146012420815,
    "F1": 0.9878539959676372
}