{
    "AUC": 0.04938378896774053,
    "AR": 0.052208835341365493,
    "AP": 0.02751111965670731,
    "F1": 0.036034227973368985
}