{
    "AUC": 0.9915005301747429,
    "AR": 0.9899598393574288,
    "AP": 0.9870046279421039,
    "F1": 0.9884800248911737
}