{
    "AUC": 0.9822218180313066,
    "AR": 0.9826305220883524,
    "AP": 0.975961975836348,
    "F1": 0.9792848965475007
}