{
    "AUC": 0.7642798883517203,
    "AR": 0.7586746987951805,
    "AP": 0.6706232306717715,
    "F1": 0.711936772656916
}