{
    "AUC": 0.6160220174040453,
    "AR": 0.611686746987952,
    "AP": 0.49619063819520365,
    "F1": 0.547918463582182
}