{
    "AUC": 0.9915043528695002,
    "AR": 0.9864658634538142,
    "AP": 0.9830207013059924,
    "F1": 0.9847402691219209
}