{
    "AUC": 0.9285502020161589,
    "AR": 0.929718875502009,
    "AP": 0.8988984480801573,
    "F1": 0.9140489303715523
}