{
    "AUC": 0.013340317792910773,
    "AR": 0.014196787148594365,
    "AP": 0.008140487752019882,
    "F1": 0.01034761602884582
}