{
    "AUC": 0.03553049353899815,
    "AR": 0.036144578313253024,
    "AP": 0.01876239963418829,
    "F1": 0.02470210702805839
}