{
    "AUC": 0.9844296008077947,
    "AR": 0.9857228915662645,
    "AP": 0.9789863964029658,
    "F1": 0.9823430951088188
}