{
    "AUC": 0.6615531589665339,
    "AR": 0.6586345381526109,
    "AP": 0.5486213571686818,
    "F1": 0.5986153815439235
}