{
    "AUC": 0.017054791044113265,
    "AR": 0.021305220883534152,
    "AP": 0.01031889179858328,
    "F1": 0.013903711465487084
}