{
    "AUC": 0.952975513355974,
    "AR": 0.9518072289156624,
    "AP": 0.9317481753279836,
    "F1": 0.9416708919823583
}