{
    "AUC": 0.9868167525148145,
    "AR": 0.985943775100401,
    "AP": 0.9810107065347929,
    "F1": 0.9834710548164209
}