{
    "AUC": 0.9842110092390653,
    "AR": 0.9849999999999993,
    "AP": 0.9789686725888576,
    "F1": 0.9819750752224856
}