{
    "AUC": 0.2776436104048197,
    "AR": 0.2925903614457829,
    "AP": 0.18862284087042855,
    "F1": 0.229375357623474
}