{
    "AUC": 0.9762326403254104,
    "AR": 0.9760843373493988,
    "AP": 0.9670404725112082,
    "F1": 0.9715413585490323
}