{
    "AUC": 0.28733229005407107,
    "AR": 0.3032128514056225,
    "AP": 0.19766793532278007,
    "F1": 0.2393202529973732
}