{
    "AUC": 0.8455055556941361,
    "AR": 0.8471686746987945,
    "AP": 0.7864263106907735,
    "F1": 0.8156681935667007
}