{
    "AUC": 0.4089639131341969,
    "AR": 0.3836746987951805,
    "AP": 0.2712655637859048,
    "F1": 0.317823592243045
}