{
    "AUC": 0.4975938340434441,
    "AR": 0.48138554216867496,
    "AP": 0.3609752798687988,
    "F1": 0.41257446040480866
}