{
    "AUC": 0.9914792346780921,
    "AR": 0.9884538152610433,
    "AP": 0.9859607323824449,
    "F1": 0.9872056998204161
}