{
    "AUC": 0.6253753377197717,
    "AR": 0.5957228915662652,
    "AP": 0.4789761347484707,
    "F1": 0.5310082934792356
}