{
    "AUC": 0.42287267208638135,
    "AR": 0.4222088353413659,
    "AP": 0.3007431644425775,
    "F1": 0.35127206573638325
}