{
    "AUC": 0.5922638275407901,
    "AR": 0.5805823293172687,
    "AP": 0.4610602193800002,
    "F1": 0.5139640588951554
}