{
    "AUC": 0.6004907339757924,
    "AR": 0.5459839357429718,
    "AP": 0.4379371983457455,
    "F1": 0.48602813147725527
}