{
    "AUC": 0.9914964038664164,
    "AR": 0.9905823293172683,
    "AP": 0.9879540928380747,
    "F1": 0.9892664654370774
}