{
    "AUC": 0.03468610703515526,
    "AR": 0.03616465863453817,
    "AP": 0.018788340154147265,
    "F1": 0.024729274942652358
}