{
    "AUC": 0.7932541251556132,
    "AR": 0.7898594377510043,
    "AP": 0.7103298030386641,
    "F1": 0.7479865654156673
}