{
    "AUC": 0.8443505746116251,
    "AR": 0.8409638554216876,
    "AP": 0.7775335549189961,
    "F1": 0.8080057612533
}