{
    "AUC": 0.08053248130222695,
    "AR": 0.08032128514056229,
    "AP": 0.04364159083686305,
    "F1": 0.05655481343033346
}