{
    "AUC": 0.013662925781990274,
    "AR": 0.016064257028112438,
    "AP": 0.008160252482795352,
    "F1": 0.010822790301606796
}