{
    "AUC": 0.9974327911630143,
    "AR": 0.9975062344139645,
    "AP": 0.9962624610543468
}