{
    "AUC": 0.4404274064251387,
    "AR": 0.43554216867469897,
    "AP": 0.31416021250991655,
    "F1": 0.3650249050874462
}