{
    "AUC": 0.9399151636489091,
    "AR": 0.9360040160642563,
    "AP": 0.9100899243225234,
    "F1": 0.9228650888340214
}