{
    "AUC": 0.46836731371487345,
    "AR": 0.4606024096385543,
    "AP": 0.3374842513150557,
    "F1": 0.3895468173469789
}