{
    "AUC": 0.7849860187209584,
    "AR": 0.7815863453815265,
    "AP": 0.6999213462734012,
    "F1": 0.7385030400716461
}