{
    "AUC": 0.016838612955222248,
    "AR": 0.022088353413654605,
    "AP": 0.011334119293402728,
    "F1": 0.014981059886232625
}