{
    "AUC": 0.9912437260271997,
    "AR": 0.9903012048192763,
    "AP": 0.9879403853880121,
    "F1": 0.9891193864110925
}