{
    "AUC": 0.9873258298226903,
    "AR": 0.9844377510040152,
    "AP": 0.9799494905664945,
    "F1": 0.9821884933640089
}