{
    "AUC": 0.9913755726348563,
    "AR": 0.9899598393574288,
    "AP": 0.9869839831417186,
    "F1": 0.9884696714994818
}