{
    "AUC": 0.8860618525132727,
    "AR": 0.8835341365461856,
    "AP": 0.8346375369298649,
    "F1": 0.8583900746407485
}