{
    "AUC": 0.9915042892123186,
    "AR": 0.9868273092369467,
    "AP": 0.9830149439577232,
    "F1": 0.984917437436693
}