{
    "AUC": 0.8595580878019202,
    "AR": 0.8530120481927703,
    "AP": 0.7948087031578491,
    "F1": 0.8228824636980885
}