{
    "AUC": 0.9915614938245403,
    "AR": 0.9901606425702804,
    "AP": 0.9869400978913383,
    "F1": 0.9885477472213144
}