{
    "AUC": 0.8334014457348043,
    "AR": 0.8317068273092373,
    "AP": 0.7643945788735282,
    "F1": 0.7966313262360277
}