{
    "AUC": 0.24902508972058446,
    "AR": 0.26204819277108443,
    "AP": 0.1641629075619168,
    "F1": 0.2018651940929563
}