{
    "AUC": 0.013386880856760371,
    "AR": 0.016064257028112438,
    "AP": 0.008163159997777183,
    "F1": 0.0108253471862697
}