{
    "AUC": 0.9869597549388879,
    "AR": 0.9864859437750998,
    "AP": 0.9819566190601704,
    "F1": 0.9842160705004458
}