{
    "AUC": 0.8914079788541923,
    "AR": 0.8964859437750996,
    "AP": 0.8513364822787884,
    "F1": 0.873328066294467
}