{
    "AUC": 0.9112514474017324,
    "AR": 0.9124698795180722,
    "AP": 0.8754890604729112,
    "F1": 0.8935970280538278
}