{
    "AUC": 0.9871651402163112,
    "AR": 0.985943775100401,
    "AP": 0.9810216163361399,
    "F1": 0.983476537082484
}