{
    "AUC": 0.016964082746078656,
    "AR": 0.022088353413654605,
    "AP": 0.011354882445382552,
    "F1": 0.01499918593292087
}