{
    "AUC": 0.6615232251308685,
    "AR": 0.6611847389558227,
    "AP": 0.5514044761599918,
    "F1": 0.6013251974933578
}