{
    "AUC": 0.22045537681380237,
    "AR": 0.22257028112449814,
    "AP": 0.13523878756538046,
    "F1": 0.16824690932275668
}