{
    "AUC": 0.4837771586750553,
    "AR": 0.4711646586345384,
    "AP": 0.34618375983368094,
    "F1": 0.3991187829849564
}