{
    "AUC": 0.8887085096312249,
    "AR": 0.8955823293172687,
    "AP": 0.849631928114874,
    "F1": 0.8720022060363289
}