{
    "AUC": 0.9937433263296547,
    "AR": 0.9894578313253003,
    "AP": 0.9869714244790828,
    "F1": 0.9882130639152726
}