{
    "AUC": 0.9891780569933162,
    "AR": 0.9899598393574288,
    "AP": 0.9859760975491503,
    "F1": 0.9879639525845312
}