{
    "AUC": 0.3764960849177974,
    "AR": 0.3757228915662647,
    "AP": 0.2598913151870698,
    "F1": 0.3072527813178338
}