{
    "AUC": 0.2778391532230617,
    "AR": 0.2826907630522088,
    "AP": 0.1815762597566909,
    "F1": 0.2211224528170432
}