{
    "AUC": 0.44823136100675065,
    "AR": 0.44259036144578356,
    "AP": 0.3206323557594614,
    "F1": 0.3718673121954024
}