{
    "AUC": 0.9012574798850337,
    "AR": 0.9036144578313248,
    "AP": 0.861817592271357,
    "F1": 0.8822212515565082
}