{
    "AUC": 0.015439350764052057,
    "AR": 0.020080321285140573,
    "AP": 0.010283853862050142,
    "F1": 0.01360175855911608
}