{
    "AUC": 0.984869389950289,
    "AR": 0.9839357429718868,
    "AP": 0.9780262780499517,
    "F1": 0.9809721108035626
}