{
    "AUC": 0.907088880514515,
    "AR": 0.9024096385542162,
    "AP": 0.862861024362018,
    "F1": 0.8821923135919675
}