{
    "AUC": 0.9089406195225267,
    "AR": 0.913654618473896,
    "AP": 0.8759685828840209,
    "F1": 0.8944148028286055
}