{
    "AUC": 0.6405825840642785,
    "AR": 0.6467871485943781,
    "AP": 0.5329514580917919,
    "F1": 0.5843771695946606
}