{
    "AUC": 0.9937861275197879,
    "AR": 0.9912248995983929,
    "AP": 0.9889982726469733,
    "F1": 0.9901103342770199
}