{
    "AUC": 0.7838183486584811,
    "AR": 0.7816666666666672,
    "AP": 0.6994510565691628,
    "F1": 0.7382770016287787
}