{
    "AUC": 0.9937918851189261,
    "AR": 0.9934337349397585,
    "AP": 0.9909699280504239,
    "F1": 0.9922003019815903
}