{
    "AUC": 0.9347403693615975,
    "AR": 0.932128514056226,
    "AP": 0.9025756077431528,
    "F1": 0.9171140458810354
}