{
    "AUC": 0.7951159253060559,
    "AR": 0.8008835341365458,
    "AP": 0.7234284542424134,
    "F1": 0.7601881262440906
}