{
    "AUC": 0.19687110442298433,
    "AR": 0.20684738955823306,
    "AP": 0.1252368829957902,
    "F1": 0.15601414740214697
}