{
    "AUC": 0.6342239553244752,
    "AR": 0.6193373493975908,
    "AP": 0.5044269518112047,
    "F1": 0.5560070754399448
}