{
    "AUC": 0.9769084356247191,
    "AR": 0.9775561097256852,
    "AP": 0.9665860286938514
}