{
    "AUC": 0.015641513422109492,
    "AR": 0.020080321285140573,
    "AP": 0.0102704395563907,
    "F1": 0.013590020171733979
}