{
    "AUC": 0.9932770629710848,
    "AR": 0.9884738955823283,
    "AP": 0.9859349433747054,
    "F1": 0.9872027870206932
}