{
    "AUC": 0.6273325539335738,
    "AR": 0.6287751004016058,
    "AP": 0.5120558893722038,
    "F1": 0.5644446831078405
}