{
    "AUC": 0.44823208176621837,
    "AR": 0.44259036144578356,
    "AP": 0.32063236020382113,
    "F1": 0.37186731518450294
}