{
    "AUC": 0.8756840994860019,
    "AR": 0.8744979919678723,
    "AP": 0.8224881587470002,
    "F1": 0.8476960674530042
}