{
    "AUC": 0.9869548377744591,
    "AR": 0.985943775100401,
    "AP": 0.9810230491287317,
    "F1": 0.9834772570681797
}