{
    "AUC": 0.986954337727084,
    "AR": 0.985943775100401,
    "AP": 0.9810230766774574,
    "F1": 0.9834772709115468
}