{
    "AUC": 0.9085784638554216,
    "AR": 0.9076305220883533,
    "AP": 0.8674635485683146,
    "F1": 0.8870925845506458
}