{
    "AUC": 0.7442422411419872,
    "AR": 0.7385943775100406,
    "AP": 0.6454026451206284,
    "F1": 0.6888609688048629
}