{
    "AUC": 0.6506067552759516,
    "AR": 0.6472088353413653,
    "AP": 0.5334635032032317,
    "F1": 0.5848570874979415
}