{
    "AUC": 0.4803551890840432,
    "AR": 0.47433734939759004,
    "AP": 0.35121868711433185,
    "F1": 0.4035974149219557
}