{
    "AUC": 0.3663433812246098,
    "AR": 0.36560240963855434,
    "AP": 0.2510910324803519,
    "F1": 0.29771513768018654
}