{
    "AUC": 0.39880224925899926,
    "AR": 0.39933734939759014,
    "AP": 0.279607507519709,
    "F1": 0.3289154333727817
}