{
    "AUC": 0.9731343544456182,
    "AR": 0.9678714859437757,
    "AP": 0.9563020881414829,
    "F1": 0.9620520056259966
}