{
    "AUC": 0.5510593045642693,
    "AR": 0.551104417670683,
    "AP": 0.42843296883249093,
    "F1": 0.48208737114616856
}