{
    "AUC": 0.9171897403488743,
    "AR": 0.9201004016064266,
    "AP": 0.8862386815798362,
    "F1": 0.9028521548704966
}