{
    "AUC": 0.5723881414533022,
    "AR": 0.5733534136546186,
    "AP": 0.4519725261402662,
    "F1": 0.5054782692661879
}