{
    "AUC": 0.24431327310353146,
    "AR": 0.2590361445783131,
    "AP": 0.1631354391408693,
    "F1": 0.2001933660568198
}