{
    "AUC": 0.014360043039990384,
    "AR": 0.0,
    "AP": 2.9321910673165017e-05
}