{
    "AUC": 0.006589695507551197,
    "AR": 0.0,
    "AP": 2.4458196358681514e-05
}