{
    "AUC": 0.11837955608134314,
    "AR": 0.11970074812967581,
    "AP": 0.06701450861623995
}