{
    "AUC": 0.005216770957198238,
    "AR": 0.0,
    "AP": 1.7663730424426943e-05
}