{
    "AUC": 0.01290238037854787,
    "AR": 0.0,
    "AP": 2.1515968285898327e-05
}