{
    "AUC": 0.00367223048600999,
    "AR": 0.0,
    "AP": 1.2467830503734265e-06
}