{
    "AUC": 0.0034164980014641582,
    "AR": 0.0,
    "AP": 9.57804515377432e-06
}