{
    "AUC": 0.006393132341214283,
    "AR": 0.0,
    "AP": 1.7429133762090107e-05
}