{
    "AUC": 0.5221021502934985,
    "AR": 0.41374064837905233,
    "AP": 0.27788062348601195
}