{
    "AUC": 0.987261044171671,
    "AR": 0.9689526184538657,
    "AP": 0.9642394152806171
}