{
    "AUC": 0.39697102483376195,
    "AR": 0.2297007481296758,
    "AP": 0.11553196812001655
}