{
    "AUC": 0.5067523606626172,
    "AR": 0.37733167082294267,
    "AP": 0.22802762847842278
}