{
    "AUC": 0.015356044159558813,
    "AR": 0.020080321285140573,
    "AP": 0.010288065843621401,
    "F1": 0.013605442176870753
}