{
    "AUC": 0.9855438390820656,
    "AR": 0.980441767068272,
    "AP": 0.9759508571581473,
    "F1": 0.9781911576591469
}