{
    "AUC": 0.06325616298989581,
    "AR": 0.05738955823293175,
    "AP": 0.02896681081926595,
    "F1": 0.038500749732304176
}