{
    "AUC": 0.058343584260706946,
    "AR": 0.06224899598393572,
    "AP": 0.0330658650699377,
    "F1": 0.04318984215442585
}