{
    "AUC": 0.7386535326430934,
    "AR": 0.7414658634538154,
    "AP": 0.6469083105520361,
    "F1": 0.6909670865959119
}