{
    "AUC": 0.9171409470134202,
    "AR": 0.9200602409638563,
    "AP": 0.8862391858723834,
    "F1": 0.9028330815932667
}