{
    "AUC": 0.6531289477157455,
    "AR": 0.662349397590361,
    "AP": 0.5502859287409088,
    "F1": 0.6011395932307246
}