{
    "AUC": 0.9706198294200492,
    "AR": 0.9734337349397599,
    "AP": 0.9611051856479149,
    "F1": 0.9672301762230897
}