{
    "AUC": 0.5184278580242471,
    "AR": 0.5199999999999998,
    "AP": 0.39589489432395814,
    "F1": 0.4495392349586398
}