{
    "AUC": 0.9936109009706214,
    "AR": 0.9880120481927701,
    "AP": 0.9870435315253527,
    "F1": 0.9875275523911784
}