{
    "AUC": 0.009972839334215477,
    "AR": 0.012048192771084335,
    "AP": 0.006084137213305047,
    "F1": 0.008085321418122822
}