{
    "AUC": 0.011360387025974328,
    "AR": 0.014056224899598381,
    "AP": 0.007109429453350593,
    "F1": 0.00944282067898377
}