{
    "AUC": 0.021844042838018742,
    "AR": 0.02407630522088353,
    "AP": 0.011335030067179095,
    "F1": 0.015413462461399696
}