{
    "AUC": 0.6308816239801975,
    "AR": 0.6299397590361441,
    "AP": 0.5142674725419171,
    "F1": 0.5662567388013939
}