{
    "AUC": 0.015487310397287384,
    "AR": 0.020080321285140573,
    "AP": 0.010280931881001223,
    "F1": 0.0135992025198335
}