{
    "AUC": 0.9646254299382943,
    "AR": 0.9658634538152621,
    "AP": 0.9512984513791107,
    "F1": 0.9585256262068094
}