{
    "AUC": 0.47556695807971194,
    "AR": 0.4779116465863454,
    "AP": 0.35387747181936535,
    "F1": 0.40664673654582595
}