{
    "AUC": 0.12451659864067091,
    "AR": 0.1305220883534137,
    "AP": 0.07393315571068498,
    "F1": 0.09439630591124754
}