{
    "AUC": 0.9397028519272745,
    "AR": 0.9367269076305215,
    "AP": 0.9102652073965644,
    "F1": 0.9233065002399696
}