{
    "AUC": 0.9587062405977668,
    "AR": 0.9508835341365458,
    "AP": 0.9320108468511773,
    "F1": 0.9413526078319323
}