{
    "AUC": 0.6273227940783277,
    "AR": 0.6287751004016058,
    "AP": 0.5120559373540565,
    "F1": 0.5644447122589469
}