{
    "AUC": 0.9731349751242696,
    "AR": 0.9678714859437757,
    "AP": 0.9563019890458816,
    "F1": 0.9620519554805742
}