{
    "AUC": 0.9915477686287768,
    "AR": 0.9902811244979912,
    "AP": 0.9869579728979507,
    "F1": 0.9886167560826087
}