{
    "AUC": 0.6241100687773579,
    "AR": 0.6077309236947791,
    "AP": 0.49180384254058934,
    "F1": 0.543656121992698
}