{
    "AUC": 0.16960874508370258,
    "AR": 0.1610642570281124,
    "AP": 0.09228390111736319,
    "F1": 0.11733764380153111
}