{
    "AUC": 0.639552642830475,
    "AR": 0.6412851405622492,
    "AP": 0.5267943878979521,
    "F1": 0.5784287882108065
}