{
    "AUC": 0.9936073979741744,
    "AR": 0.9879518072289146,
    "AP": 0.9860972306398836,
    "F1": 0.9870236477670019
}