{
    "AUC": 0.015436422693357406,
    "AR": 0.020080321285140573,
    "AP": 0.010291793741381566,
    "F1": 0.01360870158346726
}