{
    "AUC": 0.8596892465176265,
    "AR": 0.8559437751004009,
    "AP": 0.7967276667383869,
    "F1": 0.8252748483827328
}