{
    "AUC": 0.014144990064268963,
    "AR": 0.018072289156626512,
    "AP": 0.009173055859802846,
    "F1": 0.012169280135617848
}