{
    "AUC": 0.9977985661173948,
    "AR": 0.9919678714859431,
    "AP": 0.9920915926068113,
    "F1": 0.9920297281889032
}