{
    "AUC": 0.32470293933708566,
    "AR": 0.3298995983935746,
    "AP": 0.21917217498196015,
    "F1": 0.2633710782875827
}