{
    "AUC": 0.7922427841369,
    "AR": 0.7924096385542174,
    "AP": 0.7104886957133313,
    "F1": 0.7492164675815419
}