{
    "AUC": 0.6030492615234667,
    "AR": 0.5976506024096387,
    "AP": 0.4790790312499416,
    "F1": 0.531836150278887
}