{
    "AUC": 0.9813391623469774,
    "AR": 0.9759036144578326,
    "AP": 0.9681661922785013,
    "F1": 0.9720195058495763
}