{
    "AUC": 0.9958182296580346,
    "AR": 0.9917269076305214,
    "AP": 0.9909743066735026,
    "F1": 0.9913504643145042
}