{
    "AUC": 0.6221056397300562,
    "AR": 0.605722891566265,
    "AP": 0.48954769320001223,
    "F1": 0.5414739488287884
}