{
    "AUC": 0.26720916286066654,
    "AR": 0.28112449799196776,
    "AP": 0.18045729556723542,
    "F1": 0.21981355128479682
}