{
    "AUC": 0.9773559353693845,
    "AR": 0.9787349397590351,
    "AP": 0.9699825546940731,
    "F1": 0.9743390921855993
}