{
    "AUC": 0.5127081528597868,
    "AR": 0.5109437751004022,
    "AP": 0.3873888704138683,
    "F1": 0.44066957350265434
}