{
    "AUC": 0.31163482405772136,
    "AR": 0.31439759036144543,
    "AP": 0.20663718169041728,
    "F1": 0.24937388246357114
}