{
    "AUC": 0.9870210168984515,
    "AR": 0.9874096385542158,
    "AP": 0.981966323357451,
    "F1": 0.9846804583494586
}