{
    "AUC": 0.36635777694477817,
    "AR": 0.36560240963855434,
    "AP": 0.25109095149177796,
    "F1": 0.2977150807512275
}