{
    "AUC": 0.993606176606199,
    "AR": 0.9879518072289146,
    "AP": 0.9860977272851785,
    "F1": 0.9870238965563934
}