{
    "AUC": 0.26715073673185546,
    "AR": 0.28112449799196776,
    "AP": 0.18045743069172124,
    "F1": 0.21981365153008486
}