{
    "AUC": 0.8595444136516193,
    "AR": 0.8614056224899596,
    "AP": 0.8031363323609826,
    "F1": 0.831251084186301
}