{
    "AUC": 0.10866674945877891,
    "AR": 0.10740963855421683,
    "AP": 0.05935107251621829,
    "F1": 0.07645538575425655
}