{
    "AUC": 0.8881541385012915,
    "AR": 0.8827309236947799,
    "AP": 0.8354101950059358,
    "F1": 0.8584189099196824
}