{
    "AUC": 0.674182013873441,
    "AR": 0.6758433734939754,
    "AP": 0.5674727200667384,
    "F1": 0.6169351132540111
}