{
    "AUC": 0.9668204210814564,
    "AR": 0.9664859437751013,
    "AP": 0.9522161398582369,
    "F1": 0.9592979780019262
}