{
    "AUC": 0.4085175629543843,
    "AR": 0.40857429718875493,
    "AP": 0.28829354767574283,
    "F1": 0.3380535764240146
}