{
    "AUC": 0.9771996679193031,
    "AR": 0.9789558232931719,
    "AP": 0.9690098595958324,
    "F1": 0.9739574502903514
}