{
    "AUC": 0.9151971099234653,
    "AR": 0.9216867469879522,
    "AP": 0.8864512375457566,
    "F1": 0.9037256719184432
}