{
    "AUC": 0.9913501172013482,
    "AR": 0.9899598393574288,
    "AP": 0.9869989216062054,
    "F1": 0.9884771631786284
}