{
    "AUC": 0.2596370905545366,
    "AR": 0.27451807228915676,
    "AP": 0.17443660883156714,
    "F1": 0.21332220648000313
}