{
    "AUC": 0.8464019073435021,
    "AR": 0.8419678714859431,
    "AP": 0.7800236827949896,
    "F1": 0.8098129465324853
}