{
    "AUC": 0.5630128411602024,
    "AR": 0.5763052208835342,
    "AP": 0.45455059675321,
    "F1": 0.5082376751098884
}