{
  "AUC": 0.13303583191935325,
  "AR": 0.09164,
  "AP": 0.047321883234897284,
  "F1": 0.06241391205551752,
  "timePerImage": 0.1470856866836548
}