{
  "AUC": 0.46208264462809917,
  "AR": 0.36135999999999985,
  "AP": 0.24272169301307747,
  "F1": 0.2903908924957501,
  "timePerImage": 0.010734231948852539
}