{
  "AUC": 0.05037561121644546,
  "AR": 0.034640000000000004,
  "AP": 0.014870125197824281,
  "F1": 0.02080791089881022,
  "timePerImage": 0.046251168251037596
}