{
  "AUC": 0.032650255678439766,
  "AR": 0.005520000000000003,
  "AP": 0.008233819859097697,
  "F1": 0.006609172737151299,
  "timePerImage": 0.01541154956817627
}