{
  "AUC": 0.1314682785493056,
  "AR": 0.05691999999999998,
  "AP": 0.022999533808099312,
  "F1": 0.03276128881082989,
  "timePerImage": 0.017646121978759765
}