{
  "AUC": 0.2235957105632391,
  "AR": 0.10043999999999996,
  "AP": 0.04923137649329679,
  "F1": 0.06607541897242039,
  "timePerImage": 0.004872366905212402
}