{
  "AUC": 0.5018591777274198,
  "AR": 0.3863199999999999,
  "AP": 0.2637598572232098,
  "F1": 0.31348674139116955,
  "timePerImage": 0.01756617546081543
}