{
  "AUC": 0.14448202450291225,
  "AR": 0.11439999999999999,
  "AP": 0.045590530140577144,
  "F1": 0.06519831696912722,
  "timePerImage": 0.012485265731811523
}