{
  "AUC": -1,
  "AR": 0.964,
  "AP": 0.005896046101698233,
  "F1": 0.01172040749084799,
  "timePerImage": 4.712398279600002
}