{
  "AUC": 0.5611378305016587,
  "AR": 0.45028,
  "AP": 0.3143976608182967,
  "F1": 0.37026576286214247,
  "timePerImage": 0.018155731201171876
}