{
  "AUC": 0.14298933731938215,
  "AR": 0.12135999999999998,
  "AP": 0.056773566844519285,
  "F1": 0.077358132937008,
  "timePerImage": 0.07528331470489502
}