{
  "AUC": -1,
  "AR": 0.4666666666666667,
  "AP": 0.031178734321550744,
  "F1": 0.05845218611176058,
  "timePerImage": 0.3484622652714069
}