{
  "AUC": 0.11308849464249131,
  "AR": 0.0,
  "AP": 0.0021055959942250565,
  "F1": 0.0,
  "timePerImage": 0.1656093461696918
}