{
  "AUC": 0.3830881516939404,
  "AR": 0.34756923076923074,
  "AP": 0.23319031503040988,
  "F1": 0.27911647429353126,
  "timePerImage": 0.013105017221890962
}