{
  "AAE": 1.3172199205770267,
  "timePerImage": 0.18170789810327384
}