{
  "AUC": 0.15348558944576615,
  "AR": 0.14621538461538477,
  "AP": 0.08286522818938839,
  "F1": 0.1057808520992449,
  "timePerImage": 0.05183539152145386
}