{
  "AUC": 0.13662818676426358,
  "AR": 0.09568461538461544,
  "AP": 0.051617660350825385,
  "F1": 0.06705960180266403,
  "timePerImage": 0.016898865883166973
}