{
  "AUC": 0.33069243045448615,
  "AR": 0.2563153846153846,
  "AP": 0.1603096516933503,
  "F1": 0.1972508920510015,
  "timePerImage": 0.020084853905897874
}