{
  "AAE": 1.4763318807400398,
  "timePerImage": 0.4983791184425354
}