{
  "AUC": 0.3359069724516635,
  "AR": 0.20399230769230775,
  "AP": 0.1194108807278081,
  "F1": 0.15064106969528787,
  "timePerImage": 0.004930437528170072
}