{
  "AUC": 0.15185824493731917,
  "AR": 0.14140769230769226,
  "AP": 0.07979085863112,
  "F1": 0.10201731556005621,
  "timePerImage": 0.012211278768686148
}