{
  "AUC": 0.23894981211104013,
  "AR": 0.2216538461538461,
  "AP": 0.13232167078076032,
  "F1": 0.16571545688837505,
  "timePerImage": 0.013867340821486253
}