{
  "AAE": 1.6554837473148984,
  "timePerImage": 0.23882608633774977
}