{
  "AAE": 1.8277581934562008,
  "timePerImage": 0.10656938901314368
}