{
  "AUC": -1,
  "AR": 0.01,
  "AP": 0.08739495798319327,
  "F1": 0.017946505608283005,
  "timePerImage": 1.1281629424615394
}