{
  "AAE": 1.6876659788271164,
  "timePerImage": 0.02453764383609478
}