{
  "AUC": 0.1901568936810758,
  "AR": 0.1770923076923078,
  "AP": 0.10522009227377836,
  "F1": 0.13200744252536847,
  "timePerImage": 0.08606065860161415,
  "AAE": 1.0508774884227217
}