{
  "AAE": 1.680703669307935,
  "timePerImage": 0.18599460711845986
}