{
  "AAE": 0.6958893537011294,
  "timePerImage": 0.00957091734959529,
  "AUC": 0.38872682887691,
  "AR": 0.3482846153846152,
  "AP": 0.23563292638842964,
  "F1": 0.2810921654792252
}