{
  "AAE": 0.657093655023219,
  "timePerImage": 0.01937889869396503,
  "AUC": 0.5405603922656382,
  "AR": 0.39999230769230776,
  "AP": 0.27813482106643295,
  "F1": 0.32811484516653217
}