{
  "AUC": 0.3821360851525845,
  "AR": 0.21655384615384615,
  "AP": 0.1307042867784757,
  "F1": 0.1630171525237715,
  "AAE": 1.4898795676490169,
  "timePerImage": 0.010038094703967755
}