{
  "AUC": 0.2978889257486794,
  "AR": 0.1862692307692308,
  "AP": 0.08671970808992728,
  "F1": 0.11834335402707909,
  "timePerImage": 0.045530791649451625,
  "AAE": 1.9152913879940026
}