{
  "AUC": 0.2040708612253286,
  "AR": 0.19806153846153834,
  "AP": 0.1171584610001252,
  "F1": 0.1472278730353404,
  "AAE": 1.6323108681568426,
  "timePerImage": 0.017852439146775465
}