{
  "AUC": 0.38872682887691,
  "AR": 0.3482846153846152,
  "AP": 0.23563292638842964,
  "F1": 0.2810921654792252,
  "AAE": 0.8433021773379181,
  "timePerImage": 0.21326793120457577
}