{
  "AUC": 0.2246762047407209,
  "AR": 0.17539230769230768,
  "AP": 0.09530635832912142,
  "F1": 0.12350265607715495,
  "AAE": 1.8379439184738016,
  "timePerImage": 0.029029859946324274
}