{
  "AUC": 0.3264882306413676,
  "AR": 0.30746923076923083,
  "AP": 0.20003421096122298,
  "F1": 0.24238009012141276,
  "AAE": 1.5132791815376936,
  "timePerImage": 0.001564620091364934
}