{
  "AUC": 0.5325731619426188,
  "AR": 0.3922230769230769,
  "AP": 0.2715356723384888,
  "F1": 0.3209074291448904,
  "timePerImage": 0.23000965466866127,
  "AAE": 0.9847746428518291
}