{
  "AUC": 0.4238929406112087,
  "AR": 0.2684461538461539,
  "AP": 0.15373878985094197,
  "F1": 0.19550951519511228,
  "timePerImage": 0.03362067516033466,
  "AAE": 0.8250381835455335
}