{
  "AUC": -1,
  "AR": 0.5726495726495726,
  "AP": 0.5370052738726897,
  "F1": 0.5542549407278111,
  "timePerImage": 0.337361412193939
}