{
  "AUC": 0.06353035094246032,
  "AR": 0.012588888888888893,
  "AP": 0.009451420933676586,
  "F1": 0.010796843504836314,
  "timePerImage": 0.16492868582407633
}