{
  "AUC": 0.04171813338289503,
  "AR": 0.017977777777777777,
  "AP": 0.008754195475595363,
  "F1": 0.0117747372699935,
  "timePerImage": 0.04648523728052775
}