{
  "AUC": 0.0053694827915977544,
  "AR": 0.0011111111111111107,
  "AP": 0.0005616432379591896,
  "F1": 0.0007461323206527206,
  "timePerImage": 0.01516749832365248
}