{
  "AUC": 0.07559120419366619,
  "AR": 0.030477777777777774,
  "AP": 0.01252396944332123,
  "F1": 0.0177528952777965,
  "timePerImage": 0.018413716952006023
}