{
  "AUC": 0.2837428522513268,
  "AR": 0.18038888888888888,
  "AP": 0.09644791940288291,
  "F1": 0.12569233928166382,
  "timePerImage": 0.004891851478152805
}