{
  "AUC": 0.422823513791428,
  "AR": 0.36191111111111124,
  "AP": 0.2508537847883248,
  "F1": 0.29631844965893633,
  "timePerImage": 0.018859510686662462
}