{
  "AUC": 0.0692691211003019,
  "AR": 0.04638888888888891,
  "AP": 0.02029505431254581,
  "F1": 0.028236633117352822,
  "timePerImage": 0.012161549197302925
}