{
  "AUC": -1,
  "AR": 0.9211111111111111,
  "AP": 0.013196759869114887,
  "F1": 0.02602072084302114,
  "timePerImage": 3.642534677000003
}