{
  "AUC": 0.06121006510537198,
  "AR": 0.02953333333333333,
  "AP": 0.012054895760348397,
  "F1": 0.017121251014895672,
  "timePerImage": 0.08225918345981174
}