{
  "AUC": 0.2970935211850848,
  "AR": 0.2540666666666667,
  "AP": 0.1579645860962593,
  "F1": 0.19480821210398944,
  "timePerImage": 0.011623751057518852
}