{
  "AUC": 0.5165817929285867,
  "AR": 0.39925555555555553,
  "AP": 0.2654815747642087,
  "F1": 0.31890799772613937,
  "timePerImage": 0.02151884979671902
}