{
  "AUC": -1,
  "AR": 0.4740740740740741,
  "AP": 0.4668295707356213,
  "F1": 0.4704239328175821,
  "timePerImage": 0.33859467139610877
}