{
    "AUC": 0.9755552466723665,
    "AR": 0.9759036144578326,
    "AP": 0.966110325298734,
    "F1": 0.9709822768236687
}