{
    "AUC": 0.90450347891465,
    "AR": 0.9056224899598391,
    "AP": 0.863712394851034,
    "F1": 0.8841710818557441
}