{
    "AUC": 0.012329855276108371,
    "AR": 0.016064257028112438,
    "AP": 0.008139581738324535,
    "F1": 0.010804594627121133
}