{
    "AUC": 0.3985182359125895,
    "AR": 0.3999799196787146,
    "AP": 0.280596506111303,
    "F1": 0.3298173833930441
}