{
    "AUC": 0.02545850066934404,
    "AR": 0.024939759036144572,
    "AP": 0.012417583431623178,
    "F1": 0.016579955539562694
}