{
    "AUC": 0.6471432859739094,
    "AR": 0.6453815261044182,
    "AP": 0.5336781011777076,
    "F1": 0.58423845481084
}