{
    "AUC": 0.46866635306970944,
    "AR": 0.47188755020080275,
    "AP": 0.3475067271096458,
    "F1": 0.4002568791969731
}