{
    "AUC": 0.84326189646354,
    "AR": 0.8413654618473889,
    "AP": 0.777068333501934,
    "F1": 0.8079396997054423
}