{
    "AUC": 0.5965976892783704,
    "AR": 0.5965060240963859,
    "AP": 0.47715514916610585,
    "F1": 0.5301969149937875
}