{
    "AUC": 0.4248111231650438,
    "AR": 0.42771084337349363,
    "AP": 0.3059530886550573,
    "F1": 0.3567285997542738
}