{
    "AUC": 0.993838284650509,
    "AR": 0.9939759036144573,
    "AP": 0.9919759520981309,
    "F1": 0.9929749208313614
}