{
    "AUC": 0.4267513894707174,
    "AR": 0.4297188755020078,
    "AP": 0.3078210866958864,
    "F1": 0.3586965805529339
}