{
    "AUC": 0.2703914107203427,
    "AR": 0.2724899598393574,
    "AP": 0.17256140277775606,
    "F1": 0.21130706998053725
}