{
    "AUC": 0.9369859766271712,
    "AR": 0.9357429718875494,
    "AP": 0.9075108314615096,
    "F1": 0.9214106933174416
}