{
    "AUC": 0.42485693220337245,
    "AR": 0.4236947791164656,
    "AP": 0.3029912668861985,
    "F1": 0.35331851658286917
}