{
    "AUC": 0.012367035710409204,
    "AR": 0.016064257028112438,
    "AP": 0.00814832567158326,
    "F1": 0.010812295372250848
}