{
    "AUC": 0.9938234221401869,
    "AR": 0.992951807228915,
    "AP": 0.9909699280504239,
    "F1": 0.9919598777203071
}