{
    "AUC": 0.4095272847467556,
    "AR": 0.41164658634538176,
    "AP": 0.29114820761858684,
    "F1": 0.34106731243917643
}