{
    "AUC": 0.8629286748092785,
    "AR": 0.8714859437751009,
    "AP": 0.8170799216061393,
    "F1": 0.8434064447463429
}