{
    "AUC": 0.9808674342744929,
    "AR": 0.9817469879518064,
    "AP": 0.9730188724157983,
    "F1": 0.9773634444739394
}