{
    "AUC": 0.4071348638602027,
    "AR": 0.40963855421686746,
    "AP": 0.2893171616802612,
    "F1": 0.3391215240831447
}