{
    "AUC": 0.010976787996632079,
    "AR": 0.014056224899598381,
    "AP": 0.007111780455153948,
    "F1": 0.00944489420131117
}