{
    "AUC": 0.5121161464810172,
    "AR": 0.5180722891566262,
    "AP": 0.39456155339728727,
    "F1": 0.44795929681876
}