{
    "AUC": 0.2634510675194261,
    "AR": 0.2625100401606426,
    "AP": 0.16490467546747248,
    "F1": 0.20256266991662936
}