{
    "AUC": 0.010918049619618484,
    "AR": 0.012048192771084335,
    "AP": 0.006076939336292539,
    "F1": 0.008078963082651304
}