{
    "AUC": 0.9613570526141725,
    "AR": 0.9598393574297194,
    "AP": 0.9424682663145284,
    "F1": 0.9510744990410218
}