{
    "AUC": 0.3812412586316113,
    "AR": 0.3897389558232933,
    "AP": 0.27217150706422416,
    "F1": 0.32051416291356905
}