{
    "AUC": 0.9031101560288152,
    "AR": 0.904759036144578,
    "AP": 0.8626866876584272,
    "F1": 0.8832221159710049
}