{
    "AUC": 0.7829380580863469,
    "AR": 0.7831325301204826,
    "AP": 0.6996222377419536,
    "F1": 0.7390256906221482
}