{
    "AUC": 0.4880490004543218,
    "AR": 0.48995983935742915,
    "AP": 0.36575981934183893,
    "F1": 0.41884657085133054
}