{
    "AUC": 0.012226684515841142,
    "AR": 0.016064257028112438,
    "AP": 0.008145456605965306,
    "F1": 0.010809769211427333
}