{
    "AUC": 0.7724659907041441,
    "AR": 0.7791164658634541,
    "AP": 0.6936801532084071,
    "F1": 0.7339202472476389
}