{
    "AUC": 0.8139387214710512,
    "AR": 0.8172690763052207,
    "AP": 0.7432708702011264,
    "F1": 0.7785155373866381
}