{
    "AUC": 0.04502139920927128,
    "AR": 0.04819277108433734,
    "AP": 0.025259993697122497,
    "F1": 0.033146447174837966
}