{
    "AUC": 0.1312240605877549,
    "AR": 0.14056224899598388,
    "AP": 0.08017987442728661,
    "F1": 0.10211248581771028
}