{
    "AUC": 0.9755523031568388,
    "AR": 0.9759036144578326,
    "AP": 0.9661100747424523,
    "F1": 0.9709821502788073
}