{
    "AUC": 0.0887158969926109,
    "AR": 0.09036144578313249,
    "AP": 0.049439792896730894,
    "F1": 0.06391146755998992
}