{
    "AUC": 0.1623630026107862,
    "AR": 0.16668674698795177,
    "AP": 0.09772780862922846,
    "F1": 0.1232150815044521
}