{
    "AUC": 0.6014060253250325,
    "AR": 0.6024096385542176,
    "AP": 0.48363835370958264,
    "F1": 0.5365295234179268
}