{
    "AUC": 0.15557502943682439,
    "AR": 0.16465863453815271,
    "AP": 0.09608597499309443,
    "F1": 0.12135541723430346
}