{
    "AUC": 0.018431406520856303,
    "AR": 0.018072289156626512,
    "AP": 0.009190299086107485,
    "F1": 0.012184444194456185
}