{
    "AUC": 0.11590883875350105,
    "AR": 0.117206982543641,
    "AP": 0.06547222965031312
}