{
    "AUC": 0.003505151283803417,
    "AR": 0.0,
    "AP": 1.0269995716398882e-05
}