{
    "AUC": 0.0004977686743727187,
    "AR": 0.0,
    "AP": 3.816456895461741e-06
}