{
    "AUC": 0.003784748324280551,
    "AR": 0.0,
    "AP": 9.761525368435618e-06
}