{
    "AUC": 0.00799604555569774,
    "AR": 0.0,
    "AP": 1.3263547295458866e-05
}