{
    "AUC": 0.009840046063824853,
    "AR": 0.0,
    "AP": 2.5432757062133933e-05
}