{
    "AUC": 0.007870238418890325,
    "AR": 0.0,
    "AP": 1.6253716245730262e-05
}