{
    "AUC": 0.008103800883659059,
    "AR": 0.0,
    "AP": 6.9861214271255614e-06
}