{
    "AUC": 0.9652544050528851,
    "AR": 0.9668578553615964,
    "AP": 0.9505947954091156
}