{
    "AUC": 0.6099223557376127,
    "AR": 0.4954364089775562,
    "AP": 0.33847560658957565
}