{
    "AUC": 0.5650914807373156,
    "AR": 0.3749625935162094,
    "AP": 0.23579417021984775
}