{
    "AUC": 0.9384619795008294,
    "AR": 0.9388528678304247,
    "AP": 0.912488537355694
}