{
    "AUC": 0.6643201242012644,
    "AR": 0.5678553615960099,
    "AP": 0.4259487946506857
}