{
    "AUC": 0.9876541231694773,
    "AR": 0.9842771084337341,
    "AP": 0.9799866413841247,
    "F1": 0.9821271891564418
}