{
    "AUC": 0.4927504520700604,
    "AR": 0.49598393574297156,
    "AP": 0.37123948510339144,
    "F1": 0.42463987133805636
}