{
    "AUC": 0.5996510461381153,
    "AR": 0.6044176706827308,
    "AP": 0.4852367215340234,
    "F1": 0.5383094879518072
}