{
    "AUC": 0.694764290201878,
    "AR": 0.6987951807228917,
    "AP": 0.5940462049404863,
    "F1": 0.6421771916376764
}