{
    "AUC": 0.01231148661034178,
    "AR": 0.016064257028112438,
    "AP": 0.008144662713902897,
    "F1": 0.010809070097939695
}