{
    "AUC": 0.42674819850187984,
    "AR": 0.4297188755020078,
    "AP": 0.3078210974145488,
    "F1": 0.3586965878302012
}