{
    "AUC": 0.9162116673915113,
    "AR": 0.91566265060241,
    "AP": 0.8788467033257581,
    "F1": 0.8968770210965038
}