{
    "AUC": 0.9257078775633518,
    "AR": 0.9276807980049868,
    "AP": 0.8941362304960789
}