{
    "AUC": 0.07478985592861767,
    "AR": 0.06497991967871482,
    "AP": 0.0326513013548024,
    "F1": 0.04346312413141265
}