{
    "AUC": 0.7717614883166242,
    "AR": 0.7811244979919684,
    "AP": 0.6970150289804312,
    "F1": 0.736676754352653
}