{
    "AUC": 0.8608652724875078,
    "AR": 0.8694779116465868,
    "AP": 0.8143190232977188,
    "F1": 0.8409950025409781
}