{
    "AUC": 0.7252291416991454,
    "AR": 0.7241164658634536,
    "AP": 0.6268551332853292,
    "F1": 0.6719847019862434
}