{
    "AUC": 0.9938225280506864,
    "AR": 0.9924698795180715,
    "AP": 0.9909699280504239,
    "F1": 0.9917193366245092
}