{
    "AUC": 0.6106632033347958,
    "AR": 0.6204819277108433,
    "AP": 0.5043326368301813,
    "F1": 0.5564104459041618
}