{
    "AUC": 0.6412643911593059,
    "AR": 0.6425702811244983,
    "AP": 0.5288052800348757,
    "F1": 0.5801633032463407
}