{
    "AUC": 0.011354163389851835,
    "AR": 0.014056224899598381,
    "AP": 0.007110657394679388,
    "F1": 0.00944390374869953
}