{
    "AUC": 0.49381455974206284,
    "AR": 0.49598393574297156,
    "AP": 0.3727033263967053,
    "F1": 0.4255958864538117
}