{
    "AUC": 0.15387465354375246,
    "AR": 0.16465863453815271,
    "AP": 0.0959128263557247,
    "F1": 0.12121722746038195
}