{
    "AUC": 0.8422648568784263,
    "AR": 0.8493975903614455,
    "AP": 0.7877820915092144,
    "F1": 0.8174303867407631
}