{
    "AUC": 0.012263889316858225,
    "AR": 0.016064257028112438,
    "AP": 0.008146261778909598,
    "F1": 0.010810478212200596
}