{
    "AUC": 0.9812798588239036,
    "AR": 0.9818674698795172,
    "AP": 0.9730188724157983,
    "F1": 0.97742314500205
}