{
    "AUC": 0.5966007629733989,
    "AR": 0.5965060240963859,
    "AP": 0.477155135625854,
    "F1": 0.5301969066348339
}