{
    "AUC": 0.7846646384533109,
    "AR": 0.7851405622489961,
    "AP": 0.7021928697981055,
    "F1": 0.7413537445221108
}