{
    "AUC": 0.5430276381909549,
    "AR": 0.547409638554217,
    "AP": 0.42365124846918645,
    "F1": 0.47764415166269764
}