{
    "AUC": 0.7806902879361114,
    "AR": 0.7831325301204826,
    "AP": 0.6988315434777339,
    "F1": 0.7385843213363824
}