{
    "AUC": 0.1554806057373649,
    "AR": 0.16465863453815271,
    "AP": 0.09608616556135297,
    "F1": 0.12135556922555288
}