{
    "AUC": 0.16223849118809242,
    "AR": 0.15895582329317262,
    "AP": 0.0886452433664878,
    "F1": 0.11381758431365752
}