{
    "AUC": 0.898156079400522,
    "AR": 0.8985742971887541,
    "AP": 0.8542089215345621,
    "F1": 0.8758301347491925
}