{
    "AUC": 0.49879808153942595,
    "AR": 0.4987751004016063,
    "AP": 0.37474821021277677,
    "F1": 0.42795669881490694
}