{
    "AUC": 0.5288788289251681,
    "AR": 0.5321285140562252,
    "AP": 0.40848692435364825,
    "F1": 0.46218152752238056
}