{
    "AUC": 0.797672106585254,
    "AR": 0.8012048192771082,
    "AP": 0.7222127948413372,
    "F1": 0.759660865684962
}