{
    "AUC": 0.9789010342293804,
    "AR": 0.9779116465863442,
    "AP": 0.9690778876790374,
    "F1": 0.9734747271440163
}