{
    "AUC": 0.528870370993754,
    "AR": 0.5321285140562252,
    "AP": 0.40848695908926824,
    "F1": 0.4621815497561907
}