{
    "AUC": 0.8608526481541722,
    "AR": 0.8694779116465868,
    "AP": 0.8143190995058899,
    "F1": 0.8409950431824281
}