{
    "AUC": 0.6207936252017687,
    "AR": 0.6191967871485943,
    "AP": 0.5039455988759673,
    "F1": 0.5556579461419227
}