{
    "AUC": 0.59528824690135,
    "AR": 0.5983935742971892,
    "AP": 0.4785944583161621,
    "F1": 0.5318310693865459
}