{
    "AUC": 0.6025658997952527,
    "AR": 0.606425702811245,
    "AP": 0.48745888988549774,
    "F1": 0.5404731026728219
}