{
    "AUC": 0.7635021612074041,
    "AR": 0.7710843373493974,
    "AP": 0.6834258563428766,
    "F1": 0.7246136546184738
}