{
    "AUC": 0.09718335966905664,
    "AR": 0.09909638554216871,
    "AP": 0.05444068001506451,
    "F1": 0.07027455678367972
}