{
    "AUC": 0.9852975479613321,
    "AR": 0.9844176706827301,
    "AP": 0.9779685334509844,
    "F1": 0.9811825049247284
}