{
  "AUC": 0.09573364028981347,
  "AR": 0.0436076923076923,
  "AP": 0.023866060558097205,
  "F1": 0.030848849551450733,
  "timePerImage": 0.16634128368817844
}