{
  "AUC": 0.7580332452891438,
  "AR": 0.7313692307692307,
  "AP": 0.6443277725704196,
  "F1": 0.6850949100624496,
  "timePerImage": 0.01198878838465764
}