{
  "AAE": 0.2491550887653377,
  "timePerImage": 0.18142173015154325
}