{
  "AUC": 0.2013231455710843,
  "AR": 0.19684615384615375,
  "AP": 0.11719721720596539,
  "F1": 0.14692124448401653,
  "timePerImage": 0.04896505154096163,
  "AAE": 1.5656719573547397
}