{
  "AUC": 0.131369022648675,
  "AR": 0.10026153846153844,
  "AP": 0.0548954025911548,
  "F1": 0.07094619784216437,
  "timePerImage": 0.016219793466421273
}