{
  "AUC": 0.3093601430339298,
  "AR": 0.2936615384615384,
  "AP": 0.18433703028963053,
  "F1": 0.22649731379620044,
  "timePerImage": 0.019721761850210337
}