{
  "AAE": 0.2889010325621431,
  "timePerImage": 0.4992213192352882
}