{
  "AUC": 0.4381659206224848,
  "AR": 0.35384615384615387,
  "AP": 0.2342693194313294,
  "F1": 0.2819014340261049,
  "timePerImage": 0.004955297250014085
}