{
  "AUC": 0.2794224279405622,
  "AR": 0.2699384615384614,
  "AP": 0.1715788305951408,
  "F1": 0.20980254403900248,
  "timePerImage": 0.013508235858036921
}