{
  "AUC": 0.6163756757147398,
  "AR": 0.6131307692307695,
  "AP": 0.497626587197034,
  "F1": 0.5493732189702252,
  "timePerImage": 0.013915022153120774
}