{
  "AAE": 0.293450941769149,
  "timePerImage": 0.23748585884387677
}