{
  "AAE": 0.40228871551397954,
  "timePerImage": 0.10699622796132015
}