{
  "AUC": -1,
  "AR": 0.3192307692307692,
  "AP": 0.19737561769056258,
  "F1": 0.24393182840130603,
  "timePerImage": 1.1310040636923064
}