{
  "AAE": 0.40580012599198206,
  "timePerImage": 0.02445000355060284
}