{
  "AUC": 0.7595953029205819,
  "AR": 0.720423076923077,
  "AP": 0.6259250680330269,
  "F1": 0.6698577409193692,
  "timePerImage": 0.01944325667161208
}