{
  "AUC": 0.24798954118011932,
  "AR": 0.24353076923076916,
  "AP": 0.15115912127841927,
  "F1": 0.18653579920017527,
  "timePerImage": 0.08722629400400014
}