{
  "AAE": 0.3611607861116759,
  "timePerImage": 0.18547567037435678
}