{
  "AUC": 0.6556588717039741,
  "AR": 0.528430769230769,
  "AP": 0.4125078007817266,
  "F1": 0.4633284710135452,
  "timePerImage": 0.030630054840674766,
  "AAE": 0.6288767673561165
}