{
  "AUC": 0.37257946375219264,
  "AR": 0.2593153846153846,
  "AP": 0.1543444707043036,
  "F1": 0.19351114336687486,
  "timePerImage": 0.0414102893609267,
  "AAE": 2.0046360939235814
}