{
  "AUC": 0.5512773068242365,
  "AR": 0.5350461538461538,
  "AP": 0.41679477597051723,
  "F1": 0.4685750209736122,
  "AAE": 1.2703674817930792,
  "timePerImage": 0.016611419090857872
}