{
  "AUC": 0.7023214370303701,
  "AR": 0.5733000000000001,
  "AP": 0.460859205572887,
  "F1": 0.5109669403533916,
  "AAE": 1.397882551393608,
  "timePerImage": 0.0099970137155973
}