{
  "AAE": 0.6063598659508977,
  "timePerImage": 0.009848478757418119,
  "AUC": 0.7461860791749015,
  "AR": 0.7212846153846155,
  "AP": 0.6323278157603972,
  "F1": 0.6738831808776014
}