{
  "AUC": 0.7481568249181393,
  "AR": 0.7090384615384615,
  "AP": 0.6111017908163915,
  "F1": 0.6564373335801954,
  "timePerImage": 0.17781945411975567,
  "AAE": 1.0946987241376582
}