{
  "AUC": 0.3466577606801314,
  "AR": 0.2727538461538462,
  "AP": 0.1710708388534654,
  "F1": 0.21026423648012654,
  "AAE": 2.0636113551826676,
  "timePerImage": 0.028080894030057466
}