{
  "AUC": 0.7461860791749015,
  "AR": 0.7212846153846155,
  "AP": 0.6323278157603972,
  "F1": 0.6738831808776014,
  "AAE": 1.09151884492545,
  "timePerImage": 0.164328199166518
}