{
  "AUC": 0.7298693620781493,
  "AR": 0.7054923076923074,
  "AP": 0.6113032162880526,
  "F1": 0.6550291353590907,
  "AAE": 1.3814449982029018,
  "timePerImage": 0.0018647263600276066
}