{
  "AUC": -1,
  "AR": 0.41196581196581195,
  "AP": 0.01379689369522032,
  "F1": 0.026699607260963733,
  "timePerImage": 0.36397830620976807
}