{
  "AUC": 0.15513397299746015,
  "AR": 0.0,
  "AP": 0.0025498173910225596,
  "F1": 0.0,
  "timePerImage": 0.16549586186042198,
  "AAE": 0.8634979237882644
}