{
  "AUC": 0.7695536459040562,
  "AR": 0.7247230769230769,
  "AP": 0.6381028107555674,
  "F1": 0.6786601818839009,
  "timePerImage": 0.018375672560471755
}