{
  "AAE": 0.197719083180472,
  "timePerImage": 0.3881420847085806
}