{
  "AUC": 0.13924794055599413,
  "AR": 0.10782307692307695,
  "AP": 0.05029454431488044,
  "F1": 0.06859339873717557,
  "timePerImage": 0.05104190257879404,
  "AAE": 1.3485449111936367
}