{
  "AUC": 0.06415501143009829,
  "AR": 0.027930769230769235,
  "AP": 0.010859269017263013,
  "F1": 0.015638434538094416,
  "timePerImage": 0.016742196083068848
}