{
  "AUC": 0.21647766711039268,
  "AR": 0.1426,
  "AP": 0.08041792042649346,
  "F1": 0.10284012541133598,
  "timePerImage": 0.019960562082437367
}