{
  "AAE": 0.2179043292657011,
  "timePerImage": 0.7357571843954233
}