{
  "AUC": 0.4027131669542954,
  "AR": 0.31756153846153845,
  "AP": 0.19825817886261682,
  "F1": 0.24411308904126358,
  "timePerImage": 0.005260280645810641
}