{
  "AUC": 0.22086740066379643,
  "AR": 0.17318461538461544,
  "AP": 0.09404462629881935,
  "F1": 0.12189595967828201,
  "timePerImage": 0.014079592778132512
}