{
  "AUC": 0.6011244075480584,
  "AR": 0.6004923076923078,
  "AP": 0.48045734672337126,
  "F1": 0.533810135750677,
  "timePerImage": 0.012255528890169584
}