{
  "AAE": 0.19999005930476096,
  "timePerImage": 0.27500907090994026
}