{
  "AAE": 0.22787102739465695,
  "timePerImage": 0.1306367224913377
}