{
  "AUC": -1,
  "AR": 0.53,
  "AP": 0.2185033314622598,
  "F1": 0.3094355383796626,
  "timePerImage": 1.1657095576153842
}