{
  "AAE": 0.250022223269426,
  "timePerImage": 0.05784378125117375
}