{
  "AUC": 0.19794975574680695,
  "AR": 0.13173846153846155,
  "AP": 0.07059837627394368,
  "F1": 0.09193107471676176,
  "timePerImage": 0.08763006943922777
}