{
  "AUC": 0.803679306084782,
  "AR": 0.7260307692307691,
  "AP": 0.6353157110717856,
  "F1": 0.6776507833793031,
  "timePerImage": 0.019337107218228854
}