{
  "AAE": 0.23891448775385146,
  "timePerImage": 0.21555659129069402
}