{
  "AUC": 0.7462258481604962,
  "AR": 0.7023538461538462,
  "AP": 0.6120202856596976,
  "F1": 0.6540828690293231,
  "AAE": 1.2640453794816513,
  "timePerImage": 0.15249179069812482
}