{
  "AUC": 0.7281085272964847,
  "AR": 0.6764307692307693,
  "AP": 0.5778689352831343,
  "F1": 0.6232773985378919,
  "AAE": 1.5224303648411077,
  "timePerImage": 0.002025589759533222
}