{
  "AUC": 0.24937423357512523,
  "AR": 0.10530769230769235,
  "AP": 0.04126240850601441,
  "F1": 0.0592924340599119,
  "AAE": 1.8969825477393039,
  "timePerImage": 0.02594871007479154
}