{
  "AUC": 0.7806015718348981,
  "AR": 0.7020307692307693,
  "AP": 0.6057268696435737,
  "F1": 0.6503328867658534,
  "timePerImage": 0.14675232428770799,
  "AAE": 1.1998189203310192
}