{
  "AAE": 0.5069623572133205,
  "timePerImage": 0.010949739309457631,
  "AUC": 0.7462258481604962,
  "AR": 0.7023538461538462,
  "AP": 0.6120202856596976,
  "F1": 0.6540828690293231
}