{
  "AUC": 0.26135351485259334,
  "AR": 0.09331538461538462,
  "AP": 0.037835759107775105,
  "F1": 0.053841061741859646,
  "timePerImage": 0.040243339538574216,
  "AAE": 1.726869697243264
}