{
  "AUC": 0.5716483878076091,
  "AR": 0.4952,
  "AP": 0.37371518324354974,
  "F1": 0.4259650707250537,
  "AAE": 1.3779727770630048,
  "timePerImage": 0.01003126731285682
}