{
  "AUC": 0.4986469737550206,
  "AR": 0.47226153846153845,
  "AP": 0.34940044878471727,
  "F1": 0.4016454358202378,
  "AAE": 1.5440801668818527,
  "timePerImage": 0.01592913444225605
}