{
  "AUC": 0.5980554996684028,
  "AR": 0.5490384615384617,
  "AP": 0.4232795222872873,
  "F1": 0.4780262045610698,
  "timePerImage": 0.030088973962343658,
  "AAE": 0.5631152261698116
}