{
  "AUC": -1,
  "AR": 0.47692307692307695,
  "AP": 0.015856700891186376,
  "F1": 0.03069292580315219,
  "timePerImage": 0.3428477387391884
}