{
  "AUC": 0.1044494649785157,
  "AR": 0.0,
  "AP": 0.0018312060886526346,
  "F1": 0.0,
  "timePerImage": 0.16623327970504762
}