{
  "AUC": 0.056611570607999775,
  "AR": 0.018991666666666667,
  "AP": 0.010044084029980067,
  "F1": 0.013139243263402253,
  "timePerImage": 0.04909010509649912
}