{
  "AUC": 0.04479721315779603,
  "AR": 0.03740000000000001,
  "AP": 0.01876989334739855,
  "F1": 0.02499538344682358,
  "timePerImage": 0.01650041202704112
}