{
  "AUC": 0.12397974385781493,
  "AR": 0.04455000000000001,
  "AP": 0.011015280032209506,
  "F1": 0.017663214336379546,
  "timePerImage": 0.0198092516263326
}