{
  "AUC": 0.30749130567843524,
  "AR": 0.1560666666666666,
  "AP": 0.08378137601446821,
  "F1": 0.1090313678374088,
  "timePerImage": 0.004849719206492106
}