{
  "AUC": 0.11914039384002727,
  "AR": 0.10058333333333336,
  "AP": 0.051668819414649333,
  "F1": 0.06826861876594831,
  "timePerImage": 0.01326095461845398
}