{
  "AUC": 0.5428347096150614,
  "AR": 0.42624999999999985,
  "AP": 0.318802118350116,
  "F1": 0.36477824731955083,
  "timePerImage": 0.023209076126416525
}