{
  "AUC": -1,
  "AR": 0.9033333333333333,
  "AP": 0.010979242041340898,
  "F1": 0.02169480236365272,
  "timePerImage": 1.7751669781666704
}