{
  "AUC": 0.4940916413320754,
  "AR": 0.3543333333333333,
  "AP": 0.22765750601910312,
  "F1": 0.27720932190567643,
  "timePerImage": 0.019954463044802348
}