{
  "AUC": 0.4637157676204012,
  "AR": 0.34472500000000006,
  "AP": 0.2331798518833187,
  "F1": 0.27818740119076446,
  "timePerImage": 0.01146439035733541
}