{
  "AUC": 0.1196584292226021,
  "AR": 0.09381666666666666,
  "AP": 0.049307408847880034,
  "F1": 0.06464121041059166,
  "timePerImage": 0.0846876072883606
}