{
  "AUC": -1,
  "AR": 0.5898148148148148,
  "AP": 0.09663374747796538,
  "F1": 0.16606055866213063,
  "timePerImage": 0.34035232145924216
}