{
  "AUC": 0.08620700374062233,
  "AR": 0.003424999999999999,
  "AP": 0.003083269979236904,
  "F1": 0.003245163372932043,
  "timePerImage": 0.1705228885014852
}