{
  "AUC": 0.3787612529184627,
  "AR": 0.3780333333333333,
  "AP": 0.26101992394145207,
  "F1": 0.3088137985080999,
  "timePerImage": 0.012144232988357545
}