{
  "AUC": 0.04276056021882569,
  "AR": 0.03416666666666668,
  "AP": 0.01781449001085364,
  "F1": 0.023418553219717808,
  "timePerImage": 0.048883801897366845
}