{
  "AUC": 0.021929387287756917,
  "AR": 0.007166666666666663,
  "AP": 0.00384487149725316,
  "F1": 0.00500473448609874,
  "timePerImage": 0.016158632834752402
}