{
  "AUC": 0.11093652084207585,
  "AR": 0.06675,
  "AP": 0.03375250933775136,
  "F1": 0.0448343034047733,
  "timePerImage": 0.019350079894065855
}