{
  "AUC": 0.25871118640286667,
  "AR": 0.24329166666666652,
  "AP": 0.15014283198072678,
  "F1": 0.185690375176693,
  "timePerImage": 0.004832978447278341
}