{
  "AUC": 0.10248519156444297,
  "AR": 0.07102499999999996,
  "AP": 0.03722002366456971,
  "F1": 0.04884385611975877,
  "timePerImage": 0.0128665163119634
}