{
  "AUC": 0.4355003919053726,
  "AR": 0.4417416666666671,
  "AP": 0.3190314766807271,
  "F1": 0.37049019792676685,
  "timePerImage": 0.026001920700073244
}