{
  "AUC": -1,
  "AR": 0.9625,
  "AP": 0.016471896591287182,
  "F1": 0.032389490493684545,
  "timePerImage": 3.141008876916667
}