{
  "AUC": 0.08127137355852744,
  "AR": 0.05666666666666663,
  "AP": 0.0304417568585151,
  "F1": 0.03960656889056217,
  "timePerImage": 0.08764414389928182
}