{
  "AUC": 0.60852483677987,
  "AR": 0.608708333333333,
  "AP": 0.49010757966690915,
  "F1": 0.5430073671912908,
  "timePerImage": 0.0206284765402476
}