{
  "AUC": -1,
  "AR": 0.7527777777777778,
  "AP": 0.28734616553683895,
  "F1": 0.41592698511769244,
  "timePerImage": 0.33608376703971676
}