{
  "60Hz": {
    "ESTMD": {
      "mAUC": 2.0086163169730082,
      "AP": 0.468203110222192,
      "F1": 0.5796170309054308,
      "AR": 0.8011506972559606,
      "mTime": 15.554804942837858
    },
    "DSTMD": {
      "mAUC": 3.9752079941231107,
      "AP": 0.7269862062757099,
      "F1": 0.9019705652066763,
      "AR": 1.2773486279802073,
      "mTime": 48.60707156739837
    },
    "STMDPlus": {
      "mAUC": 7.230713918833345,
      "AP": 2.040211878601813,
      "F1": 2.7296624625413957,
      "AR": 4.211822762033289,
      "mTime": 85.65589936503822
    },
    "FeedbackSTMD": {
      "mAUC": 6.713272725708236,
      "AP": 1.3512712140563,
      "F1": 1.827883249604556,
      "AR": 3.0868025191183093,
      "mTime": 18.75378558067435
    },
    "ApgSTMD": {
      "mAUC": 6.264192220335044,
      "AP": 0.9829703491993984,
      "F1": 1.2752718848086562,
      "AR": 1.8971870059764795,
      "mTime": 167.2694150778852
    },
    "FSTMD": {
      "mAUC": 7.997095320436384,
      "AP": 2.3462685010221023,
      "F1": 3.184378634619559,
      "AR": 5.202642246642248,
      "mTime": 12.774949655964294
    },
    "FracSTMD": {
      "mAUC": 30.12322503891931,
      "AP": 10.773125972638244,
      "F1": 13.769618522544702,
      "AR": 19.154227941648998,
      "mTime": 4.9725516202494076
    },
    "RPFC": {
      "mAUC": -99.99999999999996,
      "AP": 1.0699970358450808,
      "F1": 2.0851670141434386,
      "AR": 88.22566030460769,
      "mTime": 4019.1566922469383
    },
    "ZBS": {
      "mAUC": -99.99999999999996,
      "AP": 21.689652550512548,
      "F1": 21.805334888575317,
      "AR": 52.76906076942246,
      "mTime": 347.6449638717786
    },
    "Backbonev2": {
      "mAUC": 35.507202533266394,
      "AP": 19.621845778507403,
      "F1": 23.454338458284138,
      "AR": 29.334412248570146,
      "mTime": 11.73305008394707
    },
    "FeedbackSTMDv2": {
      "mAUC": 49.029167200470226,
      "AP": 25.29281589138141,
      "F1": 30.308957463756443,
      "AR": 37.95109016130069,
      "mTime": 19.916474593925983
    }
  },
  "120Hz": {
    "ESTMD": {
      "mAUC": 8.03234304920269,
      "AP": 1.6044139494087826,
      "F1": 2.1272729009515987,
      "AR": 3.2470771479982017,
      "mTime": 17.0016087381877
    },
    "DSTMD": {
      "mAUC": 11.880641145334517,
      "AP": 3.975038589363207,
      "F1": 5.119436296715239,
      "AR": 7.222682860998653,
      "mTime": 51.978594508294265
    },
    "STMDPlus": {
      "mAUC": 19.675857033125386,
      "AP": 8.710940176409832,
      "F1": 10.840768690988408,
      "AR": 14.510457554141764,
      "mTime": 88.5285738034739
    },
    "FeedbackSTMD": {
      "mAUC": 19.192905494204748,
      "AP": 5.697485993899532,
      "F1": 7.462949346238051,
      "AR": 10.962428025191182,
      "mTime": 20.091029088644706
    },
    "ApgSTMD": {
      "mAUC": 13.461806932051065,
      "AP": 1.723432652193362,
      "F1": 2.1398332417397854,
      "AR": 3.0221659919028334,
      "mTime": 169.00385260645555
    },
    "FSTMD": {
      "mAUC": 21.13992257842699,
      "AP": 9.465554871767925,
      "F1": 11.861935741369127,
      "AR": 16.14184927061243,
      "mTime": 13.802007240192205
    },
    "FracSTMD": {
      "mAUC": 35.62495036064974,
      "AP": 13.793839097595987,
      "F1": 17.220698500187808,
      "AR": 22.998008964719485,
      "mTime": 5.134415990680726
    },
    "RPFC": {
      "mAUC": -99.99999999999996,
      "AP": 4.380771753854658,
      "F1": 5.872897265720301,
      "AR": 70.29132767816978,
      "mTime": 2242.76949367783
    },
    "ZBS": {
      "mAUC": -99.99999999999996,
      "AP": 21.582190990747566,
      "F1": 21.36922594313256,
      "AR": 53.318799134588616,
      "mTime": 342.7791043512404
    },
    "Backbonev2": {
      "mAUC": 48.32998357654616,
      "AP": 28.467809909095514,
      "F1": 33.18272797109133,
      "AR": 39.89257885097359,
      "mTime": 11.809842568866912
    },
    "FeedbackSTMDv2": {
      "mAUC": 57.386902657799446,
      "AP": 32.61773531242685,
      "F1": 37.71853309641887,
      "AR": 44.92164982970247,
      "mTime": 20.10327881647791
    }
  },
  "240Hz": {
    "ESTMD": {
      "mAUC": 20.47487678986725,
      "AP": 6.520063602364728,
      "F1": 8.248426408526035,
      "AR": 11.322730062335324,
      "mTime": 17.825978402299
    },
    "DSTMD": {
      "mAUC": 27.974863175339447,
      "AP": 12.362237268452345,
      "F1": 15.161862055226901,
      "AR": 19.718867216117218,
      "mTime": 54.31196132105594
    },
    "STMDPlus": {
      "mAUC": 35.423737739712394,
      "AP": 17.86472561347067,
      "F1": 21.53854223427017,
      "AR": 27.260383683567895,
      "mTime": 90.57859096839046
    },
    "FeedbackSTMD": {
      "mAUC": 39.27382409346148,
      "AP": 14.818324621298853,
      "F1": 18.386951287933897,
      "AR": 24.338020740954956,
      "mTime": 21.214618283551193
    },
    "ApgSTMD": {
      "mAUC": 25.862173069405156,
      "AP": 6.029820487538723,
      "F1": 7.131869682299461,
      "AR": 9.20959840305893,
      "mTime": 169.17716427385162
    },
    "FSTMD": {
      "mAUC": 39.19328917249766,
      "AP": 20.053514891912084,
      "F1": 24.217046794198744,
      "AR": 30.722711940106674,
      "mTime": 15.07559329398868
    },
    "FracSTMD": {
      "mAUC": 38.41057019161798,
      "AP": 15.521897930504851,
      "F1": 19.247937672974693,
      "AR": 25.406407701947174,
      "mTime": 5.438033221382523
    },
    "RPFC": {
      "mAUC": -99.99999999999996,
      "AP": 19.117949013304056,
      "F1": 12.964359568619384,
      "AR": 38.889680933101985,
      "mTime": 1184.8877667575107
    },
    "ZBS": {
      "mAUC": -99.99999999999996,
      "AP": 23.51255211344907,
      "F1": 22.83400535231217,
      "AR": 53.31554491642211,
      "mTime": 342.03192385974427
    },
    "Backbonev2": {
      "mAUC": 53.99462775405436,
      "AP": 34.45238941884713,
      "F1": 38.784292846309384,
      "AR": 44.65904455047876,
      "mTime": 11.431018642093427
    },
    "FeedbackSTMDv2": {
      "mAUC": 63.69817686893441,
      "AP": 39.292648630179514,
      "F1": 43.83652744467283,
      "AR": 50.02392511728038,
      "mTime": 19.550596739576115
    }
  }
}