{
    "AUC": 0.445734775938747,
    "AR": 0.4363453815261047,
    "AP": 0.3177725143535975,
    "F1": 0.3677371131801096
}