{
    "AUC": 0.9270174063931191,
    "AR": 0.9156224899598396,
    "AP": 0.8858652647114492,
    "F1": 0.9004981103432829
}