{
    "AUC": 0.8612957986049746,
    "AR": 0.8634136546184739,
    "AP": 0.8059342952163301,
    "F1": 0.8336844038823138
}