{
    "AUC": 0.8251405645678737,
    "AR": 0.48379518072289146,
    "AP": 0.4216565169079229,
    "F1": 0.4505936458769109
}