{
    "AUC": 0.9075609678700101,
    "AR": 0.8836345381526112,
    "AP": 0.8487128591184855,
    "F1": 0.8658217127496677
}