{
    "AUC": 0.786082836281657,
    "AR": 0.7936345381526112,
    "AP": 0.7158601566065005,
    "F1": 0.7527437449668143
}