{
    "AUC": 0.9605551147374768,
    "AR": 0.9471887550200795,
    "AP": 0.9305980108163935,
    "F1": 0.9388200911051723
}