{
    "AUC": 0.9572955948169327,
    "AR": 0.9414658634538148,
    "AP": 0.9225052627536966,
    "F1": 0.9318891280319204
}