{
    "AUC": 0.911532109747401,
    "AR": 0.9095180722891566,
    "AP": 0.8739985918044316,
    "F1": 0.8914046393902285
}