{
    "AUC": 0.7403992930023299,
    "AR": 0.7446987951807231,
    "AP": 0.6547479401785384,
    "F1": 0.6968325265667866
}