{
    "AUC": 0.9522996699797021,
    "AR": 0.93339357429719,
    "AP": 0.9170186214406234,
    "F1": 0.9251336439903405
}