{
    "AUC": 0.9356513480691582,
    "AR": 0.9241967871485947,
    "AP": 0.8961808521234476,
    "F1": 0.9099732345292828
}