{
    "AUC": 0.8802284123197274,
    "AR": 0.871947791164659,
    "AP": 0.8251768636452778,
    "F1": 0.8479178492121546
}