{
    "AUC": 0.9259125247963887,
    "AR": 0.9185742971887554,
    "AP": 0.8874901670178289,
    "F1": 0.9027647380111287
}