{
    "AUC": 0.8969275890741714,
    "AR": 0.8964658634538147,
    "AP": 0.8565695570561217,
    "F1": 0.8760637219197767
}