{
    "AUC": 0.01905915720953841,
    "AR": 0.020200803212851417,
    "AP": 0.009400520312099044,
    "F1": 0.012830376369020355
}