{
    "AUC": 0.9343838373023707,
    "AR": 0.9235140562248999,
    "AP": 0.896758470065407,
    "F1": 0.9099396273721032
}