{
    "AUC": 0.9255427390295863,
    "AR": 0.8175301204819276,
    "AP": 0.7648878851563955,
    "F1": 0.7903333792702021
}