{
    "AUC": 0.8968065205385977,
    "AR": 0.8946987951807226,
    "AP": 0.852670974267651,
    "F1": 0.8731794571491011
}