{
    "AUC": 0.604861107753647,
    "AR": 0.6030923694779122,
    "AP": 0.485429042254033,
    "F1": 0.5379013185244937
}