{
    "AUC": 0.49150006608815355,
    "AR": 0.4260441767068275,
    "AP": 0.31270442760547407,
    "F1": 0.3606799380305387
}