{
    "AUC": 0.9135527180021332,
    "AR": 0.8926305220883539,
    "AP": 0.8605366568312834,
    "F1": 0.8762898307699675
}