{
    "AUC": 0.9670001243388066,
    "AR": 0.9589156626506027,
    "AP": 0.9438545896852476,
    "F1": 0.9513255194133552
}