{
    "AUC": 0.8987073836471428,
    "AR": 0.8680321285140562,
    "AP": 0.8291962557900844,
    "F1": 0.8481698721583145
}