{
    "AUC": 0.30803808342834926,
    "AR": 0.30722891566265037,
    "AP": 0.2034693925420364,
    "F1": 0.24480864665865884
}