{
    "AUC": 0.9025282306373283,
    "AR": 0.9027309236947785,
    "AP": 0.8650478130110547,
    "F1": 0.8834877296180126
}