{
    "AUC": 0.48927850856649563,
    "AR": 0.3403815261044176,
    "AP": 0.23506895639591444,
    "F1": 0.27808867157485784
}