{
    "AUC": 0.9325656444310594,
    "AR": 0.9268875502008039,
    "AP": 0.9000247512636708,
    "F1": 0.9132586563133321
}