{
    "AUC": 0.857375313208793,
    "AR": 0.5880321285140561,
    "AP": 0.5125327591327388,
    "F1": 0.5476927942530007
}