{
    "AUC": 0.7892286398432277,
    "AR": 0.79644578313253,
    "AP": 0.7189248248872206,
    "F1": 0.7557024560730515
}