{
    "AUC": 0.9641562340764138,
    "AR": 0.9379718875502017,
    "AP": 0.9217873818486686,
    "F1": 0.929809212083693
}