{
    "AUC": 0.8681474433844684,
    "AR": 0.6886144578313254,
    "AP": 0.6280395216091067,
    "F1": 0.6569335625344777
}