{
    "AUC": 0.9337361857800756,
    "AR": 0.9294377510040169,
    "AP": 0.9015141195100589,
    "F1": 0.9152630052482357
}