{
    "AUC": 0.9830881240171339,
    "AR": 0.9850374064837901,
    "AP": 0.9776680493280515
}