{
    "AUC": 0.8974946482504242,
    "AR": 0.8786746987951807,
    "AP": 0.8339514849137063,
    "F1": 0.8557291448498624
}