{
    "AUC": 0.8985850331841508,
    "AR": 0.8458232931726912,
    "AP": 0.8114044745202444,
    "F1": 0.8282564631284095
}