{
    "AUC": 0.5380416293792452,
    "AR": 0.5236746987951808,
    "AP": 0.3993528375655411,
    "F1": 0.4531413607652253
}