{
    "AUC": 0.01916975976393217,
    "AR": 0.02090361445783134,
    "AP": 0.010452209123272946,
    "F1": 0.013936100206737434
}