{
    "AUC": 0.8996230659851038,
    "AR": 0.8884337349397597,
    "AP": 0.8464462292157247,
    "F1": 0.8669318919869722
}