{
    "AUC": 0.9464250611086182,
    "AR": 0.9386546184738962,
    "AP": 0.9167823469113563,
    "F1": 0.9275895652806553
}