{
    "AUC": 0.8858387925474371,
    "AR": 0.7663052208835343,
    "AP": 0.7133192093746913,
    "F1": 0.7388634887637588
}