{
    "AUC": 0.8975999854015839,
    "AR": 0.8867670682730933,
    "AP": 0.8444656793443923,
    "F1": 0.8650995722672518
}