{
    "AUC": 0.90458588962214,
    "AR": 0.8856024096385551,
    "AP": 0.8468397603793134,
    "F1": 0.8657874361969858
}