{
    "AUC": 0.9228579872222482,
    "AR": 0.9147188755020084,
    "AP": 0.8836381628137171,
    "F1": 0.8989099377025037
}