{
    "AUC": 0.9726366684671311,
    "AR": 0.9549397590361445,
    "AP": 0.9435714494299967,
    "F1": 0.949221567440787
}