{
    "AUC": 0.8613592242165576,
    "AR": 0.8634136546184739,
    "AP": 0.8059336302822034,
    "F1": 0.8336840481257835
}