{
    "AUC": 0.0190998894908493,
    "AR": 0.020722891566265077,
    "AP": 0.010398460420590254,
    "F1": 0.013848123811780765
}