{
    "AUC": 0.9659880439383461,
    "AR": 0.9493172690763048,
    "AP": 0.935538699715642,
    "F1": 0.9423776227299442
}