{
    "AUC": 0.9794273047461081,
    "AR": 0.9602811244979923,
    "AP": 0.9490883559191138,
    "F1": 0.9546519340728771
}