{
    "AUC": 0.02057204082197742,
    "AR": 0.0,
    "AP": 3.377537245998099e-05
}