{
    "AUC": 0.06311870302394959,
    "AR": 0.04738154613466332,
    "AP": 0.025121649602875464
}