{
    "AUC": 0.42508753132802757,
    "AR": 0.4214463840399,
    "AP": 0.3009646338852626
}