{
    "AUC": 0.8734384318268276,
    "AR": 0.8722942643391521,
    "AP": 0.8170989015276244
}