{
    "AUC": 0.02057917916226066,
    "AR": 0.0012967581047381546,
    "AP": 0.0025313071111597676
}