{
    "AUC": 0.07773267288001481,
    "AR": 0.06775561097256858,
    "AP": 0.033951685528155216
}