{
    "AUC": 0.3134165646791658,
    "AR": 0.30321695760598516,
    "AP": 0.1979869645153736
}