{
    "AUC": 0.29917643364301777,
    "AR": 0.1668329177057357,
    "AP": 0.06252988941450319
}