{
    "AUC": 0.9757022238940436,
    "AR": 0.9615211970074821,
    "AP": 0.9499417134619093
}