{
    "AUC": 0.9148224847001797,
    "AR": 0.6824937655860348,
    "AP": 0.596402788887096
}