{
    "AUC": 0.4716342401828572,
    "AR": 0.2981795511221945,
    "AP": 0.16559062187567442
}