{
    "AUC": 0.7521871255912376,
    "AR": 0.7397506234413966,
    "AP": 0.6457843706586194
}