{
    "AUC": 0.9366110878615009,
    "AR": 0.9158433734939763,
    "AP": 0.891145451024785,
    "F1": 0.9033256266625863
}