{
    "AUC": 0.9211840588305352,
    "AR": 0.9138152610441769,
    "AP": 0.8825089381343324,
    "F1": 0.8978892964241624
}