{
    "AUC": 0.5397471381887077,
    "AR": 0.4914056224899601,
    "AP": 0.37386393610150437,
    "F1": 0.4246511122974776
}