{
    "AUC": 0.01897837320443777,
    "AR": 0.020200803212851417,
    "AP": 0.009389568602519053,
    "F1": 0.012820171965161291
}