{
    "AUC": 0.8199726729772367,
    "AR": 0.8066265060240959,
    "AP": 0.7333060611014142,
    "F1": 0.7682207890656503
}