{
    "AUC": 0.4975326475971916,
    "AR": 0.34997991967871483,
    "AP": 0.24242687404194643,
    "F1": 0.2864401246052193
}