{
    "AUC": 0.8968396925343193,
    "AR": 0.8947389558232929,
    "AP": 0.8526700789470637,
    "F1": 0.8731981132272474
}