{
    "AUC": 0.9187324074680191,
    "AR": 0.9138755020080322,
    "AP": 0.8794098607024916,
    "F1": 0.896311479067187
}