{
    "AUC": 0.5120853524428709,
    "AR": 0.3827510040160642,
    "AP": 0.2700212624477284,
    "F1": 0.3166522679262318
}