{
    "AUC": 0.07522865050010281,
    "AR": 0.07596385542168674,
    "AP": 0.040299953825047106,
    "F1": 0.05266195707332771
}