{
    "AUC": 0.9484975043302502,
    "AR": 0.9089959839357428,
    "AP": 0.887232473366017,
    "F1": 0.8979823828407344
}