{
    "AUC": 0.5970705751760815,
    "AR": 0.5999397590361449,
    "AP": 0.48397639394602954,
    "F1": 0.5357548743310192
}