{
    "AUC": 0.7843894253642102,
    "AR": 0.7911646586345387,
    "AP": 0.7121730917122814,
    "F1": 0.7495936037836661
}