{
    "AUC": 0.9112421848101041,
    "AR": 0.8749799196787149,
    "AP": 0.8382538211446597,
    "F1": 0.8562232270105
}