{
    "AUC": 0.7790588357923834,
    "AR": 0.7781726907630524,
    "AP": 0.6991945607501437,
    "F1": 0.7365725917486535
}