{
    "AUC": 0.970946162141938,
    "AR": 0.9551204819277108,
    "AP": 0.9424667023398199,
    "F1": 0.9487514022045789
}