{
    "AUC": 0.8975173272588476,
    "AR": 0.8786345381526104,
    "AP": 0.833881566319153,
    "F1": 0.8556732902932943
}