{
    "AUC": 0.8182712726007011,
    "AR": 0.8080120481927705,
    "AP": 0.7414608031920613,
    "F1": 0.7733072079403315
}