{
    "AUC": 0.8989384269031149,
    "AR": 0.8494377510040164,
    "AP": 0.8147872277513649,
    "F1": 0.831751763280856
}