{
    "AUC": 0.8985801239136854,
    "AR": 0.8457028112449803,
    "AP": 0.8113980061161924,
    "F1": 0.8281953247766395
}