{
    "AUC": 0.8681684567146462,
    "AR": 0.6885341365461848,
    "AP": 0.6280037568809537,
    "F1": 0.6568774459900774
}