{
    "AUC": 0.021063357909248934,
    "AR": 0.023152610441767044,
    "AP": 0.011500309067839224,
    "F1": 0.015367373345486294
}