{
    "AUC": 0.8975722744375442,
    "AR": 0.8867670682730933,
    "AP": 0.8444649760848388,
    "F1": 0.8650992032437645
}