{
    "AUC": 0.8951815352022978,
    "AR": 0.8491566265060243,
    "AP": 0.8061071955834034,
    "F1": 0.8270721049648522
}