{
    "AUC": 0.9087456889374176,
    "AR": 0.8339558232931727,
    "AP": 0.7891957210747137,
    "F1": 0.8109586188572688
}