{
    "AUC": 0.019279498948173646,
    "AR": 0.0209839357429719,
    "AP": 0.010435688455828708,
    "F1": 0.01393917474029766
}