{
    "AUC": 0.8811366412186872,
    "AR": 0.8692369477911648,
    "AP": 0.8263822125503434,
    "F1": 0.8472680292212499
}