{
    "AUC": 0.9053385203359791,
    "AR": 0.8694779116465866,
    "AP": 0.8315125654310636,
    "F1": 0.850071553770248
}