{
    "AUC": 0.921591537285607,
    "AR": 0.9137751004016066,
    "AP": 0.8845805901598782,
    "F1": 0.8989408734089576
}