{
    "AUC": 0.9401078822780238,
    "AR": 0.9187550200803216,
    "AP": 0.8936119878830598,
    "F1": 0.9060090988900908
}