{
    "AUC": 0.021819620489392517,
    "AR": 0.023273092369477888,
    "AP": 0.011553939541423645,
    "F1": 0.015441792620561839
}