{
    "AUC": 0.8976464955402288,
    "AR": 0.8824096385542172,
    "AP": 0.8364058631850596,
    "F1": 0.8587921096486713
}