{
    "AUC": 0.8705762556817334,
    "AR": 0.8668674698795182,
    "AP": 0.8161900589469464,
    "F1": 0.8407658077302783
}