{
    "AUC": 0.028224940974458036,
    "AR": 0.030823293172690787,
    "AP": 0.015772411733305125,
    "F1": 0.020867059394287363
}