{
    "AUC": 0.9110991333756077,
    "AR": 0.8838152610441772,
    "AP": 0.8476455571735833,
    "F1": 0.8653526219062125
}