{
    "AUC": 0.8631289563299226,
    "AR": 0.8649598393574297,
    "AP": 0.8100347801541674,
    "F1": 0.8365967808545889
}