{
    "AUC": 0.8709761900822452,
    "AR": 0.7059036144578313,
    "AP": 0.6447134786200409,
    "F1": 0.6739224272816584
}