{
    "AUC": 0.9566311125434216,
    "AR": 0.937309236947791,
    "AP": 0.920984012876027,
    "F1": 0.9290749158474171
}