{
    "AUC": 0.8889725353358809,
    "AR": 0.8217871485943775,
    "AP": 0.7740125444727595,
    "F1": 0.7971847151768909
}