{
    "AUC": 0.8667563097305346,
    "AR": 0.864879518072289,
    "AP": 0.8133663717475217,
    "F1": 0.8383323562779375
}