{
    "AUC": 0.9012625453142876,
    "AR": 0.8953614457831317,
    "AP": 0.8556947083925518,
    "F1": 0.8750787910808051
}