{
    "AUC": 0.02585023638859234,
    "AR": 0.028132530120481905,
    "AP": 0.01467281376949528,
    "F1": 0.019286534708541393
}