{
    "AUC": 0.9258583205000454,
    "AR": 0.8921485943775103,
    "AP": 0.8627338597809218,
    "F1": 0.8771947072598009
}