{
    "AUC": 0.7860657541206906,
    "AR": 0.7936345381526112,
    "AP": 0.7158604659647312,
    "F1": 0.7527439159957209
}