{
    "AUC": 0.9269998722144338,
    "AR": 0.9010642570281117,
    "AP": 0.874077517087194,
    "F1": 0.8873657529823754
}