{
    "AUC": 0.8889796824661282,
    "AR": 0.8218674698795181,
    "AP": 0.7743738766649841,
    "F1": 0.7974141255433282
}