{
    "AUC": 0.4893387372340198,
    "AR": 0.3403413654618473,
    "AP": 0.23505468056003492,
    "F1": 0.27806527866532565
}