{
    "AUC": 0.7860542789482833,
    "AR": 0.7938554216867477,
    "AP": 0.7165138661990694,
    "F1": 0.7532044274974236
}