{
    "AUC": 0.8251112980843274,
    "AR": 0.48379518072289146,
    "AP": 0.42155042382986935,
    "F1": 0.4505330615292072
}