{
    "AUC": 0.5549310085479974,
    "AR": 0.5441767068273091,
    "AP": 0.42304703013224687,
    "F1": 0.4760270677684283
}