{
    "AUC": 0.888880624330315,
    "AR": 0.826987951807229,
    "AP": 0.7805088983581542,
    "F1": 0.8030764790041347
}