{
    "AUC": 0.9696322789263206,
    "AR": 0.9567469879518072,
    "AP": 0.942794196943433,
    "F1": 0.9497193483949848
}