{
    "AUC": 0.8942143525044843,
    "AR": 0.7203212851405624,
    "AP": 0.6630520299114212,
    "F1": 0.6905012336209567
}