{
    "AUC": 0.9769188900434526,
    "AR": 0.9570682730923696,
    "AP": 0.949718038827353,
    "F1": 0.9533789892062473
}