{
    "AUC": 0.8789008535431048,
    "AR": 0.874136546184739,
    "AP": 0.8256959383242217,
    "F1": 0.8492260293919539
}