{
    "AUC": 0.9555008792018691,
    "AR": 0.929638554216868,
    "AP": 0.9110465340678626,
    "F1": 0.9202486488814591
}