{
    "AUC": 0.8299459027121019,
    "AR": 0.49622489959839355,
    "AP": 0.4342151150050239,
    "F1": 0.4631536659336652
}