{
    "AUC": 0.9357212342614036,
    "AR": 0.8789156626506022,
    "AP": 0.8477002525629805,
    "F1": 0.8630257866218165
}