{
    "AUC": 0.5273909564913949,
    "AR": 0.42080321285140565,
    "AP": 0.31104490671918567,
    "F1": 0.3576936049662804
}