{
    "AUC": 0.027101428971700755,
    "AR": 0.030120481927710867,
    "AP": 0.015742016327483118,
    "F1": 0.020677334917924395
}