{
    "AUC": 0.9624613965877482,
    "AR": 0.9460040160642564,
    "AP": 0.9311570921869899,
    "F1": 0.9385218401591852
}