{
    "AUC": 0.9150622396686947,
    "AR": 0.9099799196787148,
    "AP": 0.875783942844548,
    "F1": 0.8925545181987445
}