{
    "AUC": 0.7186951718760152,
    "AR": 0.7093939393939394,
    "AP": 0.6108763722400087,
    "F1": 0.6564595028266718
}