{
    "AUC": 0.3759170653907496,
    "AR": 0.36363636363636365,
    "AP": 0.2566387981292844,
    "F1": 0.3009090322239893
}