{
    "AUC": 0.6199765899336714,
    "AR": 0.6363636363636361,
    "AP": 0.5206611570247933,
    "F1": 0.5727272727272726
}