{
    "AUC": 0.6568627450980391,
    "AR": 0.6666666666666665,
    "AP": 0.5555555555555555,
    "F1": 0.606060606060606
}