{
    "AUC": 0.5766640766640766,
    "AR": 0.5454545454545454,
    "AP": 0.4502825852458249,
    "F1": 0.4933203257944304
}