{
    "AUC": 0.5834662413609781,
    "AR": 0.6003030303030302,
    "AP": 0.4712634365040782,
    "F1": 0.5280136655402498
}