{
    "AUC": 0.14810333551340754,
    "AR": 0.1212121212121212,
    "AP": 0.07045199469441893,
    "F1": 0.08911042821077421
}