{
    "AUC": 0.14041514041514042,
    "AR": 0.1212121212121212,
    "AP": 0.07131514703576787,
    "F1": 0.08979777592470484
}