{
    "AUC": 0.7485958725182862,
    "AR": 0.7548484848484841,
    "AP": 0.6502592772646248,
    "F1": 0.6986613318023361
}