{
    "AUC": 0.6582794152887611,
    "AR": 0.6548484848484846,
    "AP": 0.5390113253749617,
    "F1": 0.5913102136705718
}