{
    "AUC": 0.717860962566845,
    "AR": 0.7148484848484848,
    "AP": 0.6126235618214229,
    "F1": 0.6597999951096879
}