{
    "AUC": 0.2326247550128147,
    "AR": 0.18181818181818182,
    "AP": 0.11547490088837954,
    "F1": 0.1412440298577895
}