{
    "AUC": 0.5984193520216576,
    "AR": 0.6060606060606061,
    "AP": 0.4866850321395776,
    "F1": 0.5398523045581869
}