{
    "AUC": 0.6868134900921785,
    "AR": 0.6730303030303029,
    "AP": 0.5737352184720605,
    "F1": 0.6194287238262803
}