{
    "AUC": 0.6181116181116181,
    "AR": 0.6060606060606061,
    "AP": 0.5037020491565946,
    "F1": 0.5501608253812925
}