{
    "AUC": 0.4912174845803164,
    "AR": 0.48575757575757567,
    "AP": 0.373293585016073,
    "F1": 0.42216388309157016
}