{
    "AUC": 0.08953428424127857,
    "AR": 0.0303030303030303,
    "AP": 0.017120077684248808,
    "F1": 0.02187921689970999
}