{
    "AUC": 0.6561587857559835,
    "AR": 0.6548484848484846,
    "AP": 0.5395432553186563,
    "F1": 0.5916301517728151
}