{
    "AUC": 0.20104025327905925,
    "AR": 0.212121212121212,
    "AP": 0.1285583103764922,
    "F1": 0.16009148084619781
}