{
    "AUC": 0.20090515545061002,
    "AR": 0.18181818181818182,
    "AP": 0.11074652534590902,
    "F1": 0.13764976696099462
}