{
    "AUC": 0.3189762796504369,
    "AR": 0.33333333333333326,
    "AP": 0.2222222222222222,
    "F1": 0.26666666666666666
}