{
    "AUC": 0.02302730273027303,
    "AR": 0.0,
    "AP": 0.0003223726627981947,
    "F1": 0.0
}