{
    "AUC": 0.14041095890410962,
    "AR": 0.1212121212121212,
    "AP": 0.07049867841748916,
    "F1": 0.0891477618386106
}