{
    "AUC": 0.1445814072932717,
    "AR": 0.1212121212121212,
    "AP": 0.07168325350143531,
    "F1": 0.09008903635142002
}