{
    "AUC": 0.3263201320132013,
    "AR": 0.3042424242424242,
    "AP": 0.18945376536161262,
    "F1": 0.23350341391819052
}