{
    "AUC": 0.11390019598974824,
    "AR": 0.09090909090909091,
    "AP": 0.05054600054600054,
    "F1": 0.064968901599221
}