{
    "AUC": 0.05120373697448796,
    "AR": 0.0303030303030303,
    "AP": 0.016372507820889948,
    "F1": 0.021258955786040264
}