{
    "AUC": 0.5395598637673565,
    "AR": 0.5454545454545454,
    "AP": 0.4214876033057851,
    "F1": 0.4755244755244755
}