{
    "AUC": 0.5123106060606061,
    "AR": 0.4869696969696969,
    "AP": 0.37986033313728873,
    "F1": 0.42679756098399824
}