{
    "AUC": 0.38803030303030306,
    "AR": 0.39393939393939365,
    "AP": 0.2745638200183655,
    "F1": 0.3235930735930735
}