{
    "AUC": 0.7194301026076727,
    "AR": 0.722121212121212,
    "AP": 0.6126235618214229,
    "F1": 0.6628809906927019
}