{
    "AUC": 0.2955898268398268,
    "AR": 0.2727272727272727,
    "AP": 0.1765361854250092,
    "F1": 0.21433406841790933
}