{
  "AUC": 0.048588290938729864,
  "AR": 0.012307692307692297,
  "AP": 0.006571548055485791,
  "F1": 0.008568204005695225,
  "timePerImage": 0.16776212508861835
}