{
  "AUC": 0.05890890890890892,
  "AR": 0.0389692307692308,
  "AP": 0.019471362695201964,
  "F1": 0.02596770433970753,
  "timePerImage": 0.04813141492696909
}