{
  "AUC": 0.04029621204922316,
  "AR": 0.006292307692307691,
  "AP": 0.004799478932096972,
  "F1": 0.0054454343968455875,
  "timePerImage": 0.016275536097013033
}