{
  "AUC": 0.14287451882424596,
  "AR": 0.11456923076923084,
  "AP": 0.0578545287138073,
  "F1": 0.07688440237158072,
  "timePerImage": 0.018885024510897123
}