{
  "AUC": 0.4133070378963652,
  "AR": 0.34240000000000004,
  "AP": 0.22729512489071776,
  "F1": 0.2732192969968306,
  "timePerImage": 0.004813795456519493
}