{
  "AUC": 0.739409781736271,
  "AR": 0.731630769230769,
  "AP": 0.6390524265393163,
  "F1": 0.6822151462141003,
  "timePerImage": 0.024194163175729606
}