{
  "AUC": 0.1610150381496602,
  "AR": 0.1335846153846154,
  "AP": 0.07378393707605452,
  "F1": 0.09506165461358272,
  "timePerImage": 0.01267859568962684
}