{
  "AUC": -1,
  "AR": 0.5938461538461538,
  "AP": 0.03980739819464167,
  "F1": 0.07461323379747532,
  "timePerImage": 2.6217501287692304
}