{
  "AUC": 0.13216521790902597,
  "AR": 0.11778461538461542,
  "AP": 0.06473683251267526,
  "F1": 0.08355185657977575,
  "timePerImage": 0.08595448530637301
}