{
  "AUC": 0.6418259170272602,
  "AR": 0.6118615384615387,
  "AP": 0.4956846096518699,
  "F1": 0.5476798386594084,
  "timePerImage": 0.020027579160837028
}