{
  "AUC": 0.5330795719195165,
  "AR": 0.5245230769230766,
  "AP": 0.4021650781246884,
  "F1": 0.45526612822217016,
  "timePerImage": 0.011705758755023664
}