{
  "AUC": -1,
  "AR": 0.4153846153846154,
  "AP": 0.013712041485979013,
  "F1": 0.026547729923279247,
  "timePerImage": 0.3601376724965645
}