{
    "AUC": 0.5563328483728861,
    "AR": 0.507329317269076,
    "AP": 0.3943348505632609,
    "F1": 0.4437519813892897
}