{
    "AUC": 0.01659350580617042,
    "AR": 0.020080321285140573,
    "AP": 0.01029739916094534,
    "F1": 0.013613601054766555
}