{
    "AUC": 0.07696074990429051,
    "AR": 0.0706626506024096,
    "AP": 0.03699676714534558,
    "F1": 0.04856592548801468
}