{
    "AUC": 0.24665505449091935,
    "AR": 0.26042168674698796,
    "AP": 0.1636423459289885,
    "F1": 0.20098858882768678
}