{
    "AUC": 0.9890149293312029,
    "AR": 0.98652610441767,
    "AP": 0.9829698473226022,
    "F1": 0.9847447651591633
}