{
    "AUC": 0.9870262965426533,
    "AR": 0.9870481927710832,
    "AP": 0.9819663588210461,
    "F1": 0.984500717937903
}