{
    "AUC": 0.7621215158356719,
    "AR": 0.7623493975903608,
    "AP": 0.6760198230435778,
    "F1": 0.7165939001799212
}