{
    "AUC": 0.015280476745692448,
    "AR": 0.018072289156626512,
    "AP": 0.009194448554831262,
    "F1": 0.012188090462234735
}