{
    "AUC": 0.9783317707133786,
    "AR": 0.9719477911646595,
    "AP": 0.9637386017427224,
    "F1": 0.9678257889874784
}