{
    "AUC": 0.9280583408470646,
    "AR": 0.9241365461847393,
    "AP": 0.8918864337369564,
    "F1": 0.9077251307670509
}