{
    "AUC": 0.9848808182757898,
    "AR": 0.9839357429718868,
    "AP": 0.9780410128039256,
    "F1": 0.9809795225730685
}