{
    "AUC": 0.8272881033555375,
    "AR": 0.8233534136546187,
    "AP": 0.7548397197555036,
    "F1": 0.7876093829908731
}