{
    "AUC": 0.9663324650399864,
    "AR": 0.9658634538152621,
    "AP": 0.9513370859148562,
    "F1": 0.9585452377074928
}