{
    "AUC": 0.978158941183453,
    "AR": 0.9769879518072289,
    "AP": 0.967082616609988,
    "F1": 0.9720100496139996
}