{
    "AUC": 0.6741359855736069,
    "AR": 0.6683734939759034,
    "AP": 0.5582003619140747,
    "F1": 0.6083389507114836
}