{
    "AUC": 0.9893089664551565,
    "AR": 0.9879518072289146,
    "AP": 0.9840027295162688,
    "F1": 0.9859733141194662
}