{
    "AUC": 0.8291644326718698,
    "AR": 0.8266666666666671,
    "AP": 0.7559596831453179,
    "F1": 0.7897336872653115
}