{
    "AUC": 0.9623976205007648,
    "AR": 0.9598393574297194,
    "AP": 0.9434608874451448,
    "F1": 0.9515796516118863
}