{
    "AUC": 0.24842997093920294,
    "AR": 0.26275100401606444,
    "AP": 0.16517956592700353,
    "F1": 0.20284176844870877
}