{
    "AUC": 0.7475454644129342,
    "AR": 0.7426907630522092,
    "AP": 0.6507385499482339,
    "F1": 0.6936806994075174
}