{
    "AUC": 0.9871263799068254,
    "AR": 0.985522088353413,
    "AP": 0.9799906830182962,
    "F1": 0.9827486023619743
}