{
    "AUC": 0.8634470768981969,
    "AR": 0.8575301204819271,
    "AP": 0.7992490661215023,
    "F1": 0.8273645076038655
}