{
    "AUC": 0.8765044787054895,
    "AR": 0.8732730923694785,
    "AP": 0.8204662781461083,
    "F1": 0.8460464890574322
}