{
    "AUC": 0.5027469824475218,
    "AR": 0.5080321285140567,
    "AP": 0.38450531664137244,
    "F1": 0.43772069283719633
}