{
    "AUC": 0.581187490326581,
    "AR": 0.5526506024096386,
    "AP": 0.4316975981541625,
    "F1": 0.4847429751830555
}