{
    "AUC": 0.991692881670347,
    "AR": 0.9899598393574288,
    "AP": 0.9869864373127959,
    "F1": 0.9884709022804902
}