{
    "AUC": 0.9893102093839717,
    "AR": 0.9879518072289146,
    "AP": 0.9840025089751305,
    "F1": 0.9859732034067821
}