{
    "AUC": 0.5454819501319256,
    "AR": 0.5254216867469879,
    "AP": 0.4029054714950903,
    "F1": 0.4560790246262243
}