{
    "AUC": 0.9829163229515268,
    "AR": 0.9819277108433726,
    "AP": 0.9750465782800343,
    "F1": 0.9784750468081413
}