{
    "AUC": 0.8228872700902025,
    "AR": 0.818714859437751,
    "AP": 0.7466112248820084,
    "F1": 0.7810023868599306
}