{
    "AUC": 0.7474150468110643,
    "AR": 0.7369277108433739,
    "AP": 0.6441345922938532,
    "F1": 0.6874137821238804
}