{
    "AUC": 0.9819259581240295,
    "AR": 0.9805020080321274,
    "AP": 0.9739853961292283,
    "F1": 0.9772328383036581
}