{
    "AUC": 0.9890109044118053,
    "AR": 0.9796586345381516,
    "AP": 0.9769823410995775,
    "F1": 0.9783186575018421
}