{
    "AUC": 0.24639774885666152,
    "AR": 0.24969879518072283,
    "AP": 0.15662953345603844,
    "F1": 0.19250543482856314
}