{
    "AUC": 0.5691649275446836,
    "AR": 0.4999598393574297,
    "AP": 0.39526333823035315,
    "F1": 0.44148945208950685
}