{
    "AUC": 0.2161645523332079,
    "AR": 0.22363453815261045,
    "AP": 0.13642094140758806,
    "F1": 0.1694651849948003
}