{
    "AUC": 0.017056339462445662,
    "AR": 0.02058232931726909,
    "AP": 0.010312782621280046,
    "F1": 0.013740755399157388
}