{
    "AUC": 0.954143913224615,
    "AR": 0.9483333333333327,
    "AP": 0.9285823107750567,
    "F1": 0.9383539007902524
}