{
    "AUC": 0.8371796293457285,
    "AR": 0.8333333333333338,
    "AP": 0.7670378382309001,
    "F1": 0.7988124378683799
}