{
    "AUC": 0.2677519752689739,
    "AR": 0.2690763052208834,
    "AP": 0.17128585731688947,
    "F1": 0.20932300521830902
}