{
    "AUC": 0.9869555114444922,
    "AR": 0.9867269076305213,
    "AP": 0.9819487735590496,
    "F1": 0.9843320421371159
}