{
    "AUC": 0.7142452995550881,
    "AR": 0.7053413654618481,
    "AP": 0.6072895488159115,
    "F1": 0.6526532857535371
}