{
    "AUC": 0.012964547362909144,
    "AR": 0.014056224899598381,
    "AP": 0.007128386635988305,
    "F1": 0.009459527313817065
}