{
    "AUC": 0.9893172751396618,
    "AR": 0.9870481927710832,
    "AP": 0.9829688911400493,
    "F1": 0.9850043184638176
}