{
    "AUC": 0.0163570014584812,
    "AR": 0.020080321285140573,
    "AP": 0.010309807615239839,
    "F1": 0.013624440355658607
}