{
    "AUC": 0.991669706892563,
    "AR": 0.9899598393574288,
    "AP": 0.9869994230151597,
    "F1": 0.9884774146345711
}