{
    "AUC": 0.025258227253343844,
    "AR": 0.026104417670682747,
    "AP": 0.013416776044260033,
    "F1": 0.017724015533516213
}