{
    "AUC": 0.9872908678766112,
    "AR": 0.9857429718875494,
    "AP": 0.9809366755174274,
    "F1": 0.9833339507366426
}