{
    "AUC": 0.5811717277107138,
    "AR": 0.5526506024096386,
    "AP": 0.4316980407695001,
    "F1": 0.48474325421893594
}