{
    "AUC": 0.4861277655656338,
    "AR": 0.47050200803212866,
    "AP": 0.3469042244279797,
    "F1": 0.3993586730968759
}