{
    "AUC": 0.9844462473065995,
    "AR": 0.9839959839357422,
    "AP": 0.9789494694195038,
    "F1": 0.9814662396637533
}