{
    "AUC": 0.24652102586719596,
    "AR": 0.2579317269076303,
    "AP": 0.16238825160559264,
    "F1": 0.19930093408502403
}