{
    "AUC": 0.03700872234670529,
    "AR": 0.036144578313253024,
    "AP": 0.018797810675843317,
    "F1": 0.02473277746351952
}