{
    "AUC": 0.016967785599197475,
    "AR": 0.021947791164658628,
    "AP": 0.0103468423055983,
    "F1": 0.014063657625721294
}