{
    "AUC": 0.000343951530443922,
    "AR": 0.0,
    "AP": 8.90185473704188e-08
}