{
    "AUC": 0.328880873772881,
    "AR": 0.3316708229426431,
    "AP": 0.22083817886704682
}