{
    "AUC": 0.003375143574391075,
    "AR": 0.0,
    "AP": 7.942877209969066e-07
}