{
    "AUC": 0.0024689842791141264,
    "AR": 0.0,
    "AP": 3.283392574779183e-06
}