{
    "AUC": 0.0008710307850577598,
    "AR": 0.0,
    "AP": 1.4202719061289543e-06
}