{
    "AUC": 0.0019792001802820293,
    "AR": 0.0,
    "AP": 3.314392816549368e-06
}