{
    "AUC": 0.9870625177384569,
    "AR": 0.918354114713217,
    "AP": 0.9117136527688122
}