{
    "AUC": 0.45035732439013104,
    "AR": 0.27221945137157105,
    "AP": 0.14139659892663697
}