{
    "AUC": 0.5171395467773398,
    "AR": 0.3671820448877805,
    "AP": 0.22161934629500174
}