{
    "AUC": 0.49502510323724963,
    "AR": 0.38521197007481306,
    "AP": 0.24140242574403512
}