{
    "AUC": 0.01707420398895159,
    "AR": 0.021626506024096395,
    "AP": 0.010337027092553807,
    "F1": 0.013988051813453037
}