{
    "AUC": 0.4823540655304883,
    "AR": 0.454176706827309,
    "AP": 0.3370014557841466,
    "F1": 0.38691212325388447
}