{
    "AUC": 0.14936656390704972,
    "AR": 0.1546184738955823,
    "AP": 0.0896147382490312,
    "F1": 0.11346609205969012
}