{
    "AUC": 0.8278801856848155,
    "AR": 0.8294979919678723,
    "AP": 0.7616588969002386,
    "F1": 0.7941322819431683
}