{
    "AUC": 0.9853721680264782,
    "AR": 0.9839357429718868,
    "AP": 0.9780019932765933,
    "F1": 0.9809598950093454
}