{
    "AUC": 0.9388794399915809,
    "AR": 0.9412650602409633,
    "AP": 0.9151761263285478,
    "F1": 0.9280372768194642
}