{
    "AUC": 0.01626340071027913,
    "AR": 0.020080321285140573,
    "AP": 0.010295130669708654,
    "F1": 0.013611618475836461
}