{
    "AUC": 0.9595799079920775,
    "AR": 0.958534136546185,
    "AP": 0.9414611044282953,
    "F1": 0.9499209128146595
}