{
    "AUC": 0.9871176382293082,
    "AR": 0.985943775100401,
    "AP": 0.9810049372584239,
    "F1": 0.9834681556824
}