{
    "AUC": 0.441849038079005,
    "AR": 0.40712851405622463,
    "AP": 0.29335941001806465,
    "F1": 0.3410051096680973
}