{
    "AUC": 0.514411511507879,
    "AR": 0.5083534136546187,
    "AP": 0.38482547616280566,
    "F1": 0.4380473983405827
}