{
    "AUC": 0.9915630132459199,
    "AR": 0.9899598393574288,
    "AP": 0.9869932747412999,
    "F1": 0.9884743312743679
}