{
    "AUC": 0.01701004515160892,
    "AR": 0.021104417670682746,
    "AP": 0.010334137734421536,
    "F1": 0.013874426238947718
}