{
    "AUC": 0.9873268508932939,
    "AR": 0.9861244979919672,
    "AP": 0.9819604347587431,
    "F1": 0.9840380612243574
}