{
    "AUC": 0.08064688616568032,
    "AR": 0.08232931726907636,
    "AP": 0.04473081957458901,
    "F1": 0.057967163076383076
}