{
    "AUC": 0.5401639427495062,
    "AR": 0.5425502008032126,
    "AP": 0.42093112653883075,
    "F1": 0.4740647498753025
}