{
    "AUC": 0.9581751136912459,
    "AR": 0.9476305220883529,
    "AP": 0.929232787630207,
    "F1": 0.9383414840323903
}