{
    "AUC": 0.9748174232368992,
    "AR": 0.9738955823293183,
    "AP": 0.963127770806315,
    "F1": 0.968481747717241
}