{
    "AUC": 0.9388993928230178,
    "AR": 0.9412650602409633,
    "AP": 0.9151758495715645,
    "F1": 0.9280371345243023
}