{
    "AUC": 0.9911631053421476,
    "AR": 0.9879518072289146,
    "AP": 0.9850665726775801,
    "F1": 0.9865070803483645
}