{
    "AUC": 0.987273314837918,
    "AR": 0.9828514056224892,
    "AP": 0.9770168096353575,
    "F1": 0.9799254227311154
}