{
    "AUC": 0.9366448582626549,
    "AR": 0.9384939759036137,
    "AP": 0.9122038821230704,
    "F1": 0.9251621970116832
}