{
    "AUC": 0.016934404283801874,
    "AR": 0.021947791164658628,
    "AP": 0.010335652622178641,
    "F1": 0.014053317657177775
}