{
    "AUC": 0.5731340177227949,
    "AR": 0.5029919678714857,
    "AP": 0.396640495660934,
    "F1": 0.4435299781571858
}