{
    "AUC": 0.049021231813269533,
    "AR": 0.050200803212851385,
    "AP": 0.026441799552143236,
    "F1": 0.03463868731026641
}