{
    "AUC": 0.9798693109868998,
    "AR": 0.9792369477911638,
    "AP": 0.9719610499553668,
    "F1": 0.9755854331845505
}