{
    "AUC": 0.9890915110044833,
    "AR": 0.9792168674698785,
    "AP": 0.9769817995057613,
    "F1": 0.9780980566418408
}