{
    "AUC": 0.8624417916711057,
    "AR": 0.856224899598393,
    "AP": 0.7982327144792724,
    "F1": 0.8262124336043384
}