{
    "AUC": 0.7357411945104901,
    "AR": 0.7376506024096392,
    "AP": 0.641973160208164,
    "F1": 0.6864942474748602
}