{
    "AUC": 0.989247322549966,
    "AR": 0.9879518072289146,
    "AP": 0.9840122040759361,
    "F1": 0.9859780703693996
}