{
    "AUC": 0.8715830228878284,
    "AR": 0.8714859437751009,
    "AP": 0.8197785736926128,
    "F1": 0.8448418288238003
}