{
    "AUC": 0.9955420299192866,
    "AR": 0.9886947791164649,
    "AP": 0.9879004053555164,
    "F1": 0.9882974326105708
}