{
    "AUC": 0.8228821729687771,
    "AR": 0.818714859437751,
    "AP": 0.7466112984557476,
    "F1": 0.7810024271138809
}