{
    "AUC": 0.6190166374646711,
    "AR": 0.6082329317269075,
    "AP": 0.4901676109977226,
    "F1": 0.5428549449460025
}