{
    "AUC": 0.9798612446884782,
    "AR": 0.9793574297188745,
    "AP": 0.9719590744241744,
    "F1": 0.9756442267555518
}