{
    "AUC": 0.9891157470029661,
    "AR": 0.9879518072289146,
    "AP": 0.9840096516142137,
    "F1": 0.9859767890324606
}