{
    "AUC": 0.5731399247931326,
    "AR": 0.5029919678714857,
    "AP": 0.39664037037998995,
    "F1": 0.4435298998310076
}