{
    "AUC": 0.8371053868280668,
    "AR": 0.8360240963855426,
    "AP": 0.7704778029949806,
    "F1": 0.8019137845804979
}