{
    "AUC": 0.9851229639736272,
    "AR": 0.9832730923694771,
    "AP": 0.976965857658594,
    "F1": 0.9801093279833132
}