{
    "AUC": 0.9244598985681948,
    "AR": 0.9252610441767074,
    "AP": 0.8938530057256769,
    "F1": 0.9092858861296889
}