{
    "AUC": 0.441849785937632,
    "AR": 0.40712851405622463,
    "AP": 0.2933602070839716,
    "F1": 0.3410056481678021
}