{
    "AUC": 0.43806803784933435,
    "AR": 0.4076305220883532,
    "AP": 0.2931837743215324,
    "F1": 0.34106226316085864
}