{
    "AUC": 0.9872468467140736,
    "AR": 0.9858232931726897,
    "AP": 0.9809347423749251,
    "F1": 0.9833729423114297
}