{
    "AUC": 0.9915368654439897,
    "AR": 0.9889357429718866,
    "AP": 0.9859287140589464,
    "F1": 0.9874299391879513
}