{
    "AUC": 0.5915272989294669,
    "AR": 0.5677309236947788,
    "AP": 0.4470621362593931,
    "F1": 0.5002221824003575
}