{
    "AUC": 0.9869842388619507,
    "AR": 0.9863253012048186,
    "AP": 0.9819566190601704,
    "F1": 0.9841361118982339
}