{
    "AUC": 0.9890959080012972,
    "AR": 0.9792168674698785,
    "AP": 0.9769811733347943,
    "F1": 0.9780977428404123
}