{
    "AUC": 0.936736325225534,
    "AR": 0.938935742971887,
    "AP": 0.9122507391752976,
    "F1": 0.925400907822866
}