{
    "AUC": 0.9827087509795955,
    "AR": 0.9819277108433726,
    "AP": 0.9750569195662169,
    "F1": 0.9784802538497793
}