{
    "AUC": 0.7078042403579625,
    "AR": 0.7076907630522083,
    "AP": 0.6057899696498147,
    "F1": 0.6527875974075812
}