{
    "AUC": 0.4601438481723897,
    "AR": 0.46184738955823323,
    "AP": 0.3386388063326512,
    "F1": 0.39076113869468926
}