{
    "AUC": 0.593503881737593,
    "AR": 0.5785742971887549,
    "AP": 0.4599497795241982,
    "F1": 0.5124871467065459
}