{
    "AUC": 0.024966261808367078,
    "AR": 0.0,
    "AP": 0.00013061650992685477,
    "F1": 0.0
}