{
    "AUC": 0.04824103099965169,
    "AR": 0.019696969696969702,
    "AP": 0.0004307051234909802,
    "F1": 0.0008429772282596184
}