{
    "AUC": 0.0243378668575519,
    "AR": 0.0,
    "AP": 0.00013290802764486973,
    "F1": 0.0
}