{
    "AUC": 0.08536343830461478,
    "AR": 0.018787878787878784,
    "AP": 0.0009446432397989395,
    "F1": 0.00179884179652633
}