{
    "AUC": 0.020814312421199084,
    "AR": 0.0,
    "AP": 3.382034632034632e-05,
    "F1": 0.0
}