{
    "AUC": 0.04820143884892086,
    "AR": 0.01848484848484849,
    "AP": 0.0004279358349756735,
    "F1": 0.000836506030735087
}