{
    "AUC": 0.10396437493211685,
    "AR": 0.022727272727272728,
    "AP": 0.0015535221854363747,
    "F1": 0.0029082509467431494
}