{
    "AUC": 0.025003731900283623,
    "AR": 0.0,
    "AP": 0.00011478420569329661,
    "F1": 0.0
}