{
    "AUC": 0.048201438848920856,
    "AR": 0.01848484848484849,
    "AP": 0.00042795613160523144,
    "F1": 0.0008365448077438972
}