{
    "AUC": 0.15741833923652104,
    "AR": 0.07181818181818186,
    "AP": 0.033909210936740715,
    "F1": 0.04606749136453174
}