{
    "AUC": 0.048025613660619006,
    "AR": 0.016060606060606063,
    "AP": 0.000361623316347253,
    "F1": 0.0007073204852848849
}