{
    "AUC": 0.1825068870523416,
    "AR": 0.04727272727272735,
    "AP": 0.018290097086403515,
    "F1": 0.02637539733252335
}