{
    "AUC": 0.16013284709559783,
    "AR": 0.006969696969696969,
    "AP": 0.0019734961284832036,
    "F1": 0.0030760087220294925
}