{
    "AUC": 0.08266631960261166,
    "AR": 0.0,
    "AP": 0.000525339780908049,
    "F1": 0.0
}