{
    "AUC": 0.05085366172510262,
    "AR": 0.007575757575757575,
    "AP": 0.0003379559527756348,
    "F1": 0.0006470470178838848
}