{
    "AUC": 0.10694932154159609,
    "AR": 0.03272727272727274,
    "AP": 0.01661978323269359,
    "F1": 0.02204468606863933
}