{
    "AUC": 0.137498091061806,
    "AR": 0.06151515151515157,
    "AP": 0.01787291806185364,
    "F1": 0.02769824908077305
}