{
    "AUC": 0.02011396656477603,
    "AR": 0.0,
    "AP": 5.55000555000555e-05,
    "F1": 0.0
}