{
  "AUC": 0.013041554559043347,
  "AR": 0.0,
  "AP": 2.2197558268590455e-06,
  "F1": 0.0,
  "timePerImage": 0.15415969562530518
}