{
  "AUC": 0.3988545691906005,
  "AR": 0.3656799999999999,
  "AP": 0.25475493725920284,
  "F1": 0.30030154610079857,
  "timePerImage": 0.01111408519744873
}