{
  "AUC": 0.0006184012066365014,
  "AR": 0.0,
  "AP": 3.1742252906400034e-07,
  "F1": 0.0,
  "timePerImage": 0.045168971061706545
}