{
  "AUC": 0.0034650433499354358,
  "AR": 0.0,
  "AP": 3.6886757654002214e-07,
  "F1": 0.0,
  "timePerImage": 0.014887162208557129
}