{
  "AUC": 0.008573598481063257,
  "AR": 0.0,
  "AP": 1.3866179421990947e-05,
  "F1": 0.0,
  "timePerImage": 0.017107789039611816
}