{
  "AUC": 0.33919078156312626,
  "AR": 0.27680000000000005,
  "AP": 0.16930309182126582,
  "F1": 0.21009984765988754,
  "timePerImage": 0.004515838623046875
}