{
  "AUC": 0.007569279808745892,
  "AR": 0.0028800000000000015,
  "AP": 0.004012269644014902,
  "F1": 0.0033531295702562435,
  "timePerImage": 0.011849523544311524
}