{
  "AUC": 0.6659106976744187,
  "AR": 0.6544800000000002,
  "AP": 0.5484959364824609,
  "F1": 0.5968192872730416,
  "timePerImage": 0.018500228881835938
}