{
  "AUC": -1,
  "AR": 0.992,
  "AP": 0.004358522959837793,
  "F1": 0.008678913616987995,
  "timePerImage": 6.414175504799996
}