{
  "AUC": 0.0037708125374326207,
  "AR": 0.0017199999999999993,
  "AP": 0.002005165652946709,
  "F1": 0.0018516679494991989,
  "timePerImage": 0.07889531517028808
}