{
  "AUC": 0.5559154591785749,
  "AR": 0.43132000000000004,
  "AP": 0.3172958368927957,
  "F1": 0.3656242190564261,
  "timePerImage": 0.018087286949157715
}