{
  "AUC": -1,
  "AR": 0.6888888888888889,
  "AP": 0.017220863687420217,
  "F1": 0.03360174989242021,
  "timePerImage": 0.35756050439981313
}