{
    "AUC": 0.05412524917595151,
    "AR": 0.003835341365461845,
    "AP": 0.002422541295281922,
    "F1": 0.0029694621465561257
}