{
    "AUC": 0.0038487747931922407,
    "AR": 0.0018674698795180709,
    "AP": 0.0010111077073900795,
    "F1": 0.0013119071009843125
}