{
    "AUC": 0.0028155118865675188,
    "AR": 0.0020080321285140547,
    "AP": 0.0010127457337434987,
    "F1": 0.0013464253673076592
}