{
    "AUC": 0.06416385135500528,
    "AR": 0.017690763052208836,
    "AP": 0.009560848830273994,
    "F1": 0.01241311610951619
}