{
    "AUC": 0.033957241448902865,
    "AR": 0.018755020080321295,
    "AP": 0.00974726263240677,
    "F1": 0.01282775195527186
}