{
    "AUC": 0.0025867802419870566,
    "AR": 0.0020080321285140547,
    "AP": 0.0010138461974712424,
    "F1": 0.0013473975575970722
}