{
    "AUC": 0.0025694718420280617,
    "AR": 0.0020080321285140547,
    "AP": 0.0010143179997212665,
    "F1": 0.0013478141482963408
}