{
    "AUC": 0.10800046895818759,
    "AR": 0.003835341365461845,
    "AP": 0.0035755252020306092,
    "F1": 0.003700878860983022
}