{
    "AUC": 0.011916760985018452,
    "AR": 0.0020080321285140547,
    "AP": 0.0010241903376080107,
    "F1": 0.0013565014616231334
}