{
    "AUC": 0.050733232291710215,
    "AR": 0.004277108433734938,
    "AP": 0.003321852313523145,
    "F1": 0.0037394383306739343
}