{
    "AUC": 0.055500734477003905,
    "AR": 0.008654618473895582,
    "AP": 0.006395098202751212,
    "F1": 0.007355239468898612
}