{
    "AUC": 0.004567142552000046,
    "AR": 0.0020080321285140547,
    "AP": 0.0010106158874859795,
    "F1": 0.0013445417689655996
}