{
    "AUC": 0.016955279865335928,
    "AR": 0.010040160642570286,
    "AP": 0.005072070213278533,
    "F1": 0.006739494680496251
}