{
    "AUC": 0.007236316001078019,
    "AR": 0.004297188755020075,
    "AP": 0.0030218792179511245,
    "F1": 0.003548425958704928
}