{
    "AUC": 0.05102477313681284,
    "AR": 0.009337349397590358,
    "AP": 0.007468721999405572,
    "F1": 0.008299151564283498
}