{
    "AUC": 0.07692511364604922,
    "AR": 0.010943775100401603,
    "AP": 0.006588792465747698,
    "F1": 0.008225408247401396
}