{
    "AUC": 0.004201800380238554,
    "AR": 0.0020080321285140547,
    "AP": 0.0010110274722833624,
    "F1": 0.0013449059744425843
}