{
    "AUC": 0.029947269282065377,
    "AR": 0.01188755020080321,
    "AP": 0.006152620439728523,
    "F1": 0.008108524669875845
}