{
    "AUC": 0.025246088927243306,
    "AR": 0.008975903614457829,
    "AP": 0.005097605492381394,
    "F1": 0.006502374811682275
}