{
    "AUC": 0.17784088768908424,
    "AR": 0.004859437751004016,
    "AP": 0.00688903551514984,
    "F1": 0.00569892589308091
}