{
    "AUC": 0.009787205577399045,
    "AR": 0.006184738955823294,
    "AP": 0.004038544917263524,
    "F1": 0.004886364574184561
}