{
    "AUC": 0.06463293575808882,
    "AR": 0.021927710843373492,
    "AP": 0.009582732345460658,
    "F1": 0.013336999590990396
}