{
    "AUC": 0.038799913431459096,
    "AR": 0.014839357429718866,
    "AP": 0.008604438103807009,
    "F1": 0.010892803797208457
}