{
    "AUC": 0.00923497678204528,
    "AR": 0.008012048192771078,
    "AP": 0.00403202984676876,
    "F1": 0.00536443177152262
}