{
    "AUC": 0.0026943215901581007,
    "AR": 0.0020080321285140547,
    "AP": 0.0010130627774254913,
    "F1": 0.0013467055280339984
}