{
    "AUC": 0.0038341566164373357,
    "AR": 0.0018674698795180709,
    "AP": 0.0010075450819323106,
    "F1": 0.0013089045573633825
}