{
    "AUC": 0.0025395197812526703,
    "AR": 0.0018674698795180709,
    "AP": 0.0010143500857097475,
    "F1": 0.0013146332909105085
}