{
    "AUC": 0.0059576319319403995,
    "AR": 0.0020080321285140547,
    "AP": 0.0010094473024879007,
    "F1": 0.001343507163370776
}