{
    "AUC": 0.003885141896489613,
    "AR": 0.0020080321285140547,
    "AP": 0.001011090107878193,
    "F1": 0.0013449613910752397
}