{
    "AUC": 0.10863087948844015,
    "AR": 0.004839357429718876,
    "AP": 0.004424252171665513,
    "F1": 0.004622504302145828
}