{
    "AUC": 0.006268192711981111,
    "AR": 0.0020080321285140547,
    "AP": 0.0010098213710456798,
    "F1": 0.0013438384317964144
}