{
    "AUC": 0.03395557402299156,
    "AR": 0.018755020080321295,
    "AP": 0.009747269334855625,
    "F1": 0.01282775775942927
}