{
    "AUC": 0.16731615215883613,
    "AR": 0.005301204819277111,
    "AP": 0.008214699156456668,
    "F1": 0.006443934913314667
}