{
    "AUC": 0.07577429300676,
    "AR": 0.007891566265060239,
    "AP": 0.003788183610530532,
    "F1": 0.005119065443206633
}