{
    "AUC": 0.005950132819679974,
    "AR": 0.0018674698795180709,
    "AP": 0.001009414528431652,
    "F1": 0.0013104810346811757
}