{
    "AUC": 0.004601408830209015,
    "AR": 0.0020080321285140547,
    "AP": 0.001008139322669637,
    "F1": 0.0013423481938631607
}