{
    "AUC": 0.0866295370159885,
    "AR": 0.09236947791164658,
    "AP": 0.05062658246999478,
    "F1": 0.06540531226837511
}