{
    "AUC": 0.004168540533362357,
    "AR": 0.0020080321285140547,
    "AP": 0.0010078678769271947,
    "F1": 0.0013421075463481448
}