{
    "AUC": 0.05118055715952296,
    "AR": 0.010180722891566267,
    "AP": 0.007721052934097354,
    "F1": 0.008781910925336468
}