{
    "AUC": 0.030653448024388096,
    "AR": 0.0040160642570281095,
    "AP": 0.002132384728696337,
    "F1": 0.0027856762286012217
}