{
    "AUC": 0.025949531916060142,
    "AR": 0.018574297188755026,
    "AP": 0.009319865732654215,
    "F1": 0.012411912582954671
}