{
    "AUC": 0.0038469579878534182,
    "AR": 0.0018674698795180709,
    "AP": 0.0010111091045725009,
    "F1": 0.0013119082770571787
}