{
    "AUC": 0.06376555171735895,
    "AR": 0.007630522088353417,
    "AP": 0.006358183297158646,
    "F1": 0.006936490083066088
}