{
    "AUC": 0.012718439503123756,
    "AR": 0.007730923694779112,
    "AP": 0.004044607258540796,
    "F1": 0.0053107669140495094
}