{
    "AUC": 0.004289378498623587,
    "AR": 0.0020080321285140547,
    "AP": 0.0010074491352182273,
    "F1": 0.0013417362300955117
}