{
    "AUC": 0.0167989230113689,
    "AR": 0.00467871485943775,
    "AP": 0.003063044922110042,
    "F1": 0.003702288419322774
}