{
    "AUC": 0.10705785920086935,
    "AR": 0.03582329317269077,
    "AP": 0.013659596169317396,
    "F1": 0.019777815107437795
}