{
    "AUC": 0.004139286734444142,
    "AR": 0.0020080321285140547,
    "AP": 0.001007571398665129,
    "F1": 0.0013418446570023553
}