{
    "AUC": 0.0025610285899999668,
    "AR": 0.0020080321285140547,
    "AP": 0.0010141182663643423,
    "F1": 0.0013476378041434379
}