{
    "AUC": 0.004199976534748801,
    "AR": 0.0020080321285140547,
    "AP": 0.0010077903352681058,
    "F1": 0.0013420387946088868
}