{
    "AUC": 0.029724266920823212,
    "AR": 0.003835341365461845,
    "AP": 0.002131735459880299,
    "F1": 0.002740347888526454
}