{
    "AUC": 0.002733480651578275,
    "AR": 0.0020080321285140547,
    "AP": 0.001012582429037181,
    "F1": 0.001346281037540801
}