{
    "AUC": 0.07038215554130545,
    "AR": 0.00929718875502008,
    "AP": 0.004517723460224599,
    "F1": 0.006080694122159016
}