{
    "AUC": 0.029695287827600548,
    "AR": 0.003835341365461845,
    "AP": 0.002131771833605443,
    "F1": 0.002740377942362948
}