{
    "AUC": 0.033912984591874674,
    "AR": 0.00911646586345381,
    "AP": 0.00816560035701467,
    "F1": 0.008614874628956552
}