{
    "AUC": 0.10276228339048891,
    "AR": 0.013152610441767071,
    "AP": 0.006958000428763406,
    "F1": 0.009101252038771046
}