{
    "AUC": 0.5079147377090201,
    "AR": 0.22997506234413972,
    "AP": 0.13859155223130248
}