{
    "AUC": 0.46004283538246493,
    "AR": 0.07620947630922693,
    "AP": 0.02716168681273024
}