{
    "AUC": 0.5039804514929903,
    "AR": 0.07448877805486283,
    "AP": 0.03445531338979845
}