{
    "AUC": 0.43121275782711355,
    "AR": 0.12466334164588533,
    "AP": 0.041107454974079374
}