{
    "AUC": 0.4176266432276869,
    "AR": 0.10209476309226934,
    "AP": 0.046671939113325164
}