{
    "AUC": 0.14235951061858704,
    "AR": 0.008653366583541143,
    "AP": 0.0033755784116045362
}