{
    "AUC": 0.0019173527082469836,
    "AR": 0.0,
    "AP": 2.0068125264836538e-07
}