{
    "AUC": 0.2825670345711706,
    "AR": 0.09576059850374065,
    "AP": 0.03625850561249186
}