{
    "AUC": 0.04514330206921872,
    "AR": 0.0,
    "AP": 0.0005750716565134494
}