{
    "AUC": 0.11074778217238879,
    "AR": 0.020723192019950105,
    "AP": 0.008949135922958835
}