{
    "AUC": 0.08367043671442909,
    "AR": 0.03421446384039898,
    "AP": 0.015840009196610785
}