{
    "AUC": 0.0651393605594213,
    "AR": 0.008279301745635903,
    "AP": 0.001722630108764381
}