{
    "AUC": 0.48257898364533813,
    "AR": 0.3536159600997506,
    "AP": 0.2028837367545358
}