{
    "AUC": 0.04608712569002157,
    "AR": 0.0,
    "AP": 0.0003695968074099804
}