{
    "AUC": 0.007478207265686535,
    "AR": 0.0021695760598503737,
    "AP": 0.001252483143780096
}