{
    "AUC": 0.0038934477833699687,
    "AR": 0.0020080321285140547,
    "AP": 0.001007313176485738,
    "F1": 0.0013416156474716247
}