{
    "AUC": 0.05225733853287546,
    "AR": 0.0040160642570281095,
    "AP": 0.002389604864994783,
    "F1": 0.002996347923664026
}