{
    "AUC": 0.06174808038187859,
    "AR": 0.006847389558232926,
    "AP": 0.0024315658252586757,
    "F1": 0.003588739842774642
}