{
    "AUC": 0.06250904496151558,
    "AR": 0.008795180722891566,
    "AP": 0.009796110339784662,
    "F1": 0.009268701192330236
}