{
    "AUC": 0.17484127093909507,
    "AR": 0.005301204819277112,
    "AP": 0.006771601359828459,
    "F1": 0.0059468602792736285
}