{
    "AUC": 0.019305841251183595,
    "AR": 0.0031124497991967905,
    "AP": 0.002056739179925323,
    "F1": 0.0024767898691318165
}