{
    "AUC": 0.08940662235175434,
    "AR": 0.013815261044176708,
    "AP": 0.007712279064443458,
    "F1": 0.00989868308067034
}