{
    "AUC": 0.1801193382435507,
    "AR": 0.0044176706827309216,
    "AP": 0.006928864892394851,
    "F1": 0.005395381365011404
}