{
    "AUC": 0.08858429445351146,
    "AR": 0.04572289156626506,
    "AP": 0.011298188960092334,
    "F1": 0.018119118892483577
}