{
    "AUC": 0.00623443294126025,
    "AR": 0.0020080321285140547,
    "AP": 0.0010094389502127408,
    "F1": 0.001343499765807835
}