{
    "AUC": 0.05556531260995644,
    "AR": 0.007369477911646586,
    "AP": 0.0013427840356230695,
    "F1": 0.002271652838385345
}