{
    "AUC": 0.009776521050187142,
    "AR": 0.006184738955823294,
    "AP": 0.004038537290738019,
    "F1": 0.004886358991810246
}