{
    "AUC": 0.0026293514866641454,
    "AR": 0.0020080321285140547,
    "AP": 0.0010133900698388533,
    "F1": 0.0013469946835386536
}