{
    "AUC": 0.0038456119122315673,
    "AR": 0.0018674698795180709,
    "AP": 0.00100753989707413,
    "F1": 0.001308900182196187
}