{
    "AUC": 0.005933449063100306,
    "AR": 0.0018674698795180709,
    "AP": 0.0010094263839448615,
    "F1": 0.0013104910257270114
}