{
    "AUC": 0.003915917692786387,
    "AR": 0.0020080321285140547,
    "AP": 0.0010075668479005832,
    "F1": 0.0013418406214048377
}