{
    "AUC": 0.09430818560300834,
    "AR": 0.015381526104417679,
    "AP": 0.006936247241288585,
    "F1": 0.00956099574594001
}