{
    "AUC": 0.02011610578195462,
    "AR": 0.006024096385542167,
    "AP": 0.0030639810456699157,
    "F1": 0.004061963002031361
}