{
    "AUC": 0.004555239715029913,
    "AR": 0.0020080321285140547,
    "AP": 0.001010813915701035,
    "F1": 0.0013447170136856163
}