{
    "AUC": 0.03168645620885153,
    "AR": 0.006686746987951806,
    "AP": 0.004162083271469737,
    "F1": 0.005130654109909319
}