{
    "AUC": 0.004458255744245144,
    "AR": 0.0020080321285140547,
    "AP": 0.0010110043106422123,
    "F1": 0.0013448854816758213
}