{
    "AUC": 0.002648988812392427,
    "AR": 0.0020080321285140547,
    "AP": 0.0010134179986122467,
    "F1": 0.0013470193550824993
}