{
    "AUC": 0.029435413208146726,
    "AR": 0.0040160642570281095,
    "AP": 0.00212599473106123,
    "F1": 0.0027802179909382865
}