{
    "AUC": 0.016733159282132593,
    "AR": 0.004417670682730921,
    "AP": 0.003064734777314724,
    "F1": 0.0036188867466175885
}