{
    "AUC": 0.13503975718021774,
    "AR": 0.009658634538152617,
    "AP": 0.00480567325476073,
    "F1": 0.00641803843530618
}