{
    "AUC": 0.03810635386071713,
    "AR": 0.007811244979919682,
    "AP": 0.007186577090726834,
    "F1": 0.007485902147434383
}