{
    "AUC": 0.04553844185198322,
    "AR": 0.009819277108433742,
    "AP": 0.007275700768710464,
    "F1": 0.008358258491990183
}