{
    "AUC": 0.006544973663411685,
    "AR": 0.0020080321285140547,
    "AP": 0.0010094582623773937,
    "F1": 0.0013435168704208791
}