{
    "AUC": 0.005150937447821922,
    "AR": 0.0020080321285140547,
    "AP": 0.001007926738956234,
    "F1": 0.001342159733571005
}