{
    "AUC": 0.0025602839072285722,
    "AR": 0.0018674698795180709,
    "AP": 0.0010144777181544228,
    "F1": 0.0013147404787135204
}