{
    "AUC": 0.029292849725151008,
    "AR": 0.004638554216867468,
    "AP": 0.003099204587266095,
    "F1": 0.0037157603050429746
}