{
    "AUC": 0.16965013436196225,
    "AR": 0.006967871485943774,
    "AP": 0.009547593572932792,
    "F1": 0.00805625573110489
}