{
    "AUC": 0.010922377603141754,
    "AR": 0.007550200803212849,
    "AP": 0.005046131557101323,
    "F1": 0.006049269810564741
}