{
    "AUC": 0.05417441762943592,
    "AR": 0.003835341365461845,
    "AP": 0.002422514555886923,
    "F1": 0.0029694420585586133
}