{
    "AUC": 0.010004528852196753,
    "AR": 0.006666666666666667,
    "AP": 0.004041155457185936,
    "F1": 0.005032029122192099
}