{
    "AUC": 0.00412556117168763,
    "AR": 0.0020080321285140547,
    "AP": 0.0010078927845439773,
    "F1": 0.001342129629752395
}