{
    "AUC": 0.007652664390874856,
    "AR": 0.0020080321285140547,
    "AP": 0.0010145177481100485,
    "F1": 0.0013479904824121838
}