{
    "AUC": 0.11525047558655677,
    "AR": 0.013674698795180733,
    "AP": 0.006448919415797701,
    "F1": 0.00876453027888554
}