{
    "AUC": 0.009612929465363726,
    "AR": 0.0037550200803212835,
    "AP": 0.0020198976289694925,
    "F1": 0.0026267928094529627
}