{
    "AUC": 0.0763039590284052,
    "AR": 0.007048192771084342,
    "AP": 0.00967090486200356,
    "F1": 0.008153837394109261
}