{
    "AUC": 0.0352304431833126,
    "AR": 0.018875502008032133,
    "AP": 0.009759304745525362,
    "F1": 0.012866283883565977
}