{
    "AUC": 0.10698412713808059,
    "AR": 0.0040160642570281095,
    "AP": 0.0035436957164687957,
    "F1": 0.003765122108264718
}