{
    "AUC": 0.06161770570456853,
    "AR": 0.0054819277108433765,
    "AP": 0.0034667927534591495,
    "F1": 0.004247469197132861
}