{
    "AUC": 0.003848941775894162,
    "AR": 0.0020080321285140547,
    "AP": 0.0010069865082350522,
    "F1": 0.0013413258789646628
}