{
    "AUC": 0.01676045475029735,
    "AR": 0.004417670682730921,
    "AP": 0.003064647849109335,
    "F1": 0.003618826142803867
}