{
    "AUC": 0.009919169277532964,
    "AR": 0.006365461847389559,
    "AP": 0.004038621987916416,
    "F1": 0.004941846795365521
}