{
    "AUC": 0.08633943648610189,
    "AR": 0.0053413654618473935,
    "AP": 0.004793690368275057,
    "F1": 0.005052730364206695
}