{
    "AUC": 0.004119909902538939,
    "AR": 0.0020080321285140547,
    "AP": 0.0010078611646430204,
    "F1": 0.001342101595090734
}