{
    "AUC": 0.01464783415646922,
    "AR": 0.007108433734939758,
    "AP": 0.004057670762992178,
    "F1": 0.005166292997217509
}