{
    "AUC": 0.18034676034715472,
    "AR": 0.00437751004016064,
    "AP": 0.006927287232087625,
    "F1": 0.005364849749934417
}