{
    "AUC": 0.00589968621251996,
    "AR": 0.0020080321285140547,
    "AP": 0.0010117982620788844,
    "F1": 0.0013455877682124774
}