{
    "AUC": 0.10295179622901354,
    "AR": 0.007108433734939759,
    "AP": 0.00614147285336137,
    "F1": 0.006589669522892569
}