{
    "AUC": 0.10794277035082454,
    "AR": 0.003835341365461845,
    "AP": 0.003576934953991329,
    "F1": 0.00370163388394063
}