{
    "AUC": 0.016472649464689,
    "AR": 0.009518072289156633,
    "AP": 0.006082466089029046,
    "F1": 0.007421968463944152
}