{
    "AUC": 0.2013792749833359,
    "AR": 0.18181818181818182,
    "AP": 0.10810449579709981,
    "F1": 0.13559037902017462
}