{
    "AUC": 0.2389486260454003,
    "AR": 0.2366666666666666,
    "AP": 0.1349556167737986,
    "F1": 0.17189225400643005
}