{
    "AUC": 0.1415945165945166,
    "AR": 0.13242424242424247,
    "AP": 0.07178822860641042,
    "F1": 0.09310402778246857
}