{
    "AUC": 0.43922369765066394,
    "AR": 0.45454545454545436,
    "AP": 0.3305785123966942,
    "F1": 0.38277511961722477
}