{
    "AUC": 0.5121887458336055,
    "AR": 0.5151515151515151,
    "AP": 0.3902662993572084,
    "F1": 0.44409613375130613
}