{
    "AUC": 0.48189209164818925,
    "AR": 0.4848484848484848,
    "AP": 0.35996326905417814,
    "F1": 0.4131752305665349
}