{
    "AUC": 0.2569496619083396,
    "AR": 0.26757575757575774,
    "AP": 0.1582806676389564,
    "F1": 0.19890304358675268
}