{
    "AUC": 0.058984096843104676,
    "AR": 0.060303030303030296,
    "AP": 0.016961054394209474,
    "F1": 0.026475508798511613
}