{
    "AUC": 0.08321496212121213,
    "AR": 0.0606060606060606,
    "AP": 0.033312363141908594,
    "F1": 0.04299329181519121
}