{
    "AUC": 0.14867697144354203,
    "AR": 0.14636363636363656,
    "AP": 0.07189928312922965,
    "F1": 0.09642902747918819
}