{
    "AUC": 0.08422459893048129,
    "AR": 0.06939393939393942,
    "AP": 0.034329544489972295,
    "F1": 0.04593486914544703
}