{
    "AUC": 0.25881261595547306,
    "AR": 0.24999999999999997,
    "AP": 0.1582806676389564,
    "F1": 0.19383806310775945
}