{
    "AUC": 0.4213387477076239,
    "AR": 0.424242424242424,
    "AP": 0.3021120293847567,
    "F1": 0.35290962724591035
}