{
    "AUC": 0.17749541524757653,
    "AR": 0.15545454545454543,
    "AP": 0.08981830984671894,
    "F1": 0.11385413615026513
}