{
    "AUC": 0.384713647008729,
    "AR": 0.39393939393939365,
    "AP": 0.2745638200183655,
    "F1": 0.3235930735930735
}