{
  "AUC": 0.07899672623712453,
  "AR": 0.006938461538461546,
  "AP": 0.010465564156916718,
  "F1": 0.008344611258572398,
  "timePerImage": 0.1725656502063458
}