{
  "AUC": 0.12232502507909558,
  "AR": 0.0936,
  "AP": 0.052321713357786945,
  "F1": 0.06712246255334307,
  "timePerImage": 0.0507030465052678
}