{
  "AUC": 0.10826429216288609,
  "AR": 0.028538461538461544,
  "AP": 0.011723638247178435,
  "F1": 0.016619828622414227,
  "timePerImage": 0.01684713290287898
}