{
  "AUC": 0.2076448451471546,
  "AR": 0.12824615384615382,
  "AP": 0.07064991737725007,
  "F1": 0.09110868925112002,
  "timePerImage": 0.020202162815974308
}