{
  "AUC": 0.3993056906578835,
  "AR": 0.2752153846153847,
  "AP": 0.16536009886322517,
  "F1": 0.20659180964566798,
  "timePerImage": 0.005241596882159893
}