{
  "AUC": 0.21082634509892492,
  "AR": 0.1668307692307692,
  "AP": 0.08989463024340462,
  "F1": 0.11683448808680463,
  "timePerImage": 0.013843909043532152
}