{
  "AUC": 0.7350849083856058,
  "AR": 0.7348923076923083,
  "AP": 0.6419616969246986,
  "F1": 0.6852908315929876,
  "timePerImage": 0.023765417612515962
}