{
  "AUC": -1,
  "AR": 0.88,
  "AP": 0.0913567272570462,
  "F1": 0.16552913616652462,
  "timePerImage": 1.5650169853846134
}