{
  "AUC": 0.5894946762120014,
  "AR": 0.5336307692307691,
  "AP": 0.4213572891626973,
  "F1": 0.47089429519178605,
  "timePerImage": 0.01149450815640963
}