{
  "AUC": 0.6559007384662989,
  "AR": 0.5379846153846153,
  "AP": 0.4370218264831779,
  "F1": 0.48227582739830677,
  "timePerImage": 0.020211418225215032
}