{
  "AUC": 0.18852855489127684,
  "AR": 0.13624615384615382,
  "AP": 0.07895807150341776,
  "F1": 0.09997697340724344,
  "timePerImage": 0.08789292922386756
}