{
  "AUC": -1,
  "AR": 0.8957264957264958,
  "AP": 0.02865284075965024,
  "F1": 0.05552938633139917,
  "timePerImage": 0.36459473299257683
}