{
  "AUC": 0.050929912420193214,
  "AR": 0.006153846153846149,
  "AP": 0.003389012352159346,
  "F1": 0.0043709042978156195,
  "timePerImage": 0.15136576139009916
}