{
  "AUC": 0.3471051959269577,
  "AR": 0.33203076923076913,
  "AP": 0.21833246893242822,
  "F1": 0.2634372813475998,
  "timePerImage": 0.010887581018301156
}