{
  "AUC": 0.05604168397564477,
  "AR": 0.011353846153846162,
  "AP": 0.006469095728514757,
  "F1": 0.008242086872173593,
  "timePerImage": 0.04283743784977839
}