{
  "AUC": 0.03024121067935501,
  "AR": 0.011446153846153858,
  "AP": 0.007968234038788373,
  "F1": 0.009395674304093882,
  "timePerImage": 0.013977780708899865
}