{
  "AUC": 0.5437211657611286,
  "AR": 0.4985846153846153,
  "AP": 0.3702421160711785,
  "F1": 0.42493403197027896,
  "timePerImage": 0.017765224896944487
}