{
  "AUC": 0.08742714177046687,
  "AR": 0.05273846153846156,
  "AP": 0.021766481153394426,
  "F1": 0.030814887916460847,
  "timePerImage": 0.016900903995220477
}