{
  "AUC": 0.2714936120789779,
  "AR": 0.23430769230769233,
  "AP": 0.13729468012385723,
  "F1": 0.17313775181491586,
  "timePerImage": 0.004269548562856821
}