{
  "AUC": 0.08105590246626779,
  "AR": 0.049723076923076946,
  "AP": 0.021504688563135494,
  "F1": 0.03002422654515477,
  "timePerImage": 0.010945306191077598
}