{
  "AUC": 0.5860847931999584,
  "AR": 0.5767384615384619,
  "AP": 0.45937870502140815,
  "F1": 0.5114119834096362,
  "timePerImage": 0.019528721295870268
}