{
  "AUC": -1,
  "AR": 0.9076923076923077,
  "AP": 0.009370939921157041,
  "F1": 0.018550367391598255,
  "timePerImage": 2.230484131384615
}