{
  "AUC": 0.06134118944167491,
  "AR": 0.03443076923076923,
  "AP": 0.017831578772788684,
  "F1": 0.02349511635812358,
  "timePerImage": 0.07685553404001089
}