{
  "AUC": -1,
  "AR": 0.42662116040955633,
  "AP": 0.014139007939335736,
  "F1": 0.02737089422901117,
  "timePerImage": 0.3648185359897898
}