{
    "AUC": 0.27732683982683987,
    "AR": 0.19484848484848477,
    "AP": 0.11939034574079731,
    "F1": 0.1480595375785143
}