{
    "AUC": 0.2672941536577899,
    "AR": 0.21151515151515132,
    "AP": 0.12133147947007286,
    "F1": 0.15420583460740628
}