{
    "AUC": 0.23536544892905467,
    "AR": 0.212121212121212,
    "AP": 0.13178067486646233,
    "F1": 0.1625665781114321
}