{
    "AUC": 0.059045605557233455,
    "AR": 0.0606060606060606,
    "AP": 0.032139577594123045,
    "F1": 0.042004200420042
}