{
    "AUC": 0.056557945870922964,
    "AR": 0.05545454545454548,
    "AP": 0.016961054394209474,
    "F1": 0.025976932147911466
}