{
    "AUC": 0.026346801346801348,
    "AR": 0.01848484848484849,
    "AP": 0.0004095004095004095,
    "F1": 0.000801250476152947
}