{
    "AUC": 0.20848048833660343,
    "AR": 0.17666666666666664,
    "AP": 0.09610327877707558,
    "F1": 0.1244876585626993
}