{
    "AUC": 0.2915031947091133,
    "AR": 0.26030303030303037,
    "AP": 0.16036131300340056,
    "F1": 0.19846006148303738
}