{
    "AUC": 0.1846311213399821,
    "AR": 0.12545454545454546,
    "AP": 0.06191317077706548,
    "F1": 0.08290957325738031
}