{
    "AUC": 0.0448318804483188,
    "AR": 0.008787878787878789,
    "AP": 0.0011605799295362187,
    "F1": 0.0020503750448409757
}