{
    "AUC": 0.10774410774410775,
    "AR": 0.09303030303030303,
    "AP": 0.05265527698682779,
    "F1": 0.06724806083969495
}