{
    "AUC": 0.1192443919716647,
    "AR": 0.09484848484848485,
    "AP": 0.051914400926258625,
    "F1": 0.06710146429295388
}