{
    "AUC": 0.11639406618486116,
    "AR": 0.09090909090909091,
    "AP": 0.05113357476180075,
    "F1": 0.06545226076364666
}