{
    "AUC": 0.02597979797979798,
    "AR": 0.0,
    "AP": 0.00030303030303030303,
    "F1": 0.0
}