{
    "AUC": 0.1123952500099289,
    "AR": 0.0372727272727273,
    "AP": 0.018906752217012747,
    "F1": 0.025087673484993665
}