{
    "AUC": 0.02796568223065501,
    "AR": 0.0,
    "AP": 0.00035236081747709656,
    "F1": 0.0
}