{
  "AUC": 0.22690954194647686,
  "AR": 0.08705999999999994,
  "AP": 0.05580819263335063,
  "F1": 0.06801599657844788,
  "timePerImage": 0.16814899921417237
}