{
  "AUC": 0.23422281087564978,
  "AR": 0.16277999999999998,
  "AP": 0.09244594778313084,
  "F1": 0.11792179839743284,
  "timePerImage": 0.05504731845855713
}