{
  "AUC": 0.14912959807557385,
  "AR": 0.05613999999999999,
  "AP": 0.020999248895904207,
  "F1": 0.030565447548158767,
  "timePerImage": 0.018305631160736083
}