{
  "AUC": 0.6459592357325066,
  "AR": 0.49438,
  "AP": 0.35158902729470554,
  "F1": 0.410933681271535,
  "timePerImage": 0.020085676193237305
}