{
  "AUC": 0.36210383059481593,
  "AR": 0.25736000000000003,
  "AP": 0.15508279795796776,
  "F1": 0.19354009370545508,
  "timePerImage": 0.02126097583770752
}