{
  "AUC": 0.29895234055294945,
  "AR": 0.13815999999999998,
  "AP": 0.07617161502567432,
  "F1": 0.09820175460989768,
  "timePerImage": 0.005571778774261475
}