{
  "AUC": 0.28535091031692517,
  "AR": 0.24272000000000005,
  "AP": 0.15250692524785034,
  "F1": 0.18731760683027793,
  "timePerImage": 0.022075212001800536
}