{
  "AUC": 0.35789010933642357,
  "AR": 0.2826199999999999,
  "AP": 0.1722528378419688,
  "F1": 0.21404706098459222,
  "timePerImage": 0.015143643856048584
}