{
  "AUC": -1,
  "AR": 0.864,
  "AP": 0.011673949824174641,
  "F1": 0.023036639722152526,
  "timePerImage": 1.6837819781999992
}