{
  "AUC": 0.5908425650670389,
  "AR": 0.46404000000000006,
  "AP": 0.34300889940141704,
  "F1": 0.3944490843027946,
  "timePerImage": 0.011853788375854492
}