{
  "AUC": 0.3092852498374431,
  "AR": 0.25582000000000005,
  "AP": 0.1634855938008678,
  "F1": 0.1994864138445054,
  "timePerImage": 0.0891166491508484
}