{
  "AUC": -1,
  "AR": 0.49777777777777776,
  "AP": 0.03280143271972201,
  "F1": 0.061547169448424706,
  "timePerImage": 0.3444569592382394
}