{
  "AUC": 0.034846507215259406,
  "AR": 0.0036400000000000026,
  "AP": 0.003144467249022371,
  "F1": 0.003374136941435088,
  "timePerImage": 0.39032119703292845
}