{
  "AUC": 0.2757509232340693,
  "AR": 0.26109999999999994,
  "AP": 0.16512782618392907,
  "F1": 0.20230905993462106,
  "timePerImage": 0.02424526071548462
}