{
  "AUC": 0.046771736957825306,
  "AR": 0.018000000000000002,
  "AP": 0.009275556877620293,
  "F1": 0.012242464896044462,
  "timePerImage": 0.08054911851882934
}