{
  "AUC": 0.004979028075318526,
  "AR": 0.0007799999999999997,
  "AP": 0.0010059820470758147,
  "F1": 0.000878694159332528,
  "timePerImage": 0.014973357200622558
}