{
  "AUC": 0.04812231985940246,
  "AR": 0.02066000000000001,
  "AP": 0.010322475087173634,
  "F1": 0.013766642897377512,
  "timePerImage": 0.04010529375076294
}