{
  "AUC": 0.2841537344813777,
  "AR": 0.19935999999999998,
  "AP": 0.11180572011705081,
  "F1": 0.1432650637361378,
  "timePerImage": 0.009463164806365967
}