{
  "AUC": 0.41417500222084036,
  "AR": 0.34735999999999995,
  "AP": 0.23626219616258853,
  "F1": 0.28123685836024576,
  "timePerImage": 0.0195945839881897
}