{
  "AUC": 0.04504119027410256,
  "AR": 0.014980000000000005,
  "AP": 0.009236786791515789,
  "F1": 0.011427367910377165,
  "timePerImage": 0.02651672410964966
}