{
  "AUC": -1,
  "AR": 0.97,
  "AP": 0.01041265457424695,
  "F1": 0.020604130087255302,
  "timePerImage": 4.028465885999999
}