{
  "AUC": 0.4705825651302603,
  "AR": 0.43714,
  "AP": 0.31110078851810197,
  "F1": 0.36350490585294526,
  "timePerImage": 0.041257991313934324
}