{
  "AUC": 0.05874259806622914,
  "AR": 0.01996,
  "AP": 0.010424661593416222,
  "F1": 0.013696137096335078,
  "timePerImage": 0.1983653087615967
}