{
  "AUC": -1,
  "AR": 0.6355555555555555,
  "AP": 0.36580374501176716,
  "F1": 0.4643460189635018,
  "timePerImage": 0.337117901502871
}