{
  "AUC": 0.15451080540270137,
  "AR": 0.010300000000000009,
  "AP": 0.009489518215944794,
  "F1": 0.009878162424942593,
  "timePerImage": 0.17119322538375856
}