{
  "AUC": 0.6022525284450063,
  "AR": 0.5732800000000001,
  "AP": 0.45799354198717085,
  "F1": 0.5091928126934756,
  "timePerImage": 0.011898087978363036
}