{
  "AUC": 0.05426087174097984,
  "AR": 0.01200000000000001,
  "AP": 0.006526468139573208,
  "F1": 0.008454673290651579,
  "timePerImage": 0.05080545711517334
}