{
  "AUC": 0.02068104621277024,
  "AR": 0.014980000000000009,
  "AP": 0.00811961631882875,
  "F1": 0.010531071233153881,
  "timePerImage": 0.017441091537475587
}