{
  "AUC": 0.1749923778958981,
  "AR": 0.12968,
  "AP": 0.06396400511285417,
  "F1": 0.0856711487474219,
  "timePerImage": 0.019784729480743408
}