{
  "AUC": 0.6898486240823052,
  "AR": 0.60554,
  "AP": 0.4875927433564121,
  "F1": 0.5402032124762258,
  "timePerImage": 0.020304187297821043
}