{
  "AUC": 0.4731977548361231,
  "AR": 0.38240000000000013,
  "AP": 0.26316690566477413,
  "F1": 0.3117725640615994,
  "timePerImage": 0.00491384220123291
}