{
  "AUC": 0.6085383478403679,
  "AR": 0.6174199999999994,
  "AP": 0.501444811655525,
  "F1": 0.5534217402981014,
  "timePerImage": 0.02261900281906128
}