{
  "AUC": 0.2200615754901469,
  "AR": 0.1479800000000001,
  "AP": 0.08466675864255524,
  "F1": 0.10770824418125853,
  "timePerImage": 0.013373155117034912
}