{
  "AUC": -1,
  "AR": 0.852,
  "AP": 0.013865287341806348,
  "F1": 0.027286519018415518,
  "timePerImage": 1.866602386599998
}