{
  "AUC": 0.18955245279248678,
  "AR": 0.13514,
  "AP": 0.07745736094860457,
  "F1": 0.09847335556648759,
  "timePerImage": 0.09158598279953004
}