{
  "AUC": -1,
  "AR": 0.6911111111111111,
  "AP": 0.017288093006605054,
  "F1": 0.03373237320803547,
  "timePerImage": 0.3545581878400316
}