{
  "AUC": 0.17387533451499668,
  "AR": 0.000833333333333333,
  "AP": 0.005801496340042252,
  "F1": 0.0014573336532718749,
  "timePerImage": 0.16633557508389155,
  "AAE": 0.938655720045382
}