{
  "AUC": 0.5650489002116049,
  "AR": 0.5615833333333331,
  "AP": 0.43997865563480204,
  "F1": 0.4933986767638241,
  "timePerImage": 0.012315547863642374
}