{
  "AAE": 0.23164727155583237,
  "timePerImage": 0.18176262587308883
}