{
  "AUC": 0.1651239359125802,
  "AR": 0.16624999999999998,
  "AP": 0.09714025160548671,
  "F1": 0.12262843238102403,
  "timePerImage": 0.04974399665991465,
  "AAE": 1.0892072254016127
}