{
  "AUC": 0.07565282521539002,
  "AR": 0.053933333333333354,
  "AP": 0.026880722975575963,
  "F1": 0.035879079919984215,
  "timePerImage": 0.016490256587664287
}