{
  "AUC": 0.2855137283438006,
  "AR": 0.2804583333333331,
  "AP": 0.17979678626279466,
  "F1": 0.21911980928403846,
  "timePerImage": 0.020013794402281442
}