{
  "AAE": 0.24223634713964293,
  "timePerImage": 0.4993695120016734
}