{
  "AUC": 0.3110925629635044,
  "AR": 0.29255833333333325,
  "AP": 0.18627423523814382,
  "F1": 0.22762060637100454,
  "timePerImage": 0.00497154951095581
}