{
  "AUC": 0.35057589685925383,
  "AR": 0.34616250000000026,
  "AP": 0.2334689756964902,
  "F1": 0.27886064745681544,
  "timePerImage": 0.014076497256755829
}