{
  "AUC": 0.2340555568684705,
  "AR": 0.22954999999999987,
  "AP": 0.14126845882257857,
  "F1": 0.1749005420371398,
  "timePerImage": 0.01369380255540212
}