{
  "AAE": 0.3716941554933238,
  "timePerImage": 0.23733852525552113
}