{
  "AAE": 0.4568944852024801,
  "timePerImage": 0.10685085753599803
}