{
  "AUC": -1,
  "AR": 0.75875,
  "AP": 0.09412710933114445,
  "F1": 0.16747769033457832,
  "timePerImage": 1.1487753742083344
}