{
  "AAE": 0.3959858210968803,
  "timePerImage": 0.024400643010934194
}