{
  "AUC": 0.21198149653710893,
  "AR": 0.2070833333333335,
  "AP": 0.12572257477918586,
  "F1": 0.15645785862503875,
  "timePerImage": 0.0880979041258494,
  "AAE": 0.9983977139488602
}