{
  "AAE": 0.43363163708789493,
  "timePerImage": 0.18549266070127488
}