{
  "AUC": 0.24767697014319084,
  "AR": 0.2534708333333332,
  "AP": 0.15892527493781067,
  "F1": 0.19536033957784388,
  "AAE": 0.9520068720985553,
  "timePerImage": 0.017185067037741343
}