{
  "AUC": 0.5608598312765949,
  "AR": 0.5545958333333334,
  "AP": 0.4331758104985666,
  "F1": 0.4864231547917942,
  "AAE": 0.9553264391581866,
  "timePerImage": 0.16607245534658432
}