{
  "AUC": 0.20274914997043378,
  "AR": 0.15293333333333328,
  "AP": 0.08523565035472708,
  "F1": 0.1094632216649661,
  "AAE": 1.9426338595096364,
  "timePerImage": 0.02704971790313721
}