{
  "AUC": 0.31260063387503534,
  "AR": 0.22323749999999995,
  "AP": 0.13438132493260527,
  "F1": 0.16777053629822697,
  "AAE": 1.4270972960568749,
  "timePerImage": 0.009927975237369538
}