{
  "AAE": 0.4255889277774207,
  "timePerImage": 0.009876126945018769,
  "AUC": 0.5608598312765949,
  "AR": 0.5545958333333334,
  "AP": 0.4331758104985666,
  "F1": 0.4864231547917942
}