{
  "AUC": 0.5180636304468534,
  "AR": 0.5151374999999998,
  "AP": 0.39123396375786257,
  "F1": 0.44471675039221487,
  "AAE": 1.3525876099908878,
  "timePerImage": 0.0020889123280843098
}