{
  "AUC": 0.7165900269121023,
  "AR": 0.6736708333333332,
  "AP": 0.5689495908133848,
  "F1": 0.6168975457346207,
  "timePerImage": 0.03247474779685338,
  "AAE": 0.522644706900825
}