{
  "AUC": 0.3109566538017969,
  "AR": 0.2356333333333333,
  "AP": 0.13336625758677068,
  "F1": 0.17032829630516857,
  "timePerImage": 0.04476350287596385,
  "AAE": 1.818255961066144
}