{
  "AUC": 0.7876857281733336,
  "AR": 0.7717416666666663,
  "AP": 0.6879590629933473,
  "F1": 0.7274459251610909,
  "timePerImage": 0.18588354468345641,
  "AAE": 1.107561823200198
}