{
  "AAE": 0.34881321443602786,
  "timePerImage": 0.01972800781329473,
  "AUC": 0.805704974921772,
  "AR": 0.7893500000000003,
  "AP": 0.7111300956698191,
  "F1": 0.7482012492360215
}