{
  "AUC": -1,
  "AR": 0.7620370370370371,
  "AP": 0.2656385411505731,
  "F1": 0.3939500190871896,
  "timePerImage": 0.3361227694388742
}