{
  "AUC": 0.04383960573476702,
  "AR": 0.007916666666666664,
  "AP": 0.004383555499951723,
  "F1": 0.005642686325151446,
  "timePerImage": 0.1635651433467865
}