{
  "AUC": 0.2930379654366339,
  "AR": 0.27163333333333317,
  "AP": 0.17099426579456367,
  "F1": 0.20987278014375352,
  "timePerImage": 0.011451682249704997
}