{
  "AUC": 0.036173030113359754,
  "AR": 0.007033333333333339,
  "AP": 0.008521624233994139,
  "F1": 0.007706279302874339,
  "timePerImage": 0.04777073661486308
}