{
  "AUC": 0.00025186264982183354,
  "AR": 0.0,
  "AP": 8.097690538658374e-08,
  "F1": 0.0,
  "timePerImage": 0.015334996779759726
}