{
  "AUC": 0.03907210747832873,
  "AR": 0.020000000000000018,
  "AP": 0.010147280973128654,
  "F1": 0.013463610177214043,
  "timePerImage": 0.017972095807393392
}