{
  "AUC": 0.2776862495123446,
  "AR": 0.20061666666666664,
  "AP": 0.11621823092887415,
  "F1": 0.14717642703999775,
  "timePerImage": 0.004926968812942505
}