{
  "AUC": 0.467918371760322,
  "AR": 0.44860000000000033,
  "AP": 0.3252968336118253,
  "F1": 0.3771256147339664,
  "timePerImage": 0.016207743485768637
}