{
  "AUC": 0.04790469619035671,
  "AR": 0.021800000000000014,
  "AP": 0.011262103400041365,
  "F1": 0.01485167783490718,
  "timePerImage": 0.01199398398399353
}