{
  "AUC": -1,
  "AR": 0.5933333333333334,
  "AP": 0.03929581024980435,
  "F1": 0.0737098956570171,
  "timePerImage": 2.146660804166669
}