{
  "AUC": 0.5467348217536195,
  "AR": 0.4624666666666667,
  "AP": 0.3117272026920816,
  "F1": 0.37242206647216025,
  "timePerImage": 0.0197196368376414
}