{
  "AUC": 0.04727725661872004,
  "AR": 0.009816666666666677,
  "AP": 0.006896666153506331,
  "F1": 0.008101588530390202,
  "timePerImage": 0.08317885160446167
}