{
  "AUC": -1,
  "AR": 0.3574074074074074,
  "AP": 0.6877628109186801,
  "F1": 0.47037605712753766,
  "timePerImage": 0.3345497811426882
}