{
  "AUC": 0.21321924844411713,
  "AR": 0.015227777777777785,
  "AP": 0.01348199115205095,
  "F1": 0.014301805477235715,
  "timePerImage": 0.170281310611301,
  "AAE": 0.748239987165498
}