{
  "AAE": 0.5817847598292174,
  "timePerImage": 0.18144061591890123
}