{
  "AUC": 0.2585725673869936,
  "AR": 0.18219444444444446,
  "AP": 0.10848085580872882,
  "F1": 0.13599097852287134,
  "timePerImage": 0.05290145496527354
}