{
  "AUC": 0.13535497814587985,
  "AR": 0.06333888888888888,
  "AP": 0.03392605710786008,
  "F1": 0.04418526612176749,
  "timePerImage": 0.017405338552263047
}