{
  "AUC": 0.3460181632287288,
  "AR": 0.21827777777777777,
  "AP": 0.13157857877396317,
  "F1": 0.16418555352840303,
  "timePerImage": 0.021022696958647835
}