{
  "AAE": 1.0951770469112247,
  "timePerImage": 0.4992682313256794
}