{
  "AUC": 0.37646441758392174,
  "AR": 0.2325472222222222,
  "AP": 0.13802301081093332,
  "F1": 0.173229606188895,
  "timePerImage": 0.005164654850959778
}