{
  "AUC": 0.30251211654902066,
  "AR": 0.28505,
  "AP": 0.18237406739523998,
  "F1": 0.2224349644668834,
  "timePerImage": 0.013332615693410238
}