{
  "AUC": 0.3162233970278488,
  "AR": 0.22045,
  "AP": 0.12890732346742045,
  "F1": 0.16268512236322388,
  "timePerImage": 0.014640628761715358
}