{
  "AAE": 1.3759225350709998,
  "timePerImage": 0.23732547760009765
}