{
  "AAE": 1.607362821172945,
  "timePerImage": 0.10676922069655524
}