{
  "AUC": -1,
  "AR": 0.4622222222222222,
  "AP": 0.09032967617571076,
  "F1": 0.15112565453347448,
  "timePerImage": 1.1301144204444453
}