{
  "AAE": 1.4076147325483974,
  "timePerImage": 0.0244188877609041
}