{
  "AUC": 0.29615810823751454,
  "AR": 0.19627499999999998,
  "AP": 0.11633191333604323,
  "F1": 0.14608151845629233,
  "timePerImage": 0.09130960683027903
}