{
  "AUC": 0.5409556843743747,
  "AR": 0.4294277777777779,
  "AP": 0.31762117609529217,
  "F1": 0.365157745335496,
  "timePerImage": 0.0110639617840449
}