{
  "AUC": 0.7251265588510628,
  "AR": 0.5601361111111111,
  "AP": 0.44417267822203715,
  "F1": 0.49545948274792617,
  "timePerImage": 0.019969533019595677
}