{
  "AAE": 1.2638315795923296,
  "timePerImage": 0.18548550367355346
}