{
  "AUC": 0.2506957367196112,
  "AR": 0.20224999999999996,
  "AP": 0.12412015292914079,
  "F1": 0.1538333129094006,
  "AAE": 1.321580050014094,
  "timePerImage": 0.016889837317996554
}