{
  "AUC": 0.48883902338048335,
  "AR": 0.3733861111111111,
  "AP": 0.2668929498125995,
  "F1": 0.3112833971791349,
  "AAE": 1.5395913610894885,
  "timePerImage": 0.0020689840449227225
}