{
  "AUC": 0.5394450748245381,
  "AR": 0.4249694444444445,
  "AP": 0.3148189157336686,
  "F1": 0.3616937678979657,
  "AAE": 1.2706654911648965,
  "timePerImage": 0.1683628245194753
}