{
  "AUC": 0.5703161297086832,
  "AR": 0.3528944444444444,
  "AP": 0.25390692874956333,
  "F1": 0.29532676925246326,
  "timePerImage": 0.03171055230829451,
  "AAE": 0.7156365523222431
}