{
  "AUC": 0.4123950981415745,
  "AR": 0.29855833333333326,
  "AP": 0.19157104526781452,
  "F1": 0.2333878950628131,
  "AAE": 1.5248703993763082,
  "timePerImage": 0.009895326495170593
}