{
  "AUC": 0.715747811506552,
  "AR": 0.5509861111111113,
  "AP": 0.43373243350559776,
  "F1": 0.4853783816837298,
  "timePerImage": 0.18327537894248963,
  "AAE": 1.2852265650237678
}