{
  "AUC": 0.3400547141279916,
  "AR": 0.22391388888888894,
  "AP": 0.13720667587329005,
  "F1": 0.17015082149385974,
  "AAE": 2.126518755954654,
  "timePerImage": 0.026693721148702835
}