{
  "AUC": 0.4434580290768048,
  "AR": 0.2892666666666666,
  "AP": 0.17167808139569263,
  "F1": 0.2154737484430229,
  "timePerImage": 0.04306951536072625,
  "AAE": 2.0416610920572795
}