{
  "AUC": -1,
  "AR": 0.5024691358024691,
  "AP": 0.4291845493562232,
  "F1": 0.4629445319653531,
  "timePerImage": 0.33074077166348614
}