{
  "AUC": 0.3325130527684875,
  "AR": 0.08814444444444447,
  "AP": 0.05768742786479013,
  "F1": 0.0697354590605349,
  "timePerImage": 0.171888636747996
}