{
  "AUC": 0.48021674082295635,
  "AR": 0.2840333333333333,
  "AP": 0.19600517892305686,
  "F1": 0.2319480745760567,
  "timePerImage": 0.018886292775472005
}