{
  "AAE": 1.2536349891425755,
  "timePerImage": 0.3867903378274706
}