{
  "AUC": 0.19999632937341158,
  "AR": 0.062322222222222216,
  "AP": 0.03340782821284142,
  "F1": 0.0434983599064296,
  "timePerImage": 0.05759717411465115,
  "AAE": 0.8971752126666933
}