{
  "AUC": 0.24313431772493416,
  "AR": 0.15675555555555556,
  "AP": 0.0865291469174674,
  "F1": 0.11150659584360793,
  "timePerImage": 0.019193141990237767
}