{
  "AUC": 0.35285185392420176,
  "AR": 0.21133333333333323,
  "AP": 0.11445571867050819,
  "F1": 0.14849061622497683,
  "timePerImage": 0.022408515877193873
}