{
  "AUC": 0.5056485771525684,
  "AR": 0.24263333333333334,
  "AP": 0.1450507192709262,
  "F1": 0.18156093490401007,
  "timePerImage": 0.01945938375261095
}