{
  "AAE": 1.5871354881171478,
  "timePerImage": 0.7369689708285861
}