{
  "AUC": 0.33957389413202776,
  "AR": 0.2186111111111111,
  "AP": 0.1305611238497517,
  "F1": 0.16348443258043563,
  "timePerImage": 0.005895351568857829
}