{
  "AUC": 0.38256969972646143,
  "AR": 0.2196777777777778,
  "AP": 0.12486592007234698,
  "F1": 0.15922664099113992,
  "timePerImage": 0.016091480784946016
}