{
  "AUC": 0.05577523282922601,
  "AR": 0.038444444444444476,
  "AP": 0.018250609896187407,
  "F1": 0.024751173321598246,
  "timePerImage": 0.012793436315324572
}