{
  "AAE": 1.5908233910002423,
  "timePerImage": 0.27853286928600735
}