{
  "AAE": 1.7041006285427387,
  "timePerImage": 0.13124365329742432
}