{
  "AUC": -1,
  "AR": 0.20777777777777778,
  "AP": 0.031563685220599776,
  "F1": 0.05480230873041806,
  "timePerImage": 1.1734457939999998
}