{
  "AAE": 1.7197033938450963,
  "timePerImage": 0.06887359142303467
}