{
  "AUC": 0.3686420148659986,
  "AR": 0.1980222222222222,
  "AP": 0.11544188092168793,
  "F1": 0.14585439014132243,
  "timePerImage": 0.09371260537041558
}