{
  "AAE": 1.4802164675840634,
  "timePerImage": 0.2159160425927904
}