{
  "AUC": 0.37669934640522884,
  "AR": 0.22467777777777784,
  "AP": 0.14079391673030975,
  "F1": 0.17310924381256274,
  "AAE": 1.639131534530042,
  "timePerImage": 0.010004988776312933
}