{
  "AUC": 0.5104298949166389,
  "AR": 0.2454666666666666,
  "AP": 0.14822911658067386,
  "F1": 0.18483970973671093,
  "timePerImage": 0.17166799757215712,
  "AAE": 0.7590976405797535
}