{
  "AUC": 0.0778742035009707,
  "AR": 0.03456666666666666,
  "AP": 0.015443350439903246,
  "F1": 0.021348728825070763,
  "AAE": 1.7241503024109581,
  "timePerImage": 0.015464294751485188
}