{
  "AUC": 0.4295974702380952,
  "AR": 0.2103111111111111,
  "AP": 0.11530390464791367,
  "F1": 0.14894701489994308,
  "AAE": 2.055709187720591,
  "timePerImage": 0.025451826519436307
}