{
  "AUC": 0.2834844231821347,
  "AR": 0.10202222222222221,
  "AP": 0.03749210186513001,
  "F1": 0.05483347424121946,
  "timePerImage": 0.029490241739484998,
  "AAE": 1.0572710447857123
}