{
  "AUC": 0.42878221750746504,
  "AR": 0.25508888888888887,
  "AP": 0.17444415492312607,
  "F1": 0.20719600642401936,
  "AAE": 1.5853318537860313,
  "timePerImage": 0.0017599460813734267
}