{
  "AAE": 1.030135359791288,
  "timePerImage": 0.010925582779778375,
  "AUC": 0.48956615972021694,
  "AR": 0.2885555555555556,
  "AP": 0.1988983848078403,
  "F1": 0.23548166985599706
}