{
  "AUC": 0.40968580369613444,
  "AR": 0.25505555555555565,
  "AP": 0.11009858993613408,
  "F1": 0.15380494713667747,
  "timePerImage": 0.039743999110327825,
  "AAE": 2.180445687813472
}