{
  "AUC": 0.48956615972021694,
  "AR": 0.2885555555555556,
  "AP": 0.1988983848078403,
  "F1": 0.23548166985599706,
  "AAE": 0.6105384287998841,
  "timePerImage": 0.1544862484931946
}