{
  "AUC": -1,
  "AR": 0.2839506172839506,
  "AP": 0.011976827442556792,
  "F1": 0.022984198363625006,
  "timePerImage": 0.3391552209854126
}