{
  "AUC": 0.07369110294015237,
  "AR": 0.012366666666666666,
  "AP": 0.008069051383035555,
  "F1": 0.009765966483537428,
  "timePerImage": 0.1602452274163564
}