{
  "AUC": 0.3250767945304265,
  "AR": 0.25070000000000003,
  "AP": 0.16227176670396568,
  "F1": 0.19701846563204067,
  "timePerImage": 0.011175210078557332
}