{
  "AUC": 0.08801474079660354,
  "AR": 0.018249999999999992,
  "AP": 0.009943864891982086,
  "F1": 0.012873405967855224,
  "timePerImage": 0.047933821280797324
}