{
  "AUC": 0.007827469135802468,
  "AR": 0.0,
  "AP": 6.16827041697508e-06,
  "F1": 0.0,
  "timePerImage": 0.015976711908976236
}