{
  "AUC": 0.06560614634418967,
  "AR": 0.007166666666666666,
  "AP": 0.008683959211818028,
  "F1": 0.007852691937232047,
  "timePerImage": 0.018336154222488403
}