{
  "AUC": 0.4746024938281937,
  "AR": 0.3153666666666666,
  "AP": 0.19650701377745916,
  "F1": 0.2421369344790238,
  "timePerImage": 0.01943307081858317
}