{
  "AUC": 0.3277431292573632,
  "AR": 0.1638833333333333,
  "AP": 0.08367673302323131,
  "F1": 0.11078702742419844,
  "timePerImage": 0.004804428815841675
}