{
  "AUC": 0.4204078673344692,
  "AR": 0.3773000000000001,
  "AP": 0.2606124973785768,
  "F1": 0.30828395952425575,
  "timePerImage": 0.01576371510823568
}