{
  "AUC": 0.09820946180194422,
  "AR": 0.028950000000000014,
  "AP": 0.009612604448296294,
  "F1": 0.014432889207537561,
  "timePerImage": 0.012210239171981812
}