{
  "AUC": -1,
  "AR": 0.53,
  "AP": 0.025129579332422453,
  "F1": 0.04798402946641911,
  "timePerImage": 2.2822071763333325
}