{
  "AUC": 0.1107858574889316,
  "AR": 0.02155000000000002,
  "AP": 0.010465234488164762,
  "F1": 0.014088655405808257,
  "timePerImage": 0.08031517545382182
}