{
  "AUC": -1,
  "AR": 0.4462962962962963,
  "AP": 0.9364678453468038,
  "F1": 0.6045024142471938,
  "timePerImage": 0.33496431952617206
}