{
    "AUC": 0.5827627835527357,
    "AR": 0.48825301204819277,
    "AP": 0.3783842663929457,
    "F1": 0.4263542830982649
}