{
    "AUC": 0.5626297701972438,
    "AR": 0.4302208835341365,
    "AP": 0.3152199197167076,
    "F1": 0.36384966257997214
}