{
    "AUC": 0.9775417167844017,
    "AR": 0.9670682730923698,
    "AP": 0.9588065988528575,
    "F1": 0.9629197153869634
}