{
    "AUC": 0.9930047920567071,
    "AR": 0.9851405622489953,
    "AP": 0.9838639568411383,
    "F1": 0.9845018457010782
}