{
    "AUC": 0.9626120501255624,
    "AR": 0.9588955823293176,
    "AP": 0.9434671022801789,
    "F1": 0.9511187785258873
}