{
    "AUC": 0.986318479083049,
    "AR": 0.9646586345381533,
    "AP": 0.960428423692789,
    "F1": 0.9625388813558491
}