{
    "AUC": 0.9427423328197267,
    "AR": 0.8743574297188753,
    "AP": 0.8554687305066283,
    "F1": 0.86480995328818
}