{
    "AUC": 0.9949451347906838,
    "AR": 0.9834738955823285,
    "AP": 0.9816970063957737,
    "F1": 0.9825846476657427
}