{
    "AUC": 0.8808006482849315,
    "AR": 0.8736345381526109,
    "AP": 0.8225162999387091,
    "F1": 0.8473051236746911
}