{
    "AUC": 0.9921919305735692,
    "AR": 0.980140562248995,
    "AP": 0.9800858812187658,
    "F1": 0.9801132209712097
}