{
    "AUC": 0.32090156874145376,
    "AR": 0.31775100401606415,
    "AP": 0.20951570454122184,
    "F1": 0.2525242894901006
}