{
    "AUC": 0.9700055209752535,
    "AR": 0.9689759036144584,
    "AP": 0.9571265456284465,
    "F1": 0.963014776070978
}