{
    "AUC": 0.9539137041419954,
    "AR": 0.9096184738955823,
    "AP": 0.8968898599083546,
    "F1": 0.9032093241489614
}