{
    "AUC": 0.780872931816853,
    "AR": 0.7859437751004018,
    "AP": 0.7070354296873476,
    "F1": 0.7444043332367898
}