{
    "AUC": 0.9717159244031087,
    "AR": 0.9606024096385545,
    "AP": 0.9500399022584682,
    "F1": 0.9552919598605102
}