{
    "AUC": 0.9948361511758743,
    "AR": 0.9827911646586336,
    "AP": 0.9817326469104534,
    "F1": 0.9822616206111553
}