{
    "AUC": 0.7833192078659466,
    "AR": 0.7890562248995987,
    "AP": 0.7103212332163128,
    "F1": 0.7476214714498692
}