{
    "AUC": 0.969567883209566,
    "AR": 0.939457831325301,
    "AP": 0.9268229745584413,
    "F1": 0.9330976334923287
}