{
    "AUC": 0.9749754085713183,
    "AR": 0.9678714859437757,
    "AP": 0.9581897350534672,
    "F1": 0.9630062768223914
}