{
    "AUC": 0.969936536493429,
    "AR": 0.9422891566265051,
    "AP": 0.9319704439233472,
    "F1": 0.9371013955032982
}