{
    "AUC": 0.9715779367597903,
    "AR": 0.9596184738955826,
    "AP": 0.9471542487152514,
    "F1": 0.9533456231231724
}