{
    "AUC": 0.9580416783908459,
    "AR": 0.9123493975903615,
    "AP": 0.8989660115448941,
    "F1": 0.9056082612125008
}