{
    "AUC": 0.9926699584632491,
    "AR": 0.9806224899598384,
    "AP": 0.9785485691956314,
    "F1": 0.9795844318820242
}