{
    "AUC": 0.7829682559460861,
    "AR": 0.7836546184738963,
    "AP": 0.7061140940980833,
    "F1": 0.7428664145512301
}