{
    "AUC": 0.7828698808649915,
    "AR": 0.7882730923694782,
    "AP": 0.7096306991560893,
    "F1": 0.746887468779783
}