{
    "AUC": 0.9695502952561034,
    "AR": 0.939457831325301,
    "AP": 0.926820541833648,
    "F1": 0.9330964006028505
}