{
    "AUC": 0.9631713969353612,
    "AR": 0.9642771084337357,
    "AP": 0.9501472628410707,
    "F1": 0.9571600413637854
}