{
    "AUC": 0.9722189535288815,
    "AR": 0.9656626506024102,
    "AP": 0.9540615561549556,
    "F1": 0.9598270500642784
}