{
    "AUC": 0.9652171338918325,
    "AR": 0.9648192771084345,
    "AP": 0.9519573347081471,
    "F1": 0.958345152845673
}