{
    "AUC": 0.7153511553137758,
    "AR": 0.709036144578313,
    "AP": 0.6091581826368497,
    "F1": 0.6553133484766761
}