{
    "AUC": 0.9902704920401029,
    "AR": 0.9779919678714861,
    "AP": 0.9744229306781719,
    "F1": 0.9762041871540328
}