{
    "AUC": 0.6196149182675383,
    "AR": 0.6109638554216867,
    "AP": 0.49685166790720026,
    "F1": 0.5480306137706261
}