{
    "AUC": 0.05826794607464733,
    "AR": 0.058333333333333404,
    "AP": 0.031035344894181135,
    "F1": 0.040515204090147465
}