{
    "AUC": 0.023834835138874827,
    "AR": 0.028232931726907638,
    "AP": 0.013615241677381349,
    "F1": 0.0183710856389951
}