{
    "AUC": 0.0229553133167591,
    "AR": 0.028112449799196762,
    "AP": 0.014584684106588919,
    "F1": 0.01920556076144798
}