{
    "AUC": 0.4899877622335403,
    "AR": 0.42112449799196794,
    "AP": 0.3057792364533596,
    "F1": 0.3543003601324146
}