{
    "AUC": 0.0231896288582048,
    "AR": 0.028112449799196762,
    "AP": 0.014576576493191495,
    "F1": 0.019198529950169636
}