{
    "AUC": 0.9883678231444295,
    "AR": 0.9821887550200794,
    "AP": 0.976884385774872,
    "F1": 0.9795293893656645
}