{
    "AUC": 0.9709426599427903,
    "AR": 0.9659437751004023,
    "AP": 0.9539611778761777,
    "F1": 0.9599150833256713
}