{
    "AUC": 0.9711000604941332,
    "AR": 0.9672690763052213,
    "AP": 0.9561099918981584,
    "F1": 0.9616571626448974
}