{
    "AUC": 0.9838293814527517,
    "AR": 0.9779116465863442,
    "AP": 0.9720334431551897,
    "F1": 0.9749636848070247
}