{
    "AUC": 0.9710898869905468,
    "AR": 0.9667269076305228,
    "AP": 0.9550352895725157,
    "F1": 0.9608455338648902
}