{
    "AUC": 0.9475075215861556,
    "AR": 0.8983734939759036,
    "AP": 0.8770346916670938,
    "F1": 0.8875758562594347
}