{
    "AUC": 0.957697574751302,
    "AR": 0.9504016064257024,
    "AP": 0.9326326526325626,
    "F1": 0.9414332925735955
}