{
    "AUC": 0.02366760912572064,
    "AR": 0.027168674698795203,
    "AP": 0.013569258814688403,
    "F1": 0.018099041696261222
}