{
    "AUC": 0.9873233125622588,
    "AR": 0.9766265060240976,
    "AP": 0.9711612173770693,
    "F1": 0.9738861941863989
}