{
    "AUC": 0.963089705614093,
    "AR": 0.9643975903614466,
    "AP": 0.9501404900748532,
    "F1": 0.9572159556358534
}