{
    "AUC": 0.7000196053463981,
    "AR": 0.6882931726907634,
    "AP": 0.5856181948253937,
    "F1": 0.632817973965831
}