{
    "AUC": 0.023720733273228968,
    "AR": 0.027429718875502034,
    "AP": 0.013611493146644527,
    "F1": 0.018194366691062176
}