{
    "AUC": 0.4824236748337788,
    "AR": 0.41419678714859426,
    "AP": 0.2999318649751864,
    "F1": 0.34792278524815484
}