{
    "AUC": 0.9625482520800502,
    "AR": 0.9618674698795187,
    "AP": 0.9473032991960675,
    "F1": 0.9545298329152948
}