{
    "AUC": 0.8538130919657594,
    "AR": 0.8553615960099745,
    "AP": 0.7935025279693534
}