{
    "AUC": 0.17028102339342024,
    "AR": 0.17206982543640903,
    "AP": 0.10083892513106262
}