{
    "AUC": 0.0031062158894751327,
    "AR": 0.0,
    "AP": 8.899154558069098e-08
}