{
    "AUC": 0.21725548112153745,
    "AR": 0.21945137157107208,
    "AP": 0.1338051380277486
}