{
    "AUC": 0.00824773931812116,
    "AR": 0.007481296758104738,
    "AP": 0.0037594755503307024
}