{
    "AUC": 0.0020196724850370944,
    "AR": 0.0,
    "AP": 2.6486216661136935e-07
}