{
    "AUC": 0.9633151536216048,
    "AR": 0.8959351620947631,
    "AP": 0.8694511822740879
}