{
    "AUC": 0.8227101432319854,
    "AR": 0.819800498753118,
    "AP": 0.7496082010739848
}