{
    "AUC": 0.386596134756928,
    "AR": 0.2154114713216958,
    "AP": 0.10483130140568254
}