{
    "AUC": 0.44359105996293124,
    "AR": 0.29139650872817957,
    "AP": 0.16362162620664708
}