{
    "AUC": 0.7680599715337251,
    "AR": 0.6621945137157106,
    "AP": 0.5526074777024491
}