{
    "AUC": 0.9747203046961772,
    "AR": 0.9676305220883539,
    "AP": 0.9580150429188284,
    "F1": 0.9627987756351053
}