{
    "AUC": 0.9169613906445455,
    "AR": 0.9168473895582333,
    "AP": 0.8794874535423974,
    "F1": 0.8977789180303652
}