{
    "AUC": 0.6222732560713954,
    "AR": 0.5634538152610442,
    "AP": 0.4516331036156832,
    "F1": 0.5013844442248137
}