{
    "AUC": 0.9623848778572939,
    "AR": 0.9595983935742974,
    "AP": 0.9442935596453959,
    "F1": 0.9518844610545141
}