{
    "AUC": 0.9709748655853022,
    "AR": 0.9668273092369482,
    "AP": 0.953988167724447,
    "F1": 0.9603648286966097
}