{
    "AUC": 0.02259197561951988,
    "AR": 0.02463855421686746,
    "AP": 0.012499966929053663,
    "F1": 0.01658553455483319
}