{
    "AUC": 0.9804006254366713,
    "AR": 0.9697590361445789,
    "AP": 0.9620596279943505,
    "F1": 0.9658939887851895
}