{
    "AUC": 0.9693898181149034,
    "AR": 0.944136546184738,
    "AP": 0.9317995983780114,
    "F1": 0.9379275057936435
}