{
    "AUC": 0.5246862424511666,
    "AR": 0.4854216867469881,
    "AP": 0.3690264841465987,
    "F1": 0.4192962533968884
}