{
    "AUC": 0.9759575902554809,
    "AR": 0.9719076305220892,
    "AP": 0.9630522820709817,
    "F1": 0.9674596930353483
}