{
    "AUC": 0.978650288836405,
    "AR": 0.9724899598393582,
    "AP": 0.9640125683723291,
    "F1": 0.9682327084455647
}