{
    "AUC": 0.6753902553686483,
    "AR": 0.659779116465864,
    "AP": 0.5547196113856421,
    "F1": 0.6027053082776969
}