{
    "AUC": 0.02383217078841682,
    "AR": 0.02849397590361443,
    "AP": 0.014628523295243381,
    "F1": 0.01933212582869815
}