{
    "AUC": 0.9764696618855092,
    "AR": 0.9718473895582336,
    "AP": 0.9627931744087503,
    "F1": 0.9672990948923341
}