{
    "AUC": 0.9427476515805435,
    "AR": 0.8744779116465862,
    "AP": 0.8554590591778828,
    "F1": 0.8648639391902256
}