{
    "AUC": 0.9739961392359849,
    "AR": 0.9461244979919672,
    "AP": 0.9353295003722925,
    "F1": 0.9406960305871733
}