{
    "AUC": 0.9845575450057763,
    "AR": 0.9742369477911657,
    "AP": 0.9688071440609428,
    "F1": 0.9715144591788795
}