{
    "AUC": 0.5657032330907834,
    "AR": 0.4381526104417671,
    "AP": 0.3264178919113688,
    "F1": 0.37412076713837716
}