{
    "AUC": 0.9823722266522608,
    "AR": 0.9684538152610446,
    "AP": 0.9637129651680715,
    "F1": 0.9660775740345492
}