{
    "AUC": 0.9745533180255675,
    "AR": 0.9410642570281118,
    "AP": 0.9365072124243273,
    "F1": 0.9387802045357956
}