{
    "AUC": 0.0238425854230977,
    "AR": 0.027469879518072313,
    "AP": 0.013632982230741015,
    "F1": 0.01822239928884214
}