{
    "AUC": 0.9751051406504173,
    "AR": 0.9729518072289165,
    "AP": 0.9630995198177383,
    "F1": 0.9680005950848318
}