{
    "AUC": 0.9433956272115006,
    "AR": 0.878112449799197,
    "AP": 0.8576259099412198,
    "F1": 0.867748280797777
}