{
    "AUC": 0.9836789558829896,
    "AR": 0.9759036144578326,
    "AP": 0.9699261964885736,
    "F1": 0.9729057244221732
}