{
    "AUC": 0.988507949373647,
    "AR": 0.9836345381526097,
    "AP": 0.978932968555057,
    "F1": 0.981278121762409
}