{
    "AUC": 0.9909885732849334,
    "AR": 0.9842971887550193,
    "AP": 0.980924158247581,
    "F1": 0.9826077788312363
}