{
    "AUC": 0.7528033033259446,
    "AR": 0.7256425702811244,
    "AP": 0.6387608220544987,
    "F1": 0.6794354914598354
}