{
    "AUC": 0.9594612188170398,
    "AR": 0.9261646586345386,
    "AP": 0.9097192657784072,
    "F1": 0.9178683053312762
}