{
    "AUC": 0.9650798453865612,
    "AR": 0.9286345381526109,
    "AP": 0.91525793628762,
    "F1": 0.9218977166366391
}