{
    "AUC": 0.9737216724039015,
    "AR": 0.9699598393574304,
    "AP": 0.9590672511180401,
    "F1": 0.9644827917871646
}