{
    "AUC": 0.9709415589277317,
    "AR": 0.9659437751004023,
    "AP": 0.9539612180072783,
    "F1": 0.9599151036424708
}