{
    "AUC": 0.023389247927818258,
    "AR": 0.028112449799196762,
    "AP": 0.014602637473594544,
    "F1": 0.019221120176607334
}