{
    "AUC": 0.971438081249668,
    "AR": 0.9699598393574304,
    "AP": 0.9589597248068056,
    "F1": 0.9644284167202919
}