{
    "AUC": 0.9623702865151883,
    "AR": 0.9595983935742974,
    "AP": 0.9442941394300856,
    "F1": 0.9518847556262228
}