{
    "AUC": 0.6442826818133353,
    "AR": 0.5990963855421689,
    "AP": 0.491199688762133,
    "F1": 0.5398092592502534
}