{
    "AUC": 0.6014880564290892,
    "AR": 0.5621887550200803,
    "AP": 0.4510052583825951,
    "F1": 0.500496610448984
}