{
    "AUC": 0.4824243545193668,
    "AR": 0.41423694779116454,
    "AP": 0.2999344682154079,
    "F1": 0.347938704535812
}