{
    "AUC": 0.9907685739970915,
    "AR": 0.9769477911646599,
    "AP": 0.9747510240645422,
    "F1": 0.9758481713107066
}