{
    "AUC": 0.6309187717394804,
    "AR": 0.6300200803212846,
    "AP": 0.5184001220366907,
    "F1": 0.5687856863777357
}