{
    "AUC": 0.5626540809628083,
    "AR": 0.4301807228915662,
    "AP": 0.31519805596562595,
    "F1": 0.3638207349482042
}