{
    "AUC": 0.6424975826544366,
    "AR": 0.6401004016064258,
    "AP": 0.5283613755813054,
    "F1": 0.5788881336228415
}