{
    "AUC": 0.38319202905478184,
    "AR": 0.39323293172690754,
    "AP": 0.2735259954946314,
    "F1": 0.3226336377979589
}