{
    "AUC": 0.8785521900296294,
    "AR": 0.8750803212851413,
    "AP": 0.8267796909550303,
    "F1": 0.8502445940199405
}