{
    "AUC": 0.9623624056402905,
    "AR": 0.9606425702811249,
    "AP": 0.9462128013789468,
    "F1": 0.9533730885507495
}