{
    "AUC": 0.9926851590680821,
    "AR": 0.9810642570281116,
    "AP": 0.97892358239571,
    "F1": 0.9799927507026472
}