{
    "AUC": 0.9623516128328659,
    "AR": 0.9602811244979923,
    "AP": 0.9443390451098942,
    "F1": 0.9522433654918012
}