{
    "AUC": 0.9675851880262382,
    "AR": 0.9576104417670686,
    "AP": 0.9429117914192967,
    "F1": 0.9502042768682182
}