{
    "AUC": 0.9715908072223961,
    "AR": 0.9596184738955826,
    "AP": 0.9471527932024602,
    "F1": 0.9533448858206954
}