{
    "AUC": 0.7808408155630379,
    "AR": 0.7859437751004018,
    "AP": 0.7070360369551284,
    "F1": 0.7444046698146142
}