{
    "AUC": 0.1547859568211388,
    "AR": 0.1497590361445783,
    "AP": 0.0859678677298614,
    "F1": 0.10923203757417731
}