{
    "AUC": 0.7546394259821724,
    "AR": 0.7547389558232929,
    "AP": 0.6679818900607969,
    "F1": 0.7087152137706557
}