{
    "AUC": 0.4770448362661251,
    "AR": 0.42423694779116466,
    "AP": 0.30832887476456466,
    "F1": 0.3571133042752682
}