{
    "AUC": 0.9801978266801064,
    "AR": 0.9757630522088365,
    "AP": 0.9670931861229838,
    "F1": 0.9714087748169913
}