{
    "AUC": 0.9539198083431674,
    "AR": 0.9096184738955823,
    "AP": 0.8969158938045491,
    "F1": 0.903222524987258
}