{
    "AUC": 0.6466102625906878,
    "AR": 0.6465863453815267,
    "AP": 0.5339239654222795,
    "F1": 0.5848791702275596
}