{
    "AUC": 0.9707791229972295,
    "AR": 0.9509638554216862,
    "AP": 0.9414731478178281,
    "F1": 0.9461947033293338
}