{
    "AUC": 0.973197589515577,
    "AR": 0.9668875502008036,
    "AP": 0.9562472572391963,
    "F1": 0.9615379684890764
}