{
    "AUC": 0.9631956068658668,
    "AR": 0.9642771084337357,
    "AP": 0.9501469492017595,
    "F1": 0.9571598822206745
}