{
    "AUC": 0.021676928903039395,
    "AR": 0.022088353413654605,
    "AP": 0.01143359321912762,
    "F1": 0.015067695833933425
}