{
  "AUC": 0.4299509136420526,
  "AR": 0.23176999999999992,
  "AP": 0.14866429679646515,
  "F1": 0.18113994641734874,
  "timePerImage": 0.1700168879032135,
  "AAE": 0.6506379251847418
}