{
  "AUC": 0.4340785041106878,
  "AR": 0.22745000000000004,
  "AP": 0.13780468547464408,
  "F1": 0.1716264127890766,
  "timePerImage": 0.041392451047897336
}