{
  "AAE": 1.28106118204067,
  "timePerImage": 0.3681950225830078
}