{
  "AUC": 0.5614271796939984,
  "AR": 0.41709,
  "AP": 0.3075892487344364,
  "F1": 0.354066712904207,
  "timePerImage": 0.05699168968200684
}