{
  "AUC": 0.4905253448667188,
  "AR": 0.18139000000000002,
  "AP": 0.11845584388474517,
  "F1": 0.1433183481476768,
  "timePerImage": 0.01905770421028137
}