{
  "AUC": 0.6134336443883986,
  "AR": 0.21431999999999998,
  "AP": 0.1391040871957738,
  "F1": 0.16870829718679534,
  "timePerImage": 0.022126984834671022
}