{
  "AAE": 1.5615284226991326,
  "timePerImage": 0.7148104753494263
}