{
  "AUC": 0.5420149399155569,
  "AR": 0.22928,
  "AP": 0.13629591870605498,
  "F1": 0.1709627283521982,
  "timePerImage": 0.00588025164604187
}