{
  "AUC": 0.6761422609349541,
  "AR": 0.5176599999999999,
  "AP": 0.38099406403768266,
  "F1": 0.43893505873351657,
  "timePerImage": 0.016325433492660524
}