{
  "AUC": 0.03997084775508214,
  "AR": 0.020580000000000008,
  "AP": 0.010343006362139768,
  "F1": 0.013767036001612576,
  "timePerImage": 0.012692472696304321
}