{
  "AAE": 1.6263297786366573,
  "timePerImage": 0.2747369403839111
}