{
  "AAE": 1.7911557807847396,
  "timePerImage": 0.1265067389011383
}