{
  "AUC": -1,
  "AR": 0.333,
  "AP": 0.03208512868738101,
  "F1": 0.05853072071882054,
  "timePerImage": 1.2897207104999995
}