{
  "AAE": 1.8059515160576947,
  "timePerImage": 0.06605752038955688
}