{
  "AUC": 0.5997587307972745,
  "AR": 0.47575,
  "AP": 0.3636435610163956,
  "F1": 0.41221051051205526,
  "timePerImage": 0.09216779685020447,
  "AAE": 0.7305167167402172
}