{
  "AAE": 1.5982972571474232,
  "timePerImage": 0.214003413438797
}