{
  "AUC": 0.33751658856842154,
  "AR": 0.15410000000000001,
  "AP": 0.08160958858753045,
  "F1": 0.10670789997724975,
  "AAE": 1.565441819472199,
  "timePerImage": 0.0018949813842773437
}