{
  "AUC": 0.44858616446955424,
  "AR": 0.2379000000000001,
  "AP": 0.14512886923979457,
  "F1": 0.18027966435361348,
  "AAE": 0.5351821803231214,
  "timePerImage": 0.15820805716514588
}