{
  "AUC": 0.46519161246407503,
  "AR": 0.22104000000000007,
  "AP": 0.11935440538205248,
  "F1": 0.1550089974953501,
  "timePerImage": 0.17876310348510743,
  "AAE": 0.6381737632669006
}