{
  "AAE": 1.0481427859938004,
  "timePerImage": 0.010161103010177612,
  "AUC": 0.44858616446955424,
  "AR": 0.2379000000000001,
  "AP": 0.14512886923979457,
  "F1": 0.18027966435361348
}