{
  "AUC": 0.06780873450562123,
  "AR": 0.028099999999999993,
  "AP": 0.013060449357777582,
  "F1": 0.01783258602273752,
  "AAE": 1.3646645210379775,
  "timePerImage": 0.01579338335990906
}