{
  "AUC": 0.7763790096230955,
  "AR": 0.5340499999999999,
  "AP": 0.3805181565330893,
  "F1": 0.4443971070824046,
  "timePerImage": 0.04212914490699768,
  "AAE": 1.7748464222365408
}