{
  "AUC": 0.7436354395257914,
  "AR": 0.55988,
  "AP": 0.42875880331495936,
  "F1": 0.4856242299919185,
  "AAE": 1.6660226658610757,
  "timePerImage": 0.025719584703445434
}