{
  "AUC": 0.2611413502109704,
  "AR": 0.06956,
  "AP": 0.02848984100298907,
  "F1": 0.040423387124258685,
  "AAE": 1.5665990913588785,
  "timePerImage": 0.010132403135299683
}