{
  "AAE": 0.9188860389597601,
  "timePerImage": 0.019460046768188476,
  "AUC": 0.4504031465093411,
  "AR": 0.21434,
  "AP": 0.11124250995175679,
  "F1": 0.14646806173091173
}