{
  "AUC": 0.2174727903992755,
  "AR": 0.033220000000000006,
  "AP": 0.014378418549787766,
  "F1": 0.020070039248229577,
  "timePerImage": 0.031035433769226073,
  "AAE": 1.0588338225521108
}