{
  "AUC": -1,
  "AR": 0.6066666666666667,
  "AP": 0.019380525978956155,
  "F1": 0.03756112712274543,
  "timePerImage": 0.34454847727671706
}