{
    "AUC": 0.34776216108452956,
    "AR": 0.33333333333333326,
    "AP": 0.22305289512926743,
    "F1": 0.26726385823220233
}