{
    "AUC": 0.11126571840857556,
    "AR": 0.09090909090909091,
    "AP": 0.051816521110524975,
    "F1": 0.06600907519782967
}