{
    "AUC": 0.6125350420504605,
    "AR": 0.6360606060606059,
    "AP": 0.5052260573650947,
    "F1": 0.5631440417969508
}