{
    "AUC": 0.474111619795073,
    "AR": 0.43060606060606027,
    "AP": 0.31097530190023615,
    "F1": 0.3611413567473631
}