{
    "AUC": 0.6575735821966977,
    "AR": 0.6493939393939392,
    "AP": 0.5375813713134286,
    "F1": 0.5882213072384446
}