{
    "AUC": 0.7181622958287238,
    "AR": 0.7154545454545455,
    "AP": 0.612007392488676,
    "F1": 0.6597002268648635
}