{
    "AUC": 0.1187756966651439,
    "AR": 0.08727272727272745,
    "AP": 0.03622746611597383,
    "F1": 0.05120104970476284
}