{
    "AUC": 0.13751056380538454,
    "AR": 0.1212121212121212,
    "AP": 0.07040699199790108,
    "F1": 0.0890744217031902
}