{
    "AUC": 0.14282828282828283,
    "AR": 0.1209090909090909,
    "AP": 0.05511614784254709,
    "F1": 0.0757169071584788
}