{
    "AUC": 0.2897324306898775,
    "AR": 0.2857575757575757,
    "AP": 0.18189341852443455,
    "F1": 0.22229150780958795
}