{
    "AUC": 0.23009506833036242,
    "AR": 0.18454545454545454,
    "AP": 0.1177646730765124,
    "F1": 0.14377907411344454
}