{
    "AUC": 0.08512396694214877,
    "AR": 0.06212121212121211,
    "AP": 0.03415475066192769,
    "F1": 0.04407610060666744
}