{
    "AUC": 0.09480036092939317,
    "AR": 0.0606060606060606,
    "AP": 0.032918559307791556,
    "F1": 0.04266393602689683
}