{
    "AUC": 0.5313921051625969,
    "AR": 0.4839393939393939,
    "AP": 0.35856327743455113,
    "F1": 0.41192248064358067
}