{
    "AUC": 0.5971158670942689,
    "AR": 0.5942424242424242,
    "AP": 0.4698138220865493,
    "F1": 0.524752907644687
}