{
    "AUC": 0.1571921423238331,
    "AR": 0.06939393939393942,
    "AP": 0.034602516985794286,
    "F1": 0.04617859204398628
}