{
    "AUC": 0.5544758923525064,
    "AR": 0.49727272727272726,
    "AP": 0.3785472822828224,
    "F1": 0.4298628426130259
}