{
    "AUC": 0.5180627233028979,
    "AR": 0.5178787878787878,
    "AP": 0.40440483981153835,
    "F1": 0.454161132141957
}