{
    "AUC": 0.38530781957506094,
    "AR": 0.3851515151515148,
    "AP": 0.25890918350811404,
    "F1": 0.30965797019541796
}