{
    "AUC": 0.17045454545454547,
    "AR": 0.15484848484848482,
    "AP": 0.09167584287201513,
    "F1": 0.11516806878414086
}