{
    "AUC": 0.4861055974593092,
    "AR": 0.4848484848484848,
    "AP": 0.3717254087232945,
    "F1": 0.42081717071165936
}