{
    "AUC": 0.2509369311489453,
    "AR": 0.23181818181818173,
    "AP": 0.1384210941504286,
    "F1": 0.17333939673086568
}