{
    "AUC": 0.08319355920831936,
    "AR": 0.0606060606060606,
    "AP": 0.034209829664375115,
    "F1": 0.04373366118376479
}