{
    "AUC": 0.25782955179940104,
    "AR": 0.15151515151515152,
    "AP": 0.10275413699648885,
    "F1": 0.12245921422098059
}