{
    "AUC": 0.7038010159397442,
    "AR": 0.6363636363636361,
    "AP": 0.5626200555494283,
    "F1": 0.5972240437553927
}