{
    "AUC": 0.7103265666372462,
    "AR": 0.6854545454545453,
    "AP": 0.5878050141348014,
    "F1": 0.6328852836724368
}