{
    "AUC": 0.6463144026073087,
    "AR": 0.6060606060606061,
    "AP": 0.5100747171363256,
    "F1": 0.5539403435747898
}