{
    "AUC": 0.5158371040723982,
    "AR": 0.513939393939394,
    "AP": 0.3875439798307282,
    "F1": 0.44188084642336284
}