{
    "AUC": 0.6840151515151516,
    "AR": 0.6299999999999997,
    "AP": 0.5087512722100489,
    "F1": 0.5629206470527838
}