{
    "AUC": 0.11881231319676244,
    "AR": 0.08787878787878804,
    "AP": 0.03636544976117168,
    "F1": 0.05144305613495759
}