{
    "AUC": 0.3162810513207053,
    "AR": 0.2763636363636366,
    "AP": 0.16045247173630797,
    "F1": 0.20302927355615677
}