{
    "AUC": 0.2656493506493507,
    "AR": 0.21727272727272712,
    "AP": 0.11873826455880641,
    "F1": 0.15355799184841637
}