{
    "AUC": 0.07777588265393144,
    "AR": 0.0606060606060606,
    "AP": 0.03259705488621151,
    "F1": 0.04239298383060215
}