{
    "AUC": 0.18748248668988432,
    "AR": 0.08969696969696973,
    "AP": 0.04112384183170353,
    "F1": 0.05639292328946917
}