{
    "AUC": 0.6106283422459893,
    "AR": 0.6024242424242424,
    "AP": 0.48623017708057487,
    "F1": 0.5381264078362094
}