{
    "AUC": 0.3142292490118577,
    "AR": 0.30303030303030304,
    "AP": 0.1988523215528413,
    "F1": 0.24012897162353972
}