{
    "AUC": 0.2332302837084984,
    "AR": 0.17878787878787872,
    "AP": 0.09808788672950727,
    "F1": 0.1266772133009461
}