{
    "AUC": 0.5150162337662337,
    "AR": 0.5209090909090909,
    "AP": 0.4047921888830979,
    "F1": 0.45556798012752364
}