{
    "AUC": 0.11177519135996644,
    "AR": 0.09090909090909091,
    "AP": 0.05213842575261644,
    "F1": 0.06626968432889008
}