{
    "AUC": 0.07924034053700066,
    "AR": 0.0303030303030303,
    "AP": 0.01693014179307689,
    "F1": 0.02172348699114754
}