{
    "AUC": 0.47561161579853173,
    "AR": 0.46424242424242407,
    "AP": 0.3280895747473288,
    "F1": 0.3844678739305486
}