{
    "AUC": 0.41555760305760303,
    "AR": 0.38151515151515114,
    "AP": 0.2649411247422611,
    "F1": 0.31271737025688545
}