{
    "AUC": 0.19677405330203027,
    "AR": 0.08393939393939406,
    "AP": 0.038571433992984835,
    "F1": 0.052855128765133326
}