{
    "AUC": 0.7510821111895054,
    "AR": 0.7444176706827309,
    "AP": 0.6575772239533132,
    "F1": 0.6983079713373971
}