{
    "AUC": 0.7148540547523891,
    "AR": 0.7069879518072295,
    "AP": 0.613497668926565,
    "F1": 0.6569332578599
}