{
    "AUC": 0.5613197006022717,
    "AR": 0.5763052208835342,
    "AP": 0.4562260417906925,
    "F1": 0.5092832716871664
}