{
    "AUC": 0.3941293392086119,
    "AR": 0.35421686746987974,
    "AP": 0.24206438471554018,
    "F1": 0.2875934393902416
}