{
    "AUC": 0.8296385410364794,
    "AR": 0.8074096385542163,
    "AP": 0.7398955325970873,
    "F1": 0.7721796523145942
}