{
    "AUC": 0.2704778877282816,
    "AR": 0.1525903614457832,
    "AP": 0.08644754051209905,
    "F1": 0.11036794872107272
}