{
    "AUC": 0.7422489053278578,
    "AR": 0.5868674698795181,
    "AP": 0.4966471015111666,
    "F1": 0.5380011226111332
}