{
    "AUC": 0.7612519288349329,
    "AR": 0.6810642570281125,
    "AP": 0.5956072694907004,
    "F1": 0.6354756318288565
}