{
    "AUC": 0.830057607199051,
    "AR": 0.713413654618474,
    "AP": 0.6247338598130351,
    "F1": 0.6661353270643986
}