{
    "AUC": 0.3135578107172119,
    "AR": 0.17337349397590368,
    "AP": 0.10257533813186456,
    "F1": 0.12889233581344425
}