{
    "AUC": 0.3228209462895461,
    "AR": 0.2505220883534137,
    "AP": 0.15345134444947184,
    "F1": 0.1903241557514923
}