{
    "AUC": 0.694935311899773,
    "AR": 0.7036546184738962,
    "AP": 0.6038831600160767,
    "F1": 0.6499623667541807
}