{
    "AUC": 0.7927477067661042,
    "AR": 0.764196787148594,
    "AP": 0.6911888052691815,
    "F1": 0.7258616095302942
}