{
    "AUC": 0.35021816730173366,
    "AR": 0.21722891566265057,
    "AP": 0.12761499432274426,
    "F1": 0.16077805660073358
}