{
    "AUC": 0.7009802055156599,
    "AR": 0.4219277108433735,
    "AP": 0.3284381490889752,
    "F1": 0.3693589055643862
}