{
    "AUC": 0.759242739468299,
    "AR": 0.7462449799196789,
    "AP": 0.6572036602448568,
    "F1": 0.6988997220234089
}