{
    "AUC": 0.9000046460668768,
    "AR": 0.8687951807228917,
    "AP": 0.8242271954201579,
    "F1": 0.8459245728731865
}