{
    "AUC": 0.0010985379620781122,
    "AR": 0.0,
    "AP": 2.972660441915701e-06,
    "F1": 0.0
}