{
    "AUC": 0.716246528189954,
    "AR": 0.5179919678714859,
    "AP": 0.42329171146130184,
    "F1": 0.4658780586931003
}