{
    "AUC": 0.6026704038375724,
    "AR": 0.6191767068273091,
    "AP": 0.5033115386931976,
    "F1": 0.5552642217500112
}