{
    "AUC": 0.815489349271266,
    "AR": 0.7886144578313252,
    "AP": 0.7170689107031415,
    "F1": 0.7511418696113628
}