{
    "AUC": 0.8422878602684786,
    "AR": 0.8138554216867466,
    "AP": 0.7488626555768577,
    "F1": 0.7800075281744551
}