{
    "AUC": 0.3712936627413976,
    "AR": 0.2452610441767069,
    "AP": 0.15303951208350017,
    "F1": 0.18847390466294947
}