{
    "AUC": 0.0010542567410228682,
    "AR": 0.0,
    "AP": 3.1848249460968375e-06,
    "F1": 0.0
}