{
    "AUC": 0.7873551303809907,
    "AR": 0.773674698795181,
    "AP": 0.6909809036114744,
    "F1": 0.7299933740005613
}