{
    "AUC": 0.7857225496555944,
    "AR": 0.6773694779116466,
    "AP": 0.5970800948392382,
    "F1": 0.6346957004186582
}