{
    "AUC": 0.6523227580810347,
    "AR": 0.324979919678715,
    "AP": 0.24407127637963302,
    "F1": 0.278773735449988
}