{
    "AUC": 0.6950761195304336,
    "AR": 0.7036546184738962,
    "AP": 0.6038814243627852,
    "F1": 0.6499613614345987
}