{
    "AUC": 0.8914461618727673,
    "AR": 0.8631726907630519,
    "AP": 0.8164037113852389,
    "F1": 0.8391370436069279
}