{
    "AUC": 0.7722540566209861,
    "AR": 0.722128514056225,
    "AP": 0.6313902078406471,
    "F1": 0.6737178661830983
}