{
    "AUC": 0.8012156200387555,
    "AR": 0.7827108433734944,
    "AP": 0.7084808639569096,
    "F1": 0.743748307901267
}