{
    "AUC": 0.001045253941162807,
    "AR": 0.0,
    "AP": 3.3607232276385874e-06,
    "F1": 0.0
}