{
    "AUC": 0.8512766286792709,
    "AR": 0.8303413654618472,
    "AP": 0.7717513370495549,
    "F1": 0.7999750051894052
}