{
    "AUC": 0.811863959977024,
    "AR": 0.7574698795180721,
    "AP": 0.6767507245806852,
    "F1": 0.7148388307167309
}