{
    "AUC": 0.7157492554768736,
    "AR": 0.7104016064257024,
    "AP": 0.6182335376337983,
    "F1": 0.6611207000582346
}