{
    "AUC": 0.7557212040231029,
    "AR": 0.750261044176707,
    "AP": 0.6604067284881977,
    "F1": 0.7024721926706634
}