{
    "AUC": 0.7611781753789384,
    "AR": 0.6810642570281125,
    "AP": 0.5956323486673303,
    "F1": 0.6354899060549338
}