{
    "AUC": 0.7611333579245798,
    "AR": 0.74355421686747,
    "AP": 0.6597049371012925,
    "F1": 0.6991244439526736
}