{
    "AUC": 0.6119447457385963,
    "AR": 0.6278112449799192,
    "AP": 0.5123370816743773,
    "F1": 0.5642265546961539
}