{
    "AUC": 0.8141212685470546,
    "AR": 0.6665662650602411,
    "AP": 0.5902852470879225,
    "F1": 0.6261109266584144
}