{
    "AUC": 0.0010399961621228944,
    "AR": 0.0,
    "AP": 3.4208383790699424e-06,
    "F1": 0.0
}