{
    "AUC": 0.6089561024428598,
    "AR": 0.23339357429718877,
    "AP": 0.16370612234466494,
    "F1": 0.19243508545318372
}