{
    "AUC": 0.763265294728497,
    "AR": 0.6890763052208834,
    "AP": 0.603564779476178,
    "F1": 0.643492138887681
}