{
    "AUC": 0.7666509327111167,
    "AR": 0.7564257028112451,
    "AP": 0.6749954304586048,
    "F1": 0.7133943757176238
}