{
    "AUC": 0.7802279385388691,
    "AR": 0.7664056224899599,
    "AP": 0.6801586834970657,
    "F1": 0.7207110490146377
}