{
    "AUC": 0.5773633892490557,
    "AR": 0.1960843373493975,
    "AP": 0.13797373002106214,
    "F1": 0.16197475867452762
}