{
    "AUC": 0.7213205847299182,
    "AR": 0.717510040160642,
    "AP": 0.62353628733494,
    "F1": 0.6672305607858044
}