{
    "AUC": 0.3136083228520693,
    "AR": 0.18933734939759034,
    "AP": 0.11289910041397515,
    "F1": 0.1414522731131979
}