{
    "AUC": 0.8640626609946366,
    "AR": 0.8529116465863447,
    "AP": 0.7940864121358331,
    "F1": 0.8224485095411559
}