{
    "AUC": 0.789654999268402,
    "AR": 0.7682530120481925,
    "AP": 0.6902680387331146,
    "F1": 0.7271756545347632
}