{
    "AUC": 0.7167956313464174,
    "AR": 0.5181124497991968,
    "AP": 0.4234306218907462,
    "F1": 0.46601092063488075
}