{
    "AUC": 0.6027911646586345,
    "AR": 0.620020080321285,
    "AP": 0.5033828418541035,
    "F1": 0.5556465340758852
}