{
    "AUC": 0.8273845613167615,
    "AR": 0.7685542168674696,
    "AP": 0.6923509658963167,
    "F1": 0.7284651470470094
}