{
    "AUC": 0.681462625572341,
    "AR": 0.3778313253012047,
    "AP": 0.28908524087686677,
    "F1": 0.32755359583123805
}