{
    "AUC": 0.7637896985677379,
    "AR": 0.7545582329317274,
    "AP": 0.666315491534908,
    "F1": 0.70769672379767
}