{
    "AUC": 0.2043282388798023,
    "AR": 0.1353366583541148,
    "AP": 0.07764608286410593
}