{
    "AUC": 0.9781781898115153,
    "AR": 0.9669077306733173,
    "AP": 0.9536262565609697
}