{
    "AUC": 0.9807135840458934,
    "AR": 0.9485785536159593,
    "AP": 0.942251518773109
}