{
    "AUC": 0.07554340710723194,
    "AR": 0.002394014962593517,
    "AP": 0.00788712127517686
}