{
    "AUC": 0.6694104283351244,
    "AR": 0.6305236907730671,
    "AP": 0.5176740957715825
}