{
    "AUC": 0.6460063501764501,
    "AR": 0.6016708229426433,
    "AP": 0.4866372436127601
}