{
    "AUC": 0.3482908696062167,
    "AR": 0.2775561097256858,
    "AP": 0.17596372502221627
}