{
    "AUC": 0.8562738481105338,
    "AR": 0.8136408977556112,
    "AP": 0.7549491446858209
}