{
    "AUC": 0.09443738834844663,
    "AR": 0.0,
    "AP": 0.0010956372430498088
}