{
    "AUC": 0.9253664304631468,
    "AR": 0.8794264339152124,
    "AP": 0.8424037790732901
}