{
    "AUC": 0.8400323137145829,
    "AR": 0.7621945137157108,
    "AP": 0.6533070418854382
}