{
    "AUC": 0.23334484118310453,
    "AR": 0.1250124688279302,
    "AP": 0.040398635376402044
}