{
    "AUC": 0.5625260173109505,
    "AR": 0.3690024937655861,
    "AP": 0.24336374466406735
}