{
    "AUC": 0.7746142233952849,
    "AR": 0.6610224438902743,
    "AP": 0.5399316395972907
}