{
    "AUC": 0.6742666553567236,
    "AR": 0.3639558232931727,
    "AP": 0.2779192468230878,
    "F1": 0.31517138769135994
}