{
    "AUC": 0.6074722938991608,
    "AR": 0.6219076305220883,
    "AP": 0.5062487400250589,
    "F1": 0.5581494951999998
}