{
    "AUC": 0.7711005464073434,
    "AR": 0.758775100401607,
    "AP": 0.6754389223264596,
    "F1": 0.7146858529922295
}