{
    "AUC": 0.8503222636842271,
    "AR": 0.815180722891566,
    "AP": 0.7512056653713496,
    "F1": 0.7818867450920053
}