{
    "AUC": 0.7417342901996562,
    "AR": 0.7317269076305222,
    "AP": 0.645707456993972,
    "F1": 0.6860312663521676
}