{
    "AUC": 0.0011279338954696767,
    "AR": 0.0,
    "AP": 2.812369927890835e-06,
    "F1": 0.0
}