{
    "AUC": 0.9100523344723517,
    "AR": 0.8820199501246883,
    "AP": 0.8499477664056988
}