{
    "AUC": 0.7624652164352818,
    "AR": 0.7464257028112452,
    "AP": 0.6593326509313578,
    "F1": 0.700181273755322
}