{
    "AUC": 0.7524502429272106,
    "AR": 0.7490160642570285,
    "AP": 0.6587855319454061,
    "F1": 0.7010092155858968
}