{
    "AUC": 0.621098644598544,
    "AR": 0.2702008032128515,
    "AP": 0.2040134493122714,
    "F1": 0.23248815309480692
}