{
    "AUC": 0.7366678195760539,
    "AR": 0.7329317269076306,
    "AP": 0.6454760453731451,
    "F1": 0.6864294907885662
}