{
    "AUC": 0.7884996648950264,
    "AR": 0.7742168674698795,
    "AP": 0.6956785936699129,
    "F1": 0.7328495335842767
}