{
    "AUC": 0.7955848099811469,
    "AR": 0.7768072289156628,
    "AP": 0.6996951415896103,
    "F1": 0.7362375501476194
}