{
    "AUC": 0.577479152689913,
    "AR": 0.1960843373493975,
    "AP": 0.13797343365820872,
    "F1": 0.1619745544555819
}