{
    "AUC": 0.0010253418090373388,
    "AR": 0.0,
    "AP": 3.406331006809255e-06,
    "F1": 0.0
}