{
    "AUC": 0.7591668843565765,
    "AR": 0.7462449799196789,
    "AP": 0.6572087669195922,
    "F1": 0.6989026096192608
}