{
    "AUC": 0.1638475172849898,
    "AR": 0.16712851405622509,
    "AP": 0.09733994311659033,
    "F1": 0.12302624082510379
}