{
    "AUC": 0.7047439819954521,
    "AR": 0.4463052208835341,
    "AP": 0.35597537546006686,
    "F1": 0.39605511911386587
}