{
    "AUC": 0.8789050776347197,
    "AR": 0.8602208835341362,
    "AP": 0.808409246773667,
    "F1": 0.8335106790724566
}