{
    "AUC": 0.8163172561193596,
    "AR": 0.782570281124498,
    "AP": 0.7144878592864415,
    "F1": 0.7469809619395934
}