{
    "AUC": 0.0012048192771084336,
    "AR": 0.0,
    "AP": 2.579360473364234e-06,
    "F1": 0.0
}