{
    "AUC": 0.6963030012970707,
    "AR": 0.7040963855421694,
    "AP": 0.6044260197504464,
    "F1": 0.650465248608045
}