{
    "AUC": 0.6137328354849128,
    "AR": 0.2637550200803213,
    "AP": 0.1977035339941249,
    "F1": 0.22600209322442597
}