{
    "AUC": 0.7998641429073458,
    "AR": 0.562289156626506,
    "AP": 0.46938965077717243,
    "F1": 0.511656746209451
}