{
    "AUC": 0.7670079275295384,
    "AR": 0.755200803212852,
    "AP": 0.6722019676053529,
    "F1": 0.7112883290339028
}