{
    "AUC": 0.6027953172463224,
    "AR": 0.6200602409638553,
    "AP": 0.5033881771797075,
    "F1": 0.5556659111349052
}