{
    "AUC": 0.7069808908211289,
    "AR": 0.7041967871485949,
    "AP": 0.6077078185302247,
    "F1": 0.6524039804138552
}