{
    "AUC": 0.7428650525333031,
    "AR": 0.5632730923694778,
    "AP": 0.46000327548132647,
    "F1": 0.5064271503204185
}