{
    "AUC": 0.7406388981178705,
    "AR": 0.7341967871485945,
    "AP": 0.6459070390158878,
    "F1": 0.68722782134452
}