{
    "AUC": 0.2972502047141085,
    "AR": 0.23626506024096397,
    "AP": 0.1428774476809849,
    "F1": 0.17806997674010402
}