{
    "AUC": 0.7175105083364428,
    "AR": 0.4164658634538152,
    "AP": 0.3286939462228732,
    "F1": 0.36741060467323067
}