{
    "AUC": 0.8085379848218762,
    "AR": 0.7755020080321285,
    "AP": 0.7047773125121523,
    "F1": 0.7384501201674546
}