{
    "AUC": 0.8812253992244873,
    "AR": 0.8613855421686745,
    "AP": 0.8096183643755068,
    "F1": 0.8347000877928495
}