{
    "AUC": 0.6039953047061998,
    "AR": 0.6244979919678717,
    "AP": 0.5092954310825759,
    "F1": 0.5610439566208855
}