{
    "AUC": 0.6743877146524526,
    "AR": 0.3640963855421687,
    "AP": 0.2789266343436731,
    "F1": 0.3158710536179658
}