{
    "AUC": 0.6101698879687085,
    "AR": 0.6244979919678717,
    "AP": 0.5095507409495809,
    "F1": 0.5611988361560424
}