{
    "AUC": 0.7548692273358297,
    "AR": 0.5475301204819275,
    "AP": 0.4557084522194881,
    "F1": 0.49741728545485164
}