{
    "AUC": 0.649849860982391,
    "AR": 0.318293172690763,
    "AP": 0.22804065106973695,
    "F1": 0.2657122044242051
}