{
    "AUC": 0.85206255572269,
    "AR": 0.7819477911646585,
    "AP": 0.7101286190049554,
    "F1": 0.7443097435078565
}