{
    "AUC": 0.8959332833167116,
    "AR": 0.8437951807228922,
    "AP": 0.7947870572068256,
    "F1": 0.818558230460709
}