{
    "AUC": 0.0010396077301787529,
    "AR": 0.0,
    "AP": 3.3054026806815737e-06,
    "F1": 0.0
}