{
    "AUC": 0.6947525952868077,
    "AR": 0.7037751004016071,
    "AP": 0.6038876333210073,
    "F1": 0.6500163517880496
}