{
    "AUC": 0.2735568976156515,
    "AR": 0.1591164658634538,
    "AP": 0.09245407933867328,
    "F1": 0.11695301091158641
}