{
    "AUC": 0.792910691388163,
    "AR": 0.6602008032128515,
    "AP": 0.5783130775870424,
    "F1": 0.6165498251579938
}