{
    "AUC": 0.7215415421219932,
    "AR": 0.5297791164658633,
    "AP": 0.43790903694826594,
    "F1": 0.47948311006673117
}