{
    "AUC": 0.7954788812489141,
    "AR": 0.7559036144578318,
    "AP": 0.6743294882040801,
    "F1": 0.7127902389061918
}