{
    "AUC": 0.7364736238799565,
    "AR": 0.7328915662650604,
    "AP": 0.6454785843416937,
    "F1": 0.6864133127962699
}