{
    "AUC": 0.7437795510595184,
    "AR": 0.7413453815261042,
    "AP": 0.6531679435449642,
    "F1": 0.6944688582065502
}