{
    "AUC": 0.7426335383459528,
    "AR": 0.7369076305220886,
    "AP": 0.6496908431721667,
    "F1": 0.6905562769564482
}