{
    "AUC": 0.7764381147840079,
    "AR": 0.7552811244979917,
    "AP": 0.6776100884291993,
    "F1": 0.7143404955558122
}