{
    "AUC": 0.6140085013907018,
    "AR": 0.2637951807228916,
    "AP": 0.19771333289005014,
    "F1": 0.22602323832664148
}