{
    "AUC": 0.2704679076667028,
    "AR": 0.1525502008032129,
    "AP": 0.08644560655937031,
    "F1": 0.11035586594354675
}