{
    "AUC": 0.5838598556810117,
    "AR": 0.19839357429718874,
    "AP": 0.14032789423182265,
    "F1": 0.16438374946325343
}