{
    "AUC": 0.10043249922767994,
    "AR": 0.00024096385542168695,
    "AP": 0.0028055580053651967,
    "F1": 0.000443809763706972
}