{
    "AUC": 0.0026477657843268984,
    "AR": 0.00018072289156626523,
    "AP": 0.001013406625863435,
    "F1": 0.00030674357024967235
}