{
    "AUC": 0.003965320967995006,
    "AR": 0.0014658634538152605,
    "AP": 0.001007539730709991,
    "F1": 0.0011942377035453894
}