{
    "AUC": 0.035185496388242254,
    "AR": 0.0003815261044176705,
    "AP": 0.0011367829473193963,
    "F1": 0.0005713097329730145
}