{
    "AUC": 0.03355783835434747,
    "AR": 0.0015863453815261038,
    "AP": 0.0011465507942854003,
    "F1": 0.0013310608528036378
}