{
    "AUC": 0.011212504287686094,
    "AR": 0.0015863453815261038,
    "AP": 0.0010213905027504915,
    "F1": 0.0012426704073386973
}