{
    "AUC": 0.05017767895305442,
    "AR": 6.024096385542174e-05,
    "AP": 0.0013983969262255378,
    "F1": 0.00011550608860655584
}