{
    "AUC": 0.03787536586516687,
    "AR": 0.00248995983935743,
    "AP": 0.0031737214265280794,
    "F1": 0.00279056624918583
}