{
    "AUC": 0.022508926086376602,
    "AR": 0.007228915662650606,
    "AP": 0.0060753448072214545,
    "F1": 0.006602118972697554
}