{
    "AUC": 0.00258540117579133,
    "AR": 0.0006224899598393576,
    "AP": 0.0010138179773163225,
    "F1": 0.0007713603260778092
}