{
    "AUC": 0.05065327548653063,
    "AR": 0.0015863453815261038,
    "AP": 0.0013485791527797636,
    "F1": 0.0014578312223217204
}