{
    "AUC": 0.0040499668199507136,
    "AR": 0.0015863453815261038,
    "AP": 0.0010110896470328654,
    "F1": 0.001235016371338684
}