{
    "AUC": 0.009967379054436402,
    "AR": 0.004297188755020074,
    "AP": 0.0030302143717373833,
    "F1": 0.003554165888861739
}