{
    "AUC": 0.06295938280284115,
    "AR": 0.010000000000000002,
    "AP": 0.003757024469306576,
    "F1": 0.005461972503849082
}