{
    "AUC": 0.05397662034073982,
    "AR": 0.004236947791164657,
    "AP": 0.0032882818054994238,
    "F1": 0.003702818140914628
}