{
    "AUC": 0.004632044545658877,
    "AR": 0.0006224899598393576,
    "AP": 0.0010109837738109992,
    "F1": 0.0007705385593822567
}