{
    "AUC": 0.004577966874686095,
    "AR": 0.00018072289156626523,
    "AP": 0.0010106070710470592,
    "F1": 0.00030661502329093834
}