{
    "AUC": 0.08633974776862964,
    "AR": 0.005883534136546183,
    "AP": 0.006662799377960297,
    "F1": 0.006248966288017584
}