{
    "AUC": 0.0026940627679256346,
    "AR": 0.00022088353413654636,
    "AP": 0.0010130491539718544,
    "F1": 0.0003626873322018417
}