{
    "AUC": 0.03396716562427429,
    "AR": 0.006124497991967869,
    "AP": 0.006143541807380892,
    "F1": 0.006134005118710534
}