{
    "AUC": 0.030625504490586868,
    "AR": 0.002148594377510039,
    "AP": 0.0022682076363905977,
    "F1": 0.0022067813586555793
}