{
    "AUC": 0.053470695332942006,
    "AR": 0.0013855421686746988,
    "AP": 0.0013568295651044022,
    "F1": 0.001371035556558965
}