{
    "AUC": 0.057188727260430436,
    "AR": 0.0007630522088353417,
    "AP": 0.0023244466446371553,
    "F1": 0.001148939145039964
}