{
    "AUC": 0.06680033356149585,
    "AR": 0.011405622489959851,
    "AP": 0.004630879503576134,
    "F1": 0.006587229987633468
}