{
    "AUC": 0.049530010300451746,
    "AR": 0.010682730923694789,
    "AP": 0.00854091567613882,
    "F1": 0.00949250742166135
}