{
    "AUC": 0.008339773757113218,
    "AR": 0.003353413654618472,
    "AP": 0.0030238260575078577,
    "F1": 0.003180103006370139
}