{
    "AUC": 0.01993058553669196,
    "AR": 0.007530120481927705,
    "AP": 0.007075602591139105,
    "F1": 0.007295789428154605
}