{
    "AUC": 0.10396972416689906,
    "AR": 0.003473895582329318,
    "AP": 0.003020308881715201,
    "F1": 0.0032312618857478935
}