{
    "AUC": 0.011186319445288721,
    "AR": 0.0014658634538152605,
    "AP": 0.0010217504222159422,
    "F1": 0.0012041632483866037
}