{
    "AUC": 0.02075079701001043,
    "AR": 0.0026305220883534146,
    "AP": 0.002061596608513716,
    "F1": 0.002311567872138758
}