{
    "AUC": 0.011176280473718894,
    "AR": 0.0032329317269076314,
    "AP": 0.0030310895272142057,
    "F1": 0.0031287587005488344
}