{
    "AUC": 0.033080712544218745,
    "AR": 0.0013855421686746988,
    "AP": 0.0011385116068060534,
    "F1": 0.0012499383777629064
}