{
    "AUC": 0.01061376210825724,
    "AR": 0.0004016064257028116,
    "AP": 0.002026129529670501,
    "F1": 0.0006703419592405922
}