{
    "AUC": 0.03408135501952455,
    "AR": 0.0006224899598393576,
    "AP": 0.0011409664177380366,
    "F1": 0.0008055091677759805
}