{
    "AUC": 0.004417213792599293,
    "AR": 0.00026104417670682755,
    "AP": 0.0010103975271211487,
    "F1": 0.000414896553762312
}