{
    "AUC": 0.030385382757293185,
    "AR": 0.007168674698795184,
    "AP": 0.00711513046089114,
    "F1": 0.007141802221942006
}