{
    "AUC": 0.051912649386206704,
    "AR": 0.0014658634538152605,
    "AP": 0.0013644611360093296,
    "F1": 0.0014133458194993016
}