{
    "AUC": 0.008223526223344402,
    "AR": 0.00327309236947791,
    "AP": 0.00302375096181849,
    "F1": 0.0031434849748094287
}