{
    "AUC": 0.023166962053265065,
    "AR": 0.002851405622489963,
    "AP": 0.00308383184003614,
    "F1": 0.002963067780526547
}