{
    "AUC": 0.00952974115650887,
    "AR": 0.005582329317269079,
    "AP": 0.0030305516939553084,
    "F1": 0.003928427095792707
}