{
    "AUC": 0.003958263399351012,
    "AR": 0.0006224899598393576,
    "AP": 0.0010077849350137293,
    "F1": 0.0007696076357477598
}