{
    "AUC": 0.07861652167296115,
    "AR": 0.016646586345381513,
    "AP": 0.00874461335876987,
    "F1": 0.011466016811323759
}