{
    "AUC": 0.00820766985023726,
    "AR": 0.00327309236947791,
    "AP": 0.0030237616104981345,
    "F1": 0.003143490729152761
}