{
    "AUC": 0.09818130779872482,
    "AR": 0.0006626506024096388,
    "AP": 0.001880661325231494,
    "F1": 0.0009799988326630487
}