{
    "AUC": 0.008551754116577132,
    "AR": 0.004859437751004014,
    "AP": 0.0030271073597723224,
    "F1": 0.0037304141607760826
}