{
    "AUC": 0.005053282611536736,
    "AR": 0.00018072289156626523,
    "AP": 0.0010098872003605256,
    "F1": 0.000306581871332125
}