{
    "AUC": 0.010196374484894175,
    "AR": 0.0056359102244389015,
    "AP": 0.0037552774925587837
}