{
    "AUC": 0.04751022804432682,
    "AR": 0.010542168674698803,
    "AP": 0.009528070912637942,
    "F1": 0.010009499913383891
}