{
    "AUC": 0.008046473649993603,
    "AR": 0.0027309236947791163,
    "AP": 0.002017597173797122,
    "F1": 0.002320682200179101
}