{
    "AUC": 0.04952406170677373,
    "AR": 0.010682730923694789,
    "AP": 0.008540883518645145,
    "F1": 0.009492487560440247
}