{
    "AUC": 0.0028261410126487253,
    "AR": 0.00022088353413654636,
    "AP": 0.0010125487372229442,
    "F1": 0.000362655248701719
}