{
    "AUC": 0.004002930732112978,
    "AR": 0.0014658634538152605,
    "AP": 0.001011108638586002,
    "F1": 0.0011967411386563326
}