{
    "AUC": 0.003954655520477633,
    "AR": 0.0014658634538152605,
    "AP": 0.0010075449138407376,
    "F1": 0.0011942413445267307
}