{
    "AUC": 0.006404797462831828,
    "AR": 0.00022088353413654636,
    "AP": 0.0010121657478048727,
    "F1": 0.00036263067629396215
}