{
    "AUC": 0.00965627214741318,
    "AR": 0.004216867469879512,
    "AP": 0.003031728625191081,
    "F1": 0.0035274134879069432
}