{
    "AUC": 0.00814037145788626,
    "AR": 0.0006626506024096388,
    "AP": 0.003024948991485443,
    "F1": 0.0010871485476811173
}