{
    "AUC": 0.004507215509900439,
    "AR": 0.00022088353413654636,
    "AP": 0.0010091405868982897,
    "F1": 0.0003624360457048466
}