{
    "AUC": 0.06047294668990123,
    "AR": 0.011445783132530132,
    "AP": 0.0064931622963217885,
    "F1": 0.008285807856741658
}