{
    "AUC": 0.03744903277231061,
    "AR": 0.00433734939759036,
    "AP": 0.004169398602554587,
    "F1": 0.004251716053372238
}