{
    "AUC": 0.010127768870941226,
    "AR": 0.005381526104417675,
    "AP": 0.003032466019149596,
    "F1": 0.0038790849345112597
}