{
    "AUC": 0.07153562797951508,
    "AR": 0.009799196787148608,
    "AP": 0.0074914934744886065,
    "F1": 0.00849134623029242
}