{
    "AUC": 0.1469487151415161,
    "AR": 0.03877805486284288,
    "AP": 0.015183966716416293
}