{
    "AUC": 0.08949315680284034,
    "AR": 0.003167082294264341,
    "AP": 0.002172967321573389
}