{
    "AUC": 0.22719676013982623,
    "AR": 0.033142144638404,
    "AP": 0.015264758008223607
}