{
    "AUC": 0.2625215432557452,
    "AR": 0.05059850374064838,
    "AP": 0.024050222624100486
}