{
    "AUC": 0.14717511428455207,
    "AR": 0.0,
    "AP": 0.0028560334658530723
}