{
    "AUC": 0.06120631503240016,
    "AR": 0.0,
    "AP": 0.0006027607611420814
}