{
    "AUC": 0.03927673021512578,
    "AR": 0.004837905236907731,
    "AP": 0.010456300387529214
}