{
    "AUC": 0.030790371011247392,
    "AR": 0.0,
    "AP": 0.00011510490224699337
}