{
    "AUC": 0.04060783359037754,
    "AR": 0.0003990024937655864,
    "AP": 0.002827096181030609
}