{
    "AUC": 0.048374689642653755,
    "AR": 0.012917705735660841,
    "AP": 0.004098361919301983
}