{
    "AUC": 0.06948301005590761,
    "AR": 0.015012468827930172,
    "AP": 0.010477718098078419
}