{
    "AUC": 0.14764601600141433,
    "AR": 0.038179551122194476,
    "AP": 0.007417300163186785
}