{
    "AUC": 0.02975162509239367,
    "AR": 0.0006982543640897756,
    "AP": 0.002613515159618178
}