{
    "AUC": 0.04931481355266519,
    "AR": 0.008054862842892764,
    "AP": 0.008371241626887113
}