{
    "AUC": 0.021496844263550384,
    "AR": 0.0013855421686746988,
    "AP": 0.0010645996453227332,
    "F1": 0.0012040508781360855
}