{
    "AUC": 0.004033574188389182,
    "AR": 0.0015863453815261038,
    "AP": 0.0010075666753416547,
    "F1": 0.0012323846814898639
}