{
    "AUC": 0.01966254403035527,
    "AR": 0.004196787148594375,
    "AP": 0.003059769547732997,
    "F1": 0.0035391996653413725
}