{
    "AUC": 0.009343585149795957,
    "AR": 0.00024096385542168695,
    "AP": 0.00202444654710885,
    "F1": 0.00043066673000314757
}