{
    "AUC": 0.0025407753462830915,
    "AR": 0.0014658634538152605,
    "AP": 0.0010143457482763773,
    "F1": 0.0011990056005576405
}