{
    "AUC": 0.02131228789446597,
    "AR": 0.0015863453815261038,
    "AP": 0.0010632266949639766,
    "F1": 0.0012731450274835975
}