{
    "AUC": 0.02508252695025989,
    "AR": 0.005963855421686744,
    "AP": 0.007114798042107942,
    "F1": 0.006488684327495045
}