{
    "AUC": 0.009806322240348374,
    "AR": 0.0033333333333333353,
    "AP": 0.0040347238187998955,
    "F1": 0.003650644700036244
}