{
    "AUC": 0.002561528163937802,
    "AR": 0.0014658634538152605,
    "AP": 0.0010144733362158203,
    "F1": 0.0011990947313329798
}