{
    "AUC": 0.03903542078098944,
    "AR": 0.005240963855421689,
    "AP": 0.005407171388423802,
    "F1": 0.0053227704490659946
}