{
    "AUC": 0.009217850468960068,
    "AR": 0.00026104417670682755,
    "AP": 0.0010174063622698797,
    "F1": 0.00041548421017149407
}