{
    "AUC": 0.002809693377502282,
    "AR": 0.00026104417670682755,
    "AP": 0.001012722339800097,
    "F1": 0.0004150921946836891
}