{
    "AUC": 0.05489936228507821,
    "AR": 0.01036144578313254,
    "AP": 0.007266774932953402,
    "F1": 0.008542472402483188
}