{
    "AUC": 0.021646185605420604,
    "AR": 0.0014658634538152605,
    "AP": 0.0010636032479019945,
    "F1": 0.0012327477008495708
}