{
    "AUC": 0.011615376127580257,
    "AR": 0.00475903614457831,
    "AP": 0.004037687621434116,
    "F1": 0.004368785889392958
}