{
    "AUC": 0.0335143632005175,
    "AR": 0.0014658634538152605,
    "AP": 0.0011504514031261221,
    "F1": 0.0012891450451835683
}