{
    "AUC": 0.003966979784696415,
    "AR": 0.0013855421686746988,
    "AP": 0.001007571398665129,
    "F1": 0.0011667082413919076
}