{
    "AUC": 0.010155262298864508,
    "AR": 0.004357429718875498,
    "AP": 0.004035586422753129,
    "F1": 0.004190337279199536
}