{
    "AUC": 0.010682384171033453,
    "AR": 0.0024297188755020103,
    "AP": 0.0030374154130496885,
    "F1": 0.0026997930441480414
}