{
    "AUC": 0.004608513025448288,
    "AR": 0.00018072289156626523,
    "AP": 0.0010107952434539058,
    "F1": 0.000306623682526367
}