{
    "AUC": 0.022726942973375665,
    "AR": 0.004236947791164657,
    "AP": 0.0030816313682674556,
    "F1": 0.003568100019014526
}