{
    "AUC": 0.005091099013404906,
    "AR": 0.00018072289156626523,
    "AP": 0.0010098285774754517,
    "F1": 0.00030657916982708313
}