{
    "AUC": 0.05823239158484595,
    "AR": 0.010903614457831317,
    "AP": 0.006396144691056584,
    "F1": 0.008062666668081194
}