{
    "AUC": 0.002624849172474652,
    "AR": 0.00018072289156626523,
    "AP": 0.00101337429677364,
    "F1": 0.00030674208923726437
}