{
    "AUC": 0.0040046169103555495,
    "AR": 0.0014658634538152605,
    "AP": 0.0010111072421802245,
    "F1": 0.001196740160548616
}