{
    "AUC": 0.048878631408751885,
    "AR": 0.0006224899598393576,
    "AP": 0.0012542617580113269,
    "F1": 0.0008320390427207602
}