{
    "AUC": 0.047210837410743174,
    "AR": 0.01353413654618474,
    "AP": 0.0062832063150078145,
    "F1": 0.008582156832104046
}