{
    "AUC": 0.011374616640240458,
    "AR": 0.004738955823293172,
    "AP": 0.004040505576371509,
    "F1": 0.004361948087368006
}