{
    "AUC": 0.0036564125536552427,
    "AR": 0.00022088353413654636,
    "AP": 0.001010032566811387,
    "F1": 0.00036249353270868204
}