{
    "AUC": 0.015637447826158172,
    "AR": 0.00588353413654619,
    "AP": 0.0050528290171722055,
    "F1": 0.00543663219496438
}