{
    "AUC": 0.013707225066399781,
    "AR": 0.0016867469879518072,
    "AP": 0.004049496958593459,
    "F1": 0.002381515452020227
}