{
    "AUC": 0.10584751232707651,
    "AR": 0.0036345381526104413,
    "AP": 0.0030559944769858985,
    "F1": 0.003320252403116123
}