{
    "AUC": 0.027672711708969847,
    "AR": 0.0006024096385542174,
    "AP": 0.004151368761026734,
    "F1": 0.0010521418310352176
}