{
    "AUC": 0.10352138191097629,
    "AR": 0.0033935742971887566,
    "AP": 0.0030267442498826897,
    "F1": 0.0031996797091169175
}