{
    "AUC": 0.02111438108916394,
    "AR": 0.005180722891566267,
    "AP": 0.006077718623577611,
    "F1": 0.005593487510560606
}