{
    "AUC": 0.007745184879417741,
    "AR": 0.0016064257028112446,
    "AP": 0.002017638137919503,
    "F1": 0.0017887023552391745
}