{
    "AUC": 0.03487053471733336,
    "AR": 0.01146586345381526,
    "AP": 0.00616124629616667,
    "F1": 0.008015381958717817
}