{
    "AUC": 0.015011264570477028,
    "AR": 0.005120481927710843,
    "AP": 0.005056107696108935,
    "F1": 0.005088091205306522
}