{
    "AUC": 0.008543245937707129,
    "AR": 0.004859437751004014,
    "AP": 0.003027103736129067,
    "F1": 0.0037304114092470905
}