{
    "AUC": 0.10413288098507305,
    "AR": 0.003473895582329318,
    "AP": 0.00302022758103861,
    "F1": 0.0032312153580893706
}