{
    "AUC": 0.010624297452622578,
    "AR": 0.004397590361445782,
    "AP": 0.0050463826842290505,
    "F1": 0.0046997008028302365
}