{
    "AUC": 0.04110665891317911,
    "AR": 0.002449799196787149,
    "AP": 0.006188386507400474,
    "F1": 0.003510066769666388
}