{
    "AUC": 0.011256040768989282,
    "AR": 0.0014658634538152605,
    "AP": 0.0010217875802654218,
    "F1": 0.0012041890530091373
}