{
    "AUC": 0.03348809052901071,
    "AR": 0.0014658634538152605,
    "AP": 0.0011504719387875383,
    "F1": 0.0012891579378368082
}