{
    "AUC": 0.05178365282994325,
    "AR": 0.0014658634538152605,
    "AP": 0.0013644791167787208,
    "F1": 0.0014133554655613994
}