{
    "AUC": 0.002563427659525157,
    "AR": 0.0013855421686746988,
    "AP": 0.0010141101048707132,
    "F1": 0.001171079934761976
}