{
    "AUC": 0.02162646987590325,
    "AR": 0.0014658634538152605,
    "AP": 0.0010636243084712169,
    "F1": 0.0012327618465867928
}