{
    "AUC": 0.0025706854262688337,
    "AR": 0.0015863453815261038,
    "AP": 0.0010143137777071615,
    "F1": 0.0012374185759570558
}