{
    "AUC": 0.031249466731394452,
    "AR": 0.0041566265060240925,
    "AP": 0.004132946014921649,
    "F1": 0.004144752436915779
}