{
    "AUC": 0.9751330881488574,
    "AR": 0.9428714859437742,
    "AP": 0.9332383523766337,
    "F1": 0.9380301878623805
}