{
    "AUC": 0.4034569673644882,
    "AR": 0.2643975903614459,
    "AP": 0.1749532400558842,
    "F1": 0.21057074162242792
}