{
    "AUC": 0.7642261865423167,
    "AR": 0.7557028112449794,
    "AP": 0.6710510102081054,
    "F1": 0.7108656409787283
}