{
    "AUC": 0.9813685459870948,
    "AR": 0.9479919678714852,
    "AP": 0.9416402991572236,
    "F1": 0.944805458502036
}