{
    "AUC": 0.9408371466129055,
    "AR": 0.9061445783132525,
    "AP": 0.8846954329193397,
    "F1": 0.8952915558845379
}