{
    "AUC": 0.5186125506997621,
    "AR": 0.5322289156626508,
    "AP": 0.409502910297303,
    "F1": 0.46286911815063037
}