{
    "AUC": 0.898021889891039,
    "AR": 0.8956425702811239,
    "AP": 0.856182607167758,
    "F1": 0.8754681697524589
}