{
    "AUC": 0.940026446153739,
    "AR": 0.8926305220883537,
    "AP": 0.869808320545735,
    "F1": 0.8810716565065294
}