{
    "AUC": 0.42517802013933065,
    "AR": 0.37230923694779106,
    "AP": 0.25909408443227255,
    "F1": 0.30555151550937576
}