{
    "AUC": 0.9000056814953697,
    "AR": 0.8975702811244972,
    "AP": 0.8586405287980134,
    "F1": 0.8776739289654242
}