{
    "AUC": 0.021444281005461505,
    "AR": 0.024598393574297182,
    "AP": 0.012463481481609416,
    "F1": 0.016544312576097397
}