{
    "AUC": 0.9258416721608538,
    "AR": 0.9293373493975913,
    "AP": 0.8992151460815986,
    "F1": 0.9140281424391309
}