{
    "AUC": 0.40926937193413904,
    "AR": 0.363313253012048,
    "AP": 0.25083576547620595,
    "F1": 0.29677474092933204
}