{
    "AUC": 0.8835104386303261,
    "AR": 0.7890763052208833,
    "AP": 0.7495041214944556,
    "F1": 0.7687813164232981
}