{
    "AUC": 0.9904404228342317,
    "AR": 0.9645582329317274,
    "AP": 0.9675259117078249,
    "F1": 0.966039793144373
}