{
    "AUC": 0.6983517906969242,
    "AR": 0.6460441767068279,
    "AP": 0.5487638876781787,
    "F1": 0.5934437916670224
}