{
    "AUC": 0.9283132064255786,
    "AR": 0.8591767068273086,
    "AP": 0.834041888848197,
    "F1": 0.8464227421631173
}