{
    "AUC": 0.9642925879694039,
    "AR": 0.9518875502008031,
    "AP": 0.9371980765009412,
    "F1": 0.9444857008953726
}