{
    "AUC": 0.9416178621771856,
    "AR": 0.9331526104417673,
    "AP": 0.9089631100288961,
    "F1": 0.9208990396130109
}