{
    "AUC": 0.5141995360406567,
    "AR": 0.5270682730923697,
    "AP": 0.4048761152379125,
    "F1": 0.4579615641167754
}