{
    "AUC": 0.929129405106073,
    "AR": 0.929437751004017,
    "AP": 0.9016371443856898,
    "F1": 0.9153264039712206
}