{
    "AUC": 0.9254352662448355,
    "AR": 0.9295983935742982,
    "AP": 0.9001996883123675,
    "F1": 0.9146628717507773
}