{
    "AUC": 0.022594491653975663,
    "AR": 0.02732931726907632,
    "AP": 0.013535843752535094,
    "F1": 0.01810468179592109
}