{
    "AUC": 0.9041608270008364,
    "AR": 0.8171485943775096,
    "AP": 0.7862012841945706,
    "F1": 0.8013762720954417
}