{
    "AUC": 0.9419375110453097,
    "AR": 0.8964457831325299,
    "AP": 0.8766200288923159,
    "F1": 0.8864220639532822
}