{
    "AUC": 0.9161434189622721,
    "AR": 0.8477911646586348,
    "AP": 0.8164836159201992,
    "F1": 0.831842918901805
}