{
    "AUC": 0.8985596516354202,
    "AR": 0.8968875502008025,
    "AP": 0.8554000021067938,
    "F1": 0.8756526419662083
}