{
    "AUC": 0.9476402319437223,
    "AR": 0.9285542168674704,
    "AP": 0.9054183437867442,
    "F1": 0.9168403488571685
}