{
    "AUC": 0.9400694054106895,
    "AR": 0.892550200803213,
    "AP": 0.8698116417090397,
    "F1": 0.8810342311561687
}