{
    "AUC": 0.971504845517174,
    "AR": 0.93417670682731,
    "AP": 0.9280525559857267,
    "F1": 0.9311045614263393
}