{
    "AUC": 0.9387482736542636,
    "AR": 0.9012248995983928,
    "AP": 0.8782493697134772,
    "F1": 0.889588811361073
}