{
    "AUC": 0.11620632345558704,
    "AR": 0.1156626506024097,
    "AP": 0.06458042514150579,
    "F1": 0.0828829969536204
}