{
    "AUC": 0.4151189386823908,
    "AR": 0.3692971887550199,
    "AP": 0.2562181886233332,
    "F1": 0.30253662879743254
}