{
    "AUC": 0.94823316161344,
    "AR": 0.936967871485943,
    "AP": 0.9178368103579906,
    "F1": 0.9273036789163487
}