{
    "AUC": 0.5157413878485215,
    "AR": 0.41652610441767074,
    "AP": 0.31257492088819216,
    "F1": 0.3571401208264721
}