{
    "AUC": 0.956024316685282,
    "AR": 0.9434738955823284,
    "AP": 0.9256859252249064,
    "F1": 0.934495270265863
}