{
    "AUC": 0.020706112119711722,
    "AR": 0.026104417670682747,
    "AP": 0.013516531344797326,
    "F1": 0.017810839389314378
}