{
    "AUC": 0.021163171203331842,
    "AR": 0.024598393574297182,
    "AP": 0.012473868918919847,
    "F1": 0.01655346161394515
}