{
    "AUC": 0.6762171009431347,
    "AR": 0.5695783132530121,
    "AP": 0.4745520375729297,
    "F1": 0.5177410059917468
}