{
    "AUC": 0.430750692688071,
    "AR": 0.3345180722891566,
    "AP": 0.23053331132997604,
    "F1": 0.27295768540766874
}