{
    "AUC": 0.9922905747254425,
    "AR": 0.9515662650602407,
    "AP": 0.9426385183156784,
    "F1": 0.9470813526053232
}