{
    "AUC": 0.9400966111988087,
    "AR": 0.9290160642570289,
    "AP": 0.9019834057749484,
    "F1": 0.9153001815380742
}