{
    "AUC": 0.02075278251022719,
    "AR": 0.026104417670682747,
    "AP": 0.013503712011837097,
    "F1": 0.017799706337417995
}