{
    "AUC": 0.9512545477355414,
    "AR": 0.9066666666666665,
    "AP": 0.8866743023320839,
    "F1": 0.8965590459501545
}