{
    "AUC": 0.9117797560251019,
    "AR": 0.9039357429718871,
    "AP": 0.8675400469093508,
    "F1": 0.8853640126952496
}