{
    "AUC": 0.9931294229336701,
    "AR": 0.9683132530120483,
    "AP": 0.9668700929686718,
    "F1": 0.9675911348731541
}