{
    "AUC": 0.9351906940174752,
    "AR": 0.9251606425702814,
    "AP": 0.8975822873228789,
    "F1": 0.9111628327621731
}