{
    "AUC": 0.9243642234055286,
    "AR": 0.9237349397590365,
    "AP": 0.8923686909146037,
    "F1": 0.9077809493052914
}