{
    "AUC": 0.5079447766942318,
    "AR": 0.4540763052208833,
    "AP": 0.33297652271466144,
    "F1": 0.38420991270983185
}