{
    "AUC": 0.020289032177775012,
    "AR": 0.022269076305220868,
    "AP": 0.011407039867312879,
    "F1": 0.015086314580959269
}