{
    "AUC": 0.0581068826897041,
    "AR": 0.004987531172069825,
    "AP": 0.0029279632998708443
}