{
    "AUC": 0.5748009498097291,
    "AR": 0.5740399002493761,
    "AP": 0.4532954524772038
}