{
    "AUC": 0.05683651791003509,
    "AR": 0.0,
    "AP": 0.000366966326382597
}