{
    "AUC": 0.019695169026564947,
    "AR": 0.0199501246882793,
    "AP": 0.010166430446665112
}