{
    "AUC": 0.0002462067835696436,
    "AR": 0.0,
    "AP": 8.005525235617062e-07
}