{
    "AUC": 0.0001161362175519548,
    "AR": 0.0,
    "AP": 7.253198181687045e-07
}