{
    "AUC": 0.0033824779398860727,
    "AR": 0.0024937655860349127,
    "AP": 0.0012549417835150077
}