{
    "AUC": 0.001231527865433175,
    "AR": 0.0,
    "AP": 1.0475316923438993e-06
}