{
    "AUC": 0.002391999717383939,
    "AR": 0.0024937655860349127,
    "AP": 0.0012493372867044986
}