{
    "AUC": 0.01720746056070743,
    "AR": 0.0,
    "AP": 2.460090672298657e-05
}