{
    "AUC": 0.02985105904497504,
    "AR": 0.012468827930174578,
    "AP": 0.006398529254124527
}