{
    "AUC": 0.9583570714399648,
    "AR": 0.899775561097257,
    "AP": 0.8730976693416796
}