{
    "AUC": 0.4913617293930881,
    "AR": 0.3335162094763092,
    "AP": 0.19719783616421843
}