{
    "AUC": 0.03139517230671516,
    "AR": 0.012468827930174578,
    "AP": 0.0063684320748633345
}