{
    "AUC": 0.5840704650710885,
    "AR": 0.44451371571072334,
    "AP": 0.30262864451424437
}