{
    "AUC": 0.40361525564619516,
    "AR": 0.2601745635910224,
    "AP": 0.13528767024414315
}