{
    "AUC": 0.9074234252173681,
    "AR": 0.8335162094763092,
    "AP": 0.7829733453967644
}