{
    "AUC": 0.9689414103664432,
    "AR": 0.9213453815261041,
    "AP": 0.9101066713118591,
    "F1": 0.9156915432319706
}