{
    "AUC": 0.7590967044371062,
    "AR": 0.7286144578313254,
    "AP": 0.6416088631993985,
    "F1": 0.6823493467446544
}