{
    "AUC": 0.7089102117832042,
    "AR": 0.6162048192771084,
    "AP": 0.5238575164338128,
    "F1": 0.5662910108152258
}