{
    "AUC": 0.6830860555728806,
    "AR": 0.6486947791164664,
    "AP": 0.5447978347284629,
    "F1": 0.5922240438904429
}