{
    "AUC": 0.6818109711500436,
    "AR": 0.5769678714859442,
    "AP": 0.48230815436194574,
    "F1": 0.5254084911433388
}