{
    "AUC": 0.9806494516661616,
    "AR": 0.941004016064257,
    "AP": 0.9351282564846215,
    "F1": 0.9380569352838847
}