{
    "AUC": 0.4107446493506672,
    "AR": 0.2865461847389557,
    "AP": 0.19846864500595426,
    "F1": 0.2345100789873868
}