{
    "AUC": 0.676240974868099,
    "AR": 0.5694979919678715,
    "AP": 0.4745652002844933,
    "F1": 0.5177156528941652
}