{
    "AUC": 0.9348877081723096,
    "AR": 0.9237148594377512,
    "AP": 0.8972774260532759,
    "F1": 0.9103042314756176
}