{
    "AUC": 0.9555994297847616,
    "AR": 0.9323493975903623,
    "AP": 0.9106923282354685,
    "F1": 0.921393619821652
}