{
    "AUC": 0.7834962003208887,
    "AR": 0.7021285140562248,
    "AP": 0.6248531780809613,
    "F1": 0.6612408234852096
}