{
    "AUC": 0.9804292887200056,
    "AR": 0.9404417670682734,
    "AP": 0.9291335671364401,
    "F1": 0.93475346805636
}