{
    "AUC": 0.9504147073281579,
    "AR": 0.9212449799196791,
    "AP": 0.9005950265227344,
    "F1": 0.9108029730281634
}