{
    "AUC": 0.9259103494355673,
    "AR": 0.9281927710843381,
    "AP": 0.897958228103911,
    "F1": 0.9128252115320634
}