{
    "AUC": 0.3062643051642528,
    "AR": 0.3108232931726907,
    "AP": 0.20529256374045615,
    "F1": 0.24726894115330827
}