{
    "AUC": 0.9308219661801327,
    "AR": 0.9193574297188758,
    "AP": 0.8903054310977415,
    "F1": 0.9045982326557997
}