{
    "AUC": 0.4180278053193657,
    "AR": 0.41461847389558265,
    "AP": 0.2954375008219243,
    "F1": 0.3450258855185182
}