{
    "AUC": 0.507071892220043,
    "AR": 0.5164859437750999,
    "AP": 0.3920280357061212,
    "F1": 0.44573220573577266
}