{
    "AUC": 0.7005238570863765,
    "AR": 0.7043975903614463,
    "AP": 0.6040880291056236,
    "F1": 0.6503979038631007
}