{
    "AUC": 0.9799546488253124,
    "AR": 0.9568072289156628,
    "AP": 0.9497629161194329,
    "F1": 0.9532720590066365
}