{
    "AUC": 0.40308626927201546,
    "AR": 0.26072289156626505,
    "AP": 0.17323057244461576,
    "F1": 0.20815677025823726
}