{
    "AUC": 0.5159921984589074,
    "AR": 0.5303815261044179,
    "AP": 0.40801391716723084,
    "F1": 0.4612192985603674
}