{
    "AUC": 0.9572756913249139,
    "AR": 0.9452008032128507,
    "AP": 0.9284351470866297,
    "F1": 0.936742963986206
}