{
    "AUC": 0.9772664589110005,
    "AR": 0.9601405622489962,
    "AP": 0.951192783379127,
    "F1": 0.955645728600723
}