{
    "AUC": 0.8979534125799065,
    "AR": 0.8959437751004011,
    "AP": 0.8569207302698896,
    "F1": 0.8759978785440812
}