{
    "AUC": 0.9777758957135149,
    "AR": 0.9578112449799198,
    "AP": 0.947943982564828,
    "F1": 0.9528520693409167
}