{
    "AUC": 0.41553462493446497,
    "AR": 0.4166465863453816,
    "AP": 0.2967015713720527,
    "F1": 0.346590078177348
}