{
    "AUC": 0.02060158793742746,
    "AR": 0.026104417670682747,
    "AP": 0.01349936737900143,
    "F1": 0.017795931571154375
}