{
    "AUC": 0.8979299130492138,
    "AR": 0.8959437751004011,
    "AP": 0.8569213911292567,
    "F1": 0.8759982238497444
}