{
    "AUC": 0.8547965177692632,
    "AR": 0.8437751004016056,
    "AP": 0.7855051995019036,
    "F1": 0.8135981618570535
}