{
    "AUC": 0.9682181072033367,
    "AR": 0.9528112449799195,
    "AP": 0.9389388694858213,
    "F1": 0.9458241935378248
}