{
    "AUC": 0.8835382629928912,
    "AR": 0.7890763052208833,
    "AP": 0.7495033521574316,
    "F1": 0.768780911712824
}