{
    "AUC": 0.8426144945838262,
    "AR": 0.7716666666666663,
    "AP": 0.7093872912459188,
    "F1": 0.7392175328749813
}