{
    "AUC": 0.8418765166673762,
    "AR": 0.8441566265060234,
    "AP": 0.782365863616252,
    "F1": 0.8120875452193935
}