{
    "AUC": 0.05999165048158508,
    "AR": 0.06020080321285147,
    "AP": 0.031103616316211242,
    "F1": 0.04101581708132439
}