{
    "AUC": 0.04345669972708513,
    "AR": 0.04431726907630519,
    "AP": 0.023184287578651853,
    "F1": 0.030442684935921442
}