{
    "AUC": 0.5161836823925987,
    "AR": 0.5304016064257031,
    "AP": 0.40845692525264454,
    "F1": 0.46150980579026973
}