{
    "AUC": 0.8900321943849205,
    "AR": 0.8929919678714855,
    "AP": 0.8463247699174545,
    "F1": 0.8690323105930794
}