{
    "AUC": 0.9661897310535341,
    "AR": 0.9510642570281121,
    "AP": 0.9366543633824176,
    "F1": 0.9438043112682848
}