{
    "AUC": 0.9031870770042318,
    "AR": 0.8238955823293174,
    "AP": 0.7902672309826871,
    "F1": 0.8067311117523636
}