{
    "AUC": 0.9640807599768443,
    "AR": 0.9492971887550197,
    "AP": 0.9339538763012045,
    "F1": 0.9415630296464136
}