{
    "AUC": 0.5838100937068236,
    "AR": 0.5123895582329319,
    "AP": 0.4037958825925994,
    "F1": 0.4516570219921206
}