{
    "AUC": 0.02069804924507316,
    "AR": 0.026104417670682747,
    "AP": 0.013503814669894709,
    "F1": 0.017799795520250426
}