{
    "AUC": 0.40306696892545074,
    "AR": 0.26072289156626505,
    "AP": 0.17323026823311719,
    "F1": 0.20815655063517902
}