{
    "AUC": 0.16953973092320843,
    "AR": 0.1633132530120482,
    "AP": 0.09593260093441075,
    "F1": 0.12086646625207693
}