{
    "AUC": 0.020795423346805342,
    "AR": 0.026104417670682747,
    "AP": 0.013480442665264153,
    "F1": 0.017779479464283397
}