{
    "AUC": 0.9257947667788581,
    "AR": 0.9293373493975913,
    "AP": 0.8992157026710879,
    "F1": 0.9140284299781466
}