{
    "AUC": 0.7445699747030251,
    "AR": 0.7064658634538161,
    "AP": 0.6140086027853209,
    "F1": 0.6570003870960824
}