{
    "AUC": 0.9150829551879507,
    "AR": 0.8539558232931728,
    "AP": 0.8221380208343585,
    "F1": 0.8377449185223603
}