{
    "AUC": 0.01967836482478432,
    "AR": 0.020180722891566274,
    "AP": 0.01035721467427309,
    "F1": 0.01368894535325664
}