{
    "AUC": 0.9753694464147683,
    "AR": 0.9641895261845382,
    "AP": 0.9544550268074757
}