{
    "AUC": 0.9349129736897893,
    "AR": 0.9237148594377512,
    "AP": 0.8972764582540074,
    "F1": 0.9103037334230721
}