{
    "AUC": 0.8872566548189528,
    "AR": 0.7947791164658635,
    "AP": 0.7545802405102676,
    "F1": 0.7741581888734007
}