{
    "AUC": 0.9270735316029528,
    "AR": 0.9292168674698804,
    "AP": 0.8999476032213062,
    "F1": 0.91434806016797
}