{
    "AUC": 0.5853448950482525,
    "AR": 0.5286947791164661,
    "AP": 0.4128867123111261,
    "F1": 0.46366894666650604
}