{
    "AUC": 0.4151252182610778,
    "AR": 0.3692971887550199,
    "AP": 0.25622031583526306,
    "F1": 0.302538111709163
}