{
    "AUC": 0.916140831146278,
    "AR": 0.8477510040160646,
    "AP": 0.8162014782892478,
    "F1": 0.8316771422949149
}