{
    "AUC": 0.6977856945725661,
    "AR": 0.6921686746987958,
    "AP": 0.5896136252317474,
    "F1": 0.6367884493070715
}