{
    "AUC": 0.9335202137555723,
    "AR": 0.871827309236948,
    "AP": 0.8488345035054321,
    "F1": 0.860177282599368
}