{
    "AUC": 0.9522004933681315,
    "AR": 0.9381726907630517,
    "AP": 0.9187401181046893,
    "F1": 0.9283547236014913
}