{
    "AUC": 0.44170193353582066,
    "AR": 0.44773092369477857,
    "AP": 0.32554052107163345,
    "F1": 0.3769816128242293
}