{
  "AUC": 0.25021367993175087,
  "AR": 0.053799999999999994,
  "AP": 0.023252759021509056,
  "F1": 0.03247121715675294,
  "timePerImage": 0.1725012125968933
}