{
  "AUC": 0.6033410821643285,
  "AR": 0.41439999999999994,
  "AP": 0.2663928554405967,
  "F1": 0.3243077491556189,
  "timePerImage": 0.011911707401275635
}