{
  "AUC": 0.23054207759699627,
  "AR": 0.13085999999999998,
  "AP": 0.07104457331809684,
  "F1": 0.09209194929684998,
  "timePerImage": 0.05663369083404541
}