{
  "AUC": 0.12982371185592795,
  "AR": 0.04000000000000001,
  "AP": 0.015759186794650076,
  "F1": 0.022610353845636966,
  "timePerImage": 0.01870943260192871
}