{
  "AUC": 0.2589273211950508,
  "AR": 0.15629999999999997,
  "AP": 0.06856338956207793,
  "F1": 0.09531527394853478,
  "timePerImage": 0.02189521884918213
}