{
  "AUC": 0.3510829251224633,
  "AR": 0.18341999999999997,
  "AP": 0.09619905789137166,
  "F1": 0.12620621306356145,
  "timePerImage": 0.005658346652984619
}