{
  "AUC": 0.18249917095732612,
  "AR": 0.08263999999999998,
  "AP": 0.04115340024538069,
  "F1": 0.054945045366506344,
  "timePerImage": 0.02114673900604248
}