{
  "AUC": 0.3868046230049533,
  "AR": 0.28508,
  "AP": 0.16118918110061714,
  "F1": 0.20593764344127322,
  "timePerImage": 0.01584235906600952
}