{
  "AUC": -1,
  "AR": 0.9,
  "AP": 0.023135687723741378,
  "F1": 0.04511171917253076,
  "timePerImage": 1.3976002827999998
}