{
  "AUC": 0.36301744360902255,
  "AR": 0.25828000000000007,
  "AP": 0.15562448215533833,
  "F1": 0.19422206322470179,
  "timePerImage": 0.09137897253036499
}