{
  "AUC": 0.6177573040499699,
  "AR": 0.3389400000000001,
  "AP": 0.21268898873127173,
  "F1": 0.26136699598177066,
  "timePerImage": 0.020063725471496582
}