{
  "AUC": -1,
  "AR": 0.54,
  "AP": 0.0176302096181137,
  "F1": 0.03414561488805016,
  "timePerImage": 0.34409759465385886
}