{
    "AUC": 0.9852655148423588,
    "AR": 0.985943775100401,
    "AP": 0.9799924042245441,
    "F1": 0.9829590815329934
}