{
    "AUC": 0.483708002742678,
    "AR": 0.49528112449799155,
    "AP": 0.370620634479471,
    "F1": 0.4239774378652791
}