{
    "AUC": 0.9380618059275043,
    "AR": 0.9357429718875494,
    "AP": 0.9084683377055784,
    "F1": 0.9219039681281516
}