{
    "AUC": 0.14900555606677435,
    "AR": 0.15662650602409622,
    "AP": 0.09077125702059524,
    "F1": 0.11493381879918427
}