{
    "AUC": 0.6827309236947791,
    "AR": 0.680722891566265,
    "AP": 0.5745153097188008,
    "F1": 0.6231259094576496
}