{
    "AUC": 0.8068460818062165,
    "AR": 0.8132530120481922,
    "AP": 0.7379821095246176,
    "F1": 0.77379136800366
}