{
    "AUC": 0.35472503389100524,
    "AR": 0.357429718875502,
    "AP": 0.24308790856127793,
    "F1": 0.28937316358207454
}