{
    "AUC": 0.013900026060982697,
    "AR": 0.018072289156626512,
    "AP": 0.009180338374775698,
    "F1": 0.012175686874482056
}