{
    "AUC": 0.7250993502807039,
    "AR": 0.7289156626506026,
    "AP": 0.6306513781484085,
    "F1": 0.676232437841983
}