{
    "AUC": 0.9774450388192649,
    "AR": 0.9760441767068285,
    "AP": 0.9670480514591008,
    "F1": 0.9715252889599212
}