{
    "AUC": 0.5007446158314827,
    "AR": 0.49799196787148575,
    "AP": 0.3747548069524786,
    "F1": 0.42767246850314944
}