{
    "AUC": 0.5663231035606474,
    "AR": 0.563052208835341,
    "AP": 0.44035019318553975,
    "F1": 0.49419883475428966
}