{
    "AUC": 0.8215054339023901,
    "AR": 0.8273092369477917,
    "AP": 0.7582030881566834,
    "F1": 0.7912501320644506
}