{
    "AUC": 0.008335776477869764,
    "AR": 0.010040160642570286,
    "AP": 0.005062551389993137,
    "F1": 0.006731086325052743
}