{
    "AUC": 0.5382464171521874,
    "AR": 0.5401606425702807,
    "AP": 0.41681971673635115,
    "F1": 0.470541749031086
}