{
    "AUC": 0.8372575181362053,
    "AR": 0.8369879518072295,
    "AP": 0.7706264198631577,
    "F1": 0.8024375001072077
}