{
    "AUC": 0.011304334420214448,
    "AR": 0.014056224899598381,
    "AP": 0.007107590296565908,
    "F1": 0.009441198269472739
}