{
    "AUC": 0.013811279601163273,
    "AR": 0.018072289156626512,
    "AP": 0.009182413105660049,
    "F1": 0.012177511477035155
}