{
    "AUC": 0.7382577136643432,
    "AR": 0.7393775100401606,
    "AP": 0.6445134560629264,
    "F1": 0.6886940748996656
}