{
    "AUC": 0.5906355001535725,
    "AR": 0.5888353413654616,
    "AP": 0.4685187206380887,
    "F1": 0.521831599682476
}