{
    "AUC": 0.04316884119271237,
    "AR": 0.04618473895582329,
    "AP": 0.02416103043966611,
    "F1": 0.03172531605948232
}