{
    "AUC": 0.6073218557382676,
    "AR": 0.6104417670682732,
    "AP": 0.49255242124152715,
    "F1": 0.545197016599299
}