{
    "AUC": 0.9390273425213608,
    "AR": 0.9376506024096378,
    "AP": 0.9093962205305754,
    "F1": 0.9233073070147532
}