{
    "AUC": 0.9534714734424077,
    "AR": 0.951887550200803,
    "AP": 0.9335364432733021,
    "F1": 0.9426226897359138
}