{
    "AUC": 0.29173188089595425,
    "AR": 0.28797188755020076,
    "AP": 0.18561089216425466,
    "F1": 0.22572914918335948
}