{
    "AUC": 0.2151523582360984,
    "AR": 0.2289156626506025,
    "AP": 0.14071174032144673,
    "F1": 0.17428968209285745
}