{
    "AUC": 0.3650975035695696,
    "AR": 0.3674698795180725,
    "AP": 0.2517688589343834,
    "F1": 0.29881035056117955
}