{
    "AUC": 0.022528940093936925,
    "AR": 0.023594377510040142,
    "AP": 0.011332248437203941,
    "F1": 0.015310803171701724
}