{
    "AUC": 0.9725021794717471,
    "AR": 0.9718875502008041,
    "AP": 0.9601838495463731,
    "F1": 0.9660002517506501
}