{
    "AUC": 0.21702008258640879,
    "AR": 0.23092369477911662,
    "AP": 0.14217837143341983,
    "F1": 0.17599663910936406
}