{
    "AUC": 0.06629080424261148,
    "AR": 0.06289156626506022,
    "AP": 0.03028845980561843,
    "F1": 0.04088620184516312
}