{
    "AUC": 0.7112681163173761,
    "AR": 0.7194779116465859,
    "AP": 0.6209989930943701,
    "F1": 0.6666210467423339
}