{
    "AUC": 0.5562937748573125,
    "AR": 0.552389558232932,
    "AP": 0.43069180087333997,
    "F1": 0.48400806589447687
}