{
    "AUC": 0.32287425607705855,
    "AR": 0.3269076305220884,
    "AP": 0.21720006716551216,
    "F1": 0.2609937687265847
}