{
    "AUC": 0.9937450782616699,
    "AR": 0.9919678714859431,
    "AP": 0.9900118756212529,
    "F1": 0.9909889083772817
}