{
    "AUC": 0.9589685579864772,
    "AR": 0.9600997506234421,
    "AP": 0.940945640885318
}