{
    "AUC": 0.9299760545087761,
    "AR": 0.9337349397590352,
    "AP": 0.9036750624227291,
    "F1": 0.918459112523714
}