{
    "AUC": 0.9875481561075764,
    "AR": 0.9828313253012039,
    "AP": 0.9779566963022943,
    "F1": 0.9803879515011987
}