{
    "AUC": 0.9656858787129872,
    "AR": 0.9678714859437757,
    "AP": 0.9532657794154485,
    "F1": 0.960513111747548
}