{
    "AUC": 0.855046932517248,
    "AR": 0.8626104417670682,
    "AP": 0.8031136731132357,
    "F1": 0.831799496885068
}