{
    "AUC": 0.8697122613677459,
    "AR": 0.877510040160643,
    "AP": 0.8245416272736823,
    "F1": 0.8502016364212037
}