{
    "AUC": 0.6134527994788361,
    "AR": 0.616465863453815,
    "AP": 0.49927468972617395,
    "F1": 0.5517157224866595
}