{
    "AUC": 0.23467444114543715,
    "AR": 0.23688755020080307,
    "AP": 0.14659220995596783,
    "F1": 0.18110926887403217
}