{
    "AUC": 0.7324299951871536,
    "AR": 0.732931726907631,
    "AP": 0.6363407542205681,
    "F1": 0.6812293890669652
}