{
    "AUC": 0.5750744589771584,
    "AR": 0.5746586345381526,
    "AP": 0.453091153261118,
    "F1": 0.5066850833642871
}