{
    "AUC": 0.9139452640143213,
    "AR": 0.9117469879518074,
    "AP": 0.8748555349430931,
    "F1": 0.8929203766989812
}