{
    "AUC": 0.5565804863075796,
    "AR": 0.5642570281124498,
    "AP": 0.4416418187841911,
    "F1": 0.4954762617059661
}