{
    "AUC": 0.7949755409673358,
    "AR": 0.7971887550200796,
    "AP": 0.7178061427119731,
    "F1": 0.7554177061730666
}