{
    "AUC": 0.013766423507865793,
    "AR": 0.018072289156626512,
    "AP": 0.009179575444635685,
    "F1": 0.012175015852885227
}