{
    "AUC": 0.04681490188497824,
    "AR": 0.04738154613466332,
    "AP": 0.024813278524387285
}