{
    "AUC": 0.006332257886470945,
    "AR": 0.0,
    "AP": 1.1829292208675406e-05
}