{
    "AUC": 0.008795094945942472,
    "AR": 0.0,
    "AP": 1.6089683890873194e-05
}