{
    "AUC": 0.00986239127085157,
    "AR": 0.0,
    "AP": 1.87226724332739e-05
}