{
    "AUC": 0.004302422991694913,
    "AR": 0.0,
    "AP": 6.933123361553634e-06
}