{
    "AUC": 0.009268343681900623,
    "AR": 0.0,
    "AP": 2.1906337631003623e-05
}