{
    "AUC": 0.009737095068278844,
    "AR": 0.0,
    "AP": 3.659394380894529e-05
}