{
    "AUC": 0.00845185943411017,
    "AR": 0.0,
    "AP": 1.3072440978394649e-05
}