{
    "AUC": 0.9945138406801838,
    "AR": 0.9950124688279307,
    "AP": 0.9925311409754914
}