{
    "AUC": 0.5229307437451017,
    "AR": 0.40536159600997507,
    "AP": 0.2594061511485307
}