{
    "AUC": 0.9730415609918031,
    "AR": 0.9661346633416458,
    "AP": 0.9525127177720046
}