{
    "AUC": 0.5061511689302094,
    "AR": 0.29783042394014964,
    "AP": 0.17326418989802048
}