{
    "AUC": 0.6099372237529811,
    "AR": 0.5009975062344141,
    "AP": 0.3649209426444266
}