{
    "AUC": 0.5812256941843122,
    "AR": 0.5903614457831325,
    "AP": 0.4697946716443238,
    "F1": 0.5232223009685802
}