{
    "AUC": 0.014118548379741526,
    "AR": 0.018072289156626512,
    "AP": 0.009174688532665584,
    "F1": 0.012170716765366551
}