{
    "AUC": 0.05645925006838382,
    "AR": 0.049578313253012055,
    "AP": 0.02560247208729917,
    "F1": 0.03376733497661441
}