{
    "AUC": 0.8248950723400752,
    "AR": 0.822389558232932,
    "AP": 0.7533607421789974,
    "F1": 0.7863631792278973
}