{
    "AUC": 0.8627252709455584,
    "AR": 0.863855421686747,
    "AP": 0.805978101489671,
    "F1": 0.8339137322003385
}