{
    "AUC": 0.47666634246573125,
    "AR": 0.47638554216867457,
    "AP": 0.3518425472473696,
    "F1": 0.4047501039155138
}