{
    "AUC": 0.4712733716407236,
    "AR": 0.4737951807228913,
    "AP": 0.348913486952514,
    "F1": 0.40187622934475753
}