{
    "AUC": 0.35467734107786647,
    "AR": 0.35688755020080315,
    "AP": 0.24208115289827853,
    "F1": 0.28848168246734274
}