{
    "AUC": 0.9587875070236169,
    "AR": 0.9578313253012051,
    "AP": 0.9394909086671278,
    "F1": 0.9485724734010446
}