{
    "AUC": 0.9386930662759934,
    "AR": 0.9397590361445777,
    "AP": 0.9123415189934789,
    "F1": 0.9258473403568329
}