{
    "AUC": 0.3546818221464587,
    "AR": 0.35688755020080315,
    "AP": 0.24208113952084517,
    "F1": 0.28848167296879224
}