{
    "AUC": 0.46258961563699647,
    "AR": 0.4597590361445785,
    "AP": 0.3366911576666997,
    "F1": 0.3887168421329403
}