{
    "AUC": 0.8770378521271476,
    "AR": 0.8781124497991972,
    "AP": 0.8252963907540012,
    "F1": 0.8508856103624274
}