{
    "AUC": 0.5562735679285902,
    "AR": 0.552389558232932,
    "AP": 0.4306887381990309,
    "F1": 0.48400613194928116
}