{
    "AUC": 0.9936405609076252,
    "AR": 0.9909437751004009,
    "AP": 0.9889777167212557,
    "F1": 0.9899597697646614
}