{
    "AUC": 0.9658430189283891,
    "AR": 0.9658634538152621,
    "AP": 0.9513208319320718,
    "F1": 0.9585369870253716
}