{
    "AUC": 0.8673429091451836,
    "AR": 0.8734939759036152,
    "AP": 0.8198848330736477,
    "F1": 0.8458408228896034
}