{
    "AUC": 0.5510242654660341,
    "AR": 0.5502008032128518,
    "AP": 0.4278888277843427,
    "F1": 0.48139714249445154
}