{
    "AUC": 0.3974770609034412,
    "AR": 0.39959839357429694,
    "AP": 0.280212335549339,
    "F1": 0.3294222769610143
}