{
    "AUC": 0.6459917229461736,
    "AR": 0.64859437751004,
    "AP": 0.5357344429664306,
    "F1": 0.5867869489264084
}