{
    "AUC": 0.08669525458498177,
    "AR": 0.09084337349397581,
    "AP": 0.048430989381993354,
    "F1": 0.06317938730804742
}