{
    "AUC": 0.20206030963345936,
    "AR": 0.2148594377510039,
    "AP": 0.13055845110825595,
    "F1": 0.16242190288060876
}