{
    "AUC": 0.01110719322990127,
    "AR": 0.014056224899598381,
    "AP": 0.00710983468758756,
    "F1": 0.00944317811787691
}