{
    "AUC": 0.9917055294063167,
    "AR": 0.991666666666666,
    "AP": 0.9879679846794189,
    "F1": 0.9898138704272895
}