{
    "AUC": 0.8720620185660675,
    "AR": 0.8734939759036152,
    "AP": 0.8190104482315579,
    "F1": 0.8453752705526156
}