{
    "AUC": 0.012737600415539481,
    "AR": 0.014056224899598381,
    "AP": 0.007100142884863025,
    "F1": 0.009434625662181798
}