{
    "AUC": 0.9787624451354823,
    "AR": 0.97801204819277,
    "AP": 0.9700256158600252,
    "F1": 0.9740024609103297
}