{
    "AUC": 0.9609339129310295,
    "AR": 0.9607228915662654,
    "AP": 0.9424138414454715,
    "F1": 0.9514802957670426
}