{
    "AUC": 0.6073270887786197,
    "AR": 0.6104417670682732,
    "AP": 0.4925523959676834,
    "F1": 0.545197001116719
}