{
    "AUC": 0.4625892865253424,
    "AR": 0.4597590361445785,
    "AP": 0.3366911604925516,
    "F1": 0.38871684401625417
}