{
    "AUC": 0.02734199782292556,
    "AR": 0.030120481927710867,
    "AP": 0.015514775399384258,
    "F1": 0.02048032768524297
}