{
    "AUC": 0.3544820572939603,
    "AR": 0.35542168674698776,
    "AP": 0.24136167060337801,
    "F1": 0.28749183778447696
}