{
    "AUC": 0.13702757728870557,
    "AR": 0.12660642570281122,
    "AP": 0.07111530336136944,
    "F1": 0.09107399994900416
}