{
    "AUC": 0.602979731671675,
    "AR": 0.602630522088354,
    "AP": 0.48282764571517606,
    "F1": 0.5361177147983704
}