{
    "AUC": 0.013884807522774021,
    "AR": 0.018072289156626512,
    "AP": 0.009181368330464715,
    "F1": 0.012176592694044384
}