{
    "AUC": 0.9831649651635164,
    "AR": 0.9819277108433726,
    "AP": 0.9750527077036988,
    "F1": 0.9784781331005391
}