{
    "AUC": 0.8882589684173354,
    "AR": 0.8870883534136548,
    "AP": 0.8383329241699932,
    "F1": 0.8620217948811755
}