{
    "AUC": 0.20119494430442797,
    "AR": 0.040180722891566274,
    "AP": 0.018333100542889988,
    "F1": 0.02517822932839873
}