{
    "AUC": 0.21950469169469614,
    "AR": 0.22855421686746985,
    "AP": 0.13992293967578487,
    "F1": 0.17357916132116685
}