{
    "AUC": 0.389543319058338,
    "AR": 0.24546184738955823,
    "AP": 0.13337058762016113,
    "F1": 0.17283309346960105
}