{
    "AUC": 0.2147672916161404,
    "AR": 0.16911646586345386,
    "AP": 0.09175711388217109,
    "F1": 0.11896673348611475
}