{
    "AUC": 0.16755783942687175,
    "AR": 0.09793172690763052,
    "AP": 0.0450929831947392,
    "F1": 0.061752038686417224
}