{
    "AUC": 0.21782764396696125,
    "AR": 0.1690160642570281,
    "AP": 0.08932405943118617,
    "F1": 0.11687848370577139
}