{
    "AUC": 0.0759949945871137,
    "AR": 0.033935742971887554,
    "AP": 0.014894216174222487,
    "F1": 0.02070230246737408
}