{
    "AUC": 0.2926046316941794,
    "AR": 0.12433734939759042,
    "AP": 0.05522610685929421,
    "F1": 0.07648179521126203
}