{
    "AUC": 0.33318225106941424,
    "AR": 0.03578313253012047,
    "AP": 0.026357844978792642,
    "F1": 0.030355694354799154
}