{
    "AUC": 0.336342895622335,
    "AR": 0.032710843373493954,
    "AP": 0.02442389918216495,
    "F1": 0.02796639330052167
}