{
    "AUC": 0.27570326895337777,
    "AR": 0.13060240963855424,
    "AP": 0.06745144871037086,
    "F1": 0.08895884996762647
}