{
    "AUC": 0.21389931915453644,
    "AR": 0.01837349397590362,
    "AP": 0.015098996996875494,
    "F1": 0.016576079180356577
}