{
    "AUC": 0.2826994156273538,
    "AR": 0.13399598393574297,
    "AP": 0.0601409524640902,
    "F1": 0.08302022530798973
}