{
    "AUC": 0.3366688986218041,
    "AR": 0.29154618473895594,
    "AP": 0.1829411145554721,
    "F1": 0.22481437989953168
}