{
    "AUC": 0.22776362848349102,
    "AR": 0.1705421686746988,
    "AP": 0.09164277643826954,
    "F1": 0.11922086396241391
}