{
    "AUC": 0.25685480208394157,
    "AR": 0.021566265060240977,
    "AP": 0.016082280838815858,
    "F1": 0.01842486731217028
}