{
    "AUC": 0.21165640262594118,
    "AR": 0.01724899598393574,
    "AP": 0.014003485257993022,
    "F1": 0.015457720563458073
}