{
    "AUC": 0.25166958530867733,
    "AR": 0.021746987951807243,
    "AP": 0.015775326378789974,
    "F1": 0.018285963369568746
}