{
    "AUC": 0.21606070282427087,
    "AR": 0.1080722891566265,
    "AP": 0.04338949128549146,
    "F1": 0.06191927276804415
}