{
    "AUC": 0.1851984094434071,
    "AR": 0.08997991967871488,
    "AP": 0.03983099559548576,
    "F1": 0.05521861974140718
}