{
    "AUC": 0.30596134854677215,
    "AR": 0.11907630522088353,
    "AP": 0.05710756883136611,
    "F1": 0.07719387864714214
}