{
    "AUC": 0.0025839793281653744,
    "AR": 0.0020080321285140547,
    "AP": 0.001014638146553515,
    "F1": 0.0013480967566334141
}