{
    "AUC": 0.2060739540057962,
    "AR": 0.2087951807228917,
    "AP": 0.12675349632770241,
    "F1": 0.15774473859129856
}