{
    "AUC": 0.24527286145710234,
    "AR": 0.24716867469879494,
    "AP": 0.15388647971713193,
    "F1": 0.189679234025254
}