{
    "AUC": 0.2617963261982639,
    "AR": 0.2043373493975904,
    "AP": 0.10965166906452106,
    "F1": 0.14271793022194298
}