{
    "AUC": 0.31354266111587775,
    "AR": 0.28704819277108434,
    "AP": 0.18317444084936851,
    "F1": 0.22363828726332963
}