{
    "AUC": 0.21288254939996318,
    "AR": 0.21668674698795176,
    "AP": 0.13123150707820505,
    "F1": 0.1634644232590077
}