{
    "AUC": 0.19455328828461854,
    "AR": 0.10042168674698794,
    "AP": 0.04798861647632767,
    "F1": 0.06494290095150253
}