{
    "AUC": 0.08574581758361653,
    "AR": 0.025823293172690758,
    "AP": 0.012678510414594689,
    "F1": 0.01700704179672301
}