{
    "AUC": 0.20692260644426425,
    "AR": 0.0890562248995984,
    "AP": 0.03777321007579544,
    "F1": 0.053046668422712
}