{
    "AUC": 0.1477194715342228,
    "AR": 0.05825301204819276,
    "AP": 0.021381007653765563,
    "F1": 0.03128080438784325
}