{
    "AUC": 0.34291952664357944,
    "AR": 0.03267068273092367,
    "AP": 0.02473236397468153,
    "F1": 0.028152624746436882
}