{
    "AUC": 0.20625309710296064,
    "AR": 0.09074297188755019,
    "AP": 0.04498464306542007,
    "F1": 0.0601504742048451
}