{
    "AUC": 0.2856379606266642,
    "AR": 0.18849397590361455,
    "AP": 0.09023536951189655,
    "F1": 0.12204544549174445
}