{
    "AUC": 0.25702935425461537,
    "AR": 0.10588528678304242,
    "AP": 0.04782785242036465
}