{
    "AUC": 0.0025766117011833825,
    "AR": 0.0020080321285140547,
    "AP": 0.0010142752624183564,
    "F1": 0.001347776417583218
}