{
    "AUC": 0.18162479913582683,
    "AR": 0.04459839357429718,
    "AP": 0.020615367430169562,
    "F1": 0.028196879191386477
}