{
    "AUC": 0.18708935015018244,
    "AR": 0.0795180722891566,
    "AP": 0.03356676471703025,
    "F1": 0.04720640704705428
}