{
    "AUC": 0.07215038771437954,
    "AR": 0.031144578313253006,
    "AP": 0.013704608914610396,
    "F1": 0.019033756996533313
}