{
    "AUC": 0.07747622130672191,
    "AR": 0.033935742971887554,
    "AP": 0.014914893572086722,
    "F1": 0.02072226814321117
}