{
    "AUC": 0.002545595535599396,
    "AR": 0.0020080321285140547,
    "AP": 0.0010142757742492255,
    "F1": 0.0013477768694604348
}