{
    "AUC": 0.20624436744800556,
    "AR": 0.20937751004016078,
    "AP": 0.12692459738113737,
    "F1": 0.1580433519509336
}