{
    "AUC": 0.25614598729981153,
    "AR": 0.02552208835341363,
    "AP": 0.017894528321090425,
    "F1": 0.021038292148716775
}