{
    "AUC": 0.22071577103035248,
    "AR": 0.1688152610441766,
    "AP": 0.09069817744286657,
    "F1": 0.11799956557558401
}