{
    "AUC": 0.2630932062581544,
    "AR": 0.13012048192771083,
    "AP": 0.06696614053130864,
    "F1": 0.08842473801675237
}