{
    "AUC": 0.1263342005991503,
    "AR": 0.05586345381526106,
    "AP": 0.02536392296404775,
    "F1": 0.034887654760183136
}