{
    "AUC": 0.30777956562427444,
    "AR": 0.13453815261044177,
    "AP": 0.056722078306255946,
    "F1": 0.07980000432889002
}