{
    "AUC": 0.20492075959339753,
    "AR": 0.1093975903614458,
    "AP": 0.05315267763721969,
    "F1": 0.07154432811908103
}