{
    "AUC": 0.0026163336932185518,
    "AR": 0.0020080321285140547,
    "AP": 0.0010139132208648277,
    "F1": 0.00134745674566233
}