{
    "AUC": 0.1752009496135607,
    "AR": 0.10463855421686744,
    "AP": 0.04981362343422784,
    "F1": 0.06749565614070971
}