{
    "AUC": 0.18532205078389816,
    "AR": 0.02020080321285141,
    "AP": 0.014464418668277426,
    "F1": 0.016857983837987863
}