{
    "AUC": 0.18169810555352728,
    "AR": 0.044638554216867465,
    "AP": 0.020614418143231884,
    "F1": 0.028204012435102864
}