{
    "AUC": 0.0025667739450954494,
    "AR": 0.0020080321285140547,
    "AP": 0.0010145104644505673,
    "F1": 0.0013479840529441959
}