{
    "AUC": 0.2011415316438166,
    "AR": 0.0975100401606426,
    "AP": 0.04130444460550226,
    "F1": 0.05802849838157299
}