{
    "AUC": 0.3710252667603886,
    "AR": 0.2736144578313253,
    "AP": 0.1627864866954752,
    "F1": 0.20412758889761448
}