{
    "AUC": 0.18949726199194875,
    "AR": 0.10893574297188754,
    "AP": 0.05370907664650703,
    "F1": 0.07194619764157048
}