{
    "AUC": 0.7774064806582427,
    "AR": 0.5519950124688279,
    "AP": 0.42461136014964074
}