{
    "AUC": 0.6442842061200265,
    "AR": 0.27855361596009975,
    "AP": 0.19397840192771476
}