{
    "AUC": 0.7734625549253866,
    "AR": 0.4433416458852869,
    "AP": 0.29250578380703673
}