{
    "AUC": 0.7728419951882187,
    "AR": 0.5154114713216957,
    "AP": 0.3764843281751862
}