{
    "AUC": 0.7579292167472619,
    "AR": 0.5455361596009974,
    "AP": 0.4297759288537081
}