{
    "AUC": 0.518779771892044,
    "AR": 0.3728179551122195,
    "AP": 0.2402325287050403
}