{
    "AUC": 0.44993666875786165,
    "AR": 0.30369077306733167,
    "AP": 0.1744001547139818
}