{
    "AUC": 0.0042125539885377586,
    "AR": 0.0,
    "AP": 2.4642946338827635e-06
}