{
    "AUC": 0.32666780496019965,
    "AR": 0.00960099750623441,
    "AP": 0.010985075180331028
}