{
    "AUC": 0.39115447596547476,
    "AR": 0.12970074812967586,
    "AP": 0.042838640504299946
}