{
    "AUC": 0.2525530536021432,
    "AR": 0.06413965087281794,
    "AP": 0.017470858823920035
}