{
    "AUC": 0.23200734427667097,
    "AR": 0.09788029925187032,
    "AP": 0.050529213590696266
}