{
    "AUC": 0.46668966683398333,
    "AR": 0.3266583541147133,
    "AP": 0.15792072340963423
}