{
    "AUC": 0.6483223118452925,
    "AR": 0.5593017456359104,
    "AP": 0.4188500341763484
}