{
    "AUC": 0.2545719272746991,
    "AR": 0.11479919678714859,
    "AP": 0.055948521666287575,
    "F1": 0.07523199029414544
}