{
    "AUC": 0.3739474106402525,
    "AR": 0.2053815261044177,
    "AP": 0.10010215509312215,
    "F1": 0.13460053446240913
}