{
    "AUC": 0.0027080349369505994,
    "AR": 0.0020080321285140547,
    "AP": 0.0010130624210468538,
    "F1": 0.0013467052131473202
}