{
    "AUC": 0.18150205439362066,
    "AR": 0.11222891566265057,
    "AP": 0.05373267530672861,
    "F1": 0.07267175314606458
}