{
    "AUC": 0.22632286468047924,
    "AR": 0.24096385542168694,
    "AP": 0.1500206996568671,
    "F1": 0.18491557128191272
}