{
    "AUC": 0.0028297332552717257,
    "AR": 0.0020080321285140547,
    "AP": 0.0010127421778994771,
    "F1": 0.0013464222247956661
}