{
    "AUC": 0.1776714677278214,
    "AR": 0.06489959839357429,
    "AP": 0.025040642108409148,
    "F1": 0.03613794242227183
}