{
    "AUC": 0.20799278342789376,
    "AR": 0.21180722891566273,
    "AP": 0.12733764108703655,
    "F1": 0.15905316742716932
}