{
    "AUC": 0.2568242591437091,
    "AR": 0.021566265060240977,
    "AP": 0.016082348809574157,
    "F1": 0.01842491191935244
}