{
    "AUC": 0.3255015350770511,
    "AR": 0.2887751004016065,
    "AP": 0.18392393378718674,
    "F1": 0.2247207995116842
}