{
    "AUC": 0.22903567323075347,
    "AR": 0.09020080321285141,
    "AP": 0.03909798432460328,
    "F1": 0.054550698537077925
}