{
    "AUC": 0.382079065598266,
    "AR": 0.2660240963855422,
    "AP": 0.15363786905571156,
    "F1": 0.19478236605584065
}