{
    "AUC": 0.342555233586751,
    "AR": 0.03267068273092367,
    "AP": 0.02473331150551147,
    "F1": 0.028153238597072597
}