{
    "AUC": 0.1772327284776428,
    "AR": 0.06455823293172687,
    "AP": 0.025993772079507007,
    "F1": 0.03706404938189596
}