{
    "AUC": 0.002654074599853123,
    "AR": 0.0020080321285140547,
    "AP": 0.0010137025303607662,
    "F1": 0.0013472706769550526
}