{
    "AUC": 0.29048602840866733,
    "AR": 0.1560843373493976,
    "AP": 0.08278070767766463,
    "F1": 0.10818470238471782
}