{
    "AUC": 0.1824140704117498,
    "AR": 0.05070281124497994,
    "AP": 0.025006864424001688,
    "F1": 0.033494221590977695
}