{
    "AUC": 0.28229691904390697,
    "AR": 0.2452610441767068,
    "AP": 0.1533281552394353,
    "F1": 0.18869263648285975
}