{
    "AUC": 0.23805643358523051,
    "AR": 0.134136546184739,
    "AP": 0.0627382089979927,
    "F1": 0.08549076453195963
}