{
    "AUC": 0.19158190354420107,
    "AR": 0.0727911646586345,
    "AP": 0.035580306162208496,
    "F1": 0.04779730135322344
}