{
    "AUC": 0.28843135617454063,
    "AR": 0.22433734939759034,
    "AP": 0.12078557332075404,
    "F1": 0.15702645973683965
}