{
    "AUC": 0.21471808985472043,
    "AR": 0.16911646586345386,
    "AP": 0.09177891759341572,
    "F1": 0.11898505813720213
}