{
    "AUC": 0.18311072582305307,
    "AR": 0.017831325301204827,
    "AP": 0.014254997730471355,
    "F1": 0.0158438535602247
}