{
    "AUC": 0.27710323847291735,
    "AR": 0.08759036144578311,
    "AP": 0.042889870471384525,
    "F1": 0.05758327068787355
}