{
    "AUC": 0.17860202460975724,
    "AR": 0.07425702811244977,
    "AP": 0.029937170341788156,
    "F1": 0.04267119153766938
}