{
    "AUC": 0.21140201324241895,
    "AR": 0.01724899598393574,
    "AP": 0.013999753779180977,
    "F1": 0.015455446924677011
}