{
    "AUC": 0.16760173431994604,
    "AR": 0.09797188755020081,
    "AP": 0.04609160824713022,
    "F1": 0.06269016082392483
}