{
    "AUC": 0.08987656054468539,
    "AR": 0.03755020080321285,
    "AP": 0.016224921356841875,
    "F1": 0.022659141643691587
}