{
    "AUC": 0.32179064191685397,
    "AR": 0.06212851405622491,
    "AP": 0.031141135282244055,
    "F1": 0.04148728927003084
}