{
    "AUC": 0.23442279310656114,
    "AR": 0.17672690763052212,
    "AP": 0.09484723583892402,
    "F1": 0.12344370103114556
}