{
    "AUC": 0.0026885724717050016,
    "AR": 0.0020080321285140547,
    "AP": 0.0010133498753047976,
    "F1": 0.0013469591759438732
}