{
    "AUC": 0.21902101949606717,
    "AR": 0.09652610441767066,
    "AP": 0.04647898594971671,
    "F1": 0.06274511542888328
}