{
    "AUC": 0.002748414130785722,
    "AR": 0.0020080321285140547,
    "AP": 0.0010123680443426656,
    "F1": 0.0013460915392534297
}