{
    "AUC": 0.22870701181353797,
    "AR": 0.06066265060240964,
    "AP": 0.02630908957357859,
    "F1": 0.03670109636164612
}