{
    "AUC": 0.1925850122884852,
    "AR": 0.08479919678714865,
    "AP": 0.034803000211386055,
    "F1": 0.049351375439109356
}