{
    "AUC": 0.23360740533920374,
    "AR": 0.09722891566265064,
    "AP": 0.04336664783416697,
    "F1": 0.05998044376322774
}