{
    "AUC": 0.17789512954755804,
    "AR": 0.06489959839357429,
    "AP": 0.025043199586223582,
    "F1": 0.03614060563250645
}