{
    "AUC": 0.2840251117386096,
    "AR": 0.15718875502008034,
    "AP": 0.06614573529099459,
    "F1": 0.09311025597342441
}