{
    "AUC": 0.21491028714340565,
    "AR": 0.16931726907630518,
    "AP": 0.08971995107912155,
    "F1": 0.11728922267820524
}