{
    "AUC": 0.1296850288531298,
    "AR": 0.06610441767068274,
    "AP": 0.029588495357232705,
    "F1": 0.04087931265653885
}