{
    "AUC": 0.2291312871978974,
    "AR": 0.10385542168674694,
    "AP": 0.0535767470230683,
    "F1": 0.07068740398210642
}