{
    "AUC": 0.11279323200227817,
    "AR": 0.04566265060240967,
    "AP": 0.021648342284647043,
    "F1": 0.029371745905572358
}