{
    "AUC": 0.23002303876164876,
    "AR": 0.11598393574297194,
    "AP": 0.06196305982407256,
    "F1": 0.08077371046554636
}