{
    "AUC": 0.2061183665961556,
    "AR": 0.2087951807228917,
    "AP": 0.126753069513893,
    "F1": 0.1577444080704269
}