{
    "AUC": 0.2227100716769873,
    "AR": 0.0243574297188755,
    "AP": 0.015966760340156254,
    "F1": 0.019289128548107184
}