{
    "AUC": 0.18321936884612633,
    "AR": 0.01787148594377511,
    "AP": 0.01425378839816339,
    "F1": 0.015858938746603744
}