{
    "AUC": 0.33082225532851633,
    "AR": 0.03911646586345384,
    "AP": 0.023910581228516123,
    "F1": 0.02967924018511582
}