{
    "AUC": 0.21823823792579647,
    "AR": 0.2210843373493978,
    "AP": 0.1353585692036985,
    "F1": 0.1679127794481976
}