{
    "AUC": 0.26331212932927706,
    "AR": 0.04092369477911646,
    "AP": 0.023427000354414355,
    "F1": 0.029796707249390767
}