{
    "AUC": 0.34945741797090857,
    "AR": 0.28040160642570267,
    "AP": 0.1750862320119617,
    "F1": 0.2155687005280873
}