{
    "AUC": 0.14434164550276993,
    "AR": 0.05309236947791165,
    "AP": 0.02026757213480763,
    "F1": 0.029336267301904865
}