{
    "AUC": 0.29189887475017073,
    "AR": 0.1262449799196787,
    "AP": 0.06023684454436256,
    "F1": 0.08155861035555485
}