{
    "AUC": 0.21049808538940323,
    "AR": 0.2157429718875501,
    "AP": 0.12999684915454987,
    "F1": 0.16223706304981894
}