{
    "AUC": 0.17581990071440257,
    "AR": 0.06592369477911647,
    "AP": 0.02740038959377309,
    "F1": 0.038711012972627946
}