{
    "AUC": 0.1692985043124261,
    "AR": 0.09925702811244977,
    "AP": 0.046256277545052966,
    "F1": 0.0631043411449003
}