{
  "AUC": 0.08937414009955655,
  "AR": 0.06286153846153841,
  "AP": 0.03314604835867452,
  "F1": 0.04340514458818077,
  "timePerImage": 0.16390914623553937
}