{
  "AUC": 0.04212271738101996,
  "AR": 0.02981538461538462,
  "AP": 0.01445370055960562,
  "F1": 0.019469236357461568,
  "timePerImage": 0.05915247917175293
}