{
  "AUC": 0.02725178164719712,
  "AR": 0.0,
  "AP": 5.891729608910674e-05,
  "F1": 0.0,
  "timePerImage": 0.020099663367638222
}