{
  "AUC": 0.5584210806494543,
  "AR": 0.36695384615384635,
  "AP": 0.2246796792426718,
  "F1": 0.2787099409062533,
  "timePerImage": 0.018908791908851037
}