{
  "AUC": 0.04106077492174903,
  "AR": 0.03692307692307693,
  "AP": 0.019188987695765793,
  "F1": 0.025253623212032502,
  "timePerImage": 0.01862680361821101
}