{
  "AUC": 0.37330212297512444,
  "AR": 0.2592307692307692,
  "AP": 0.15022727275674913,
  "F1": 0.19021988815820978,
  "timePerImage": 0.0055923161139855015
}