{
  "AUC": 0.11012334534916178,
  "AR": 0.09867692307692304,
  "AP": 0.05156823206433176,
  "F1": 0.06773721873215648,
  "timePerImage": 0.012732550547673152
}