{
  "AUC": 0.27924514059256467,
  "AR": 0.1743384615384614,
  "AP": 0.10698092639280393,
  "F1": 0.13259583890348706,
  "timePerImage": 0.0213523740034837
}