{
  "AUC": -1,
  "AR": 0.9969230769230769,
  "AP": 0.0037801673984129594,
  "F1": 0.0075317755498341445,
  "timePerImage": 9.189940981846151
}