{
  "AUC": 0.10424443757725588,
  "AR": 0.09313846153846145,
  "AP": 0.05092734707133468,
  "F1": 0.0658490005676038,
  "timePerImage": 0.09396523255568284
}