{
  "AUC": 0.3197204726498252,
  "AR": 0.20581538461538462,
  "AP": 0.12358662575001718,
  "F1": 0.15443760579263918,
  "timePerImage": 0.012379137185903695
}