{
  "AUC": -1,
  "AR": 0.48464163822525597,
  "AP": 0.022477815029743532,
  "F1": 0.04296299433917166,
  "timePerImage": 0.34060042295882953
}