{
    "AUC": 0.7747229047996749,
    "AR": 0.5159638554216868,
    "AP": 0.43241133952603056,
    "F1": 0.4705070800216499
}