{
    "AUC": 0.9503128485595835,
    "AR": 0.9492269326683289,
    "AP": 0.926689503268596
}