{
    "AUC": 0.8252432939175838,
    "AR": 0.8122690763052205,
    "AP": 0.745779904793567,
    "F1": 0.777605789988007
}