{
    "AUC": 0.7121833633152433,
    "AR": 0.7086746987951814,
    "AP": 0.6106297301399602,
    "F1": 0.6560090765883316
}