{
    "AUC": 0.65671802419515,
    "AR": 0.6686746987951807,
    "AP": 0.5611358344294046,
    "F1": 0.6102034824607299
}