{
    "AUC": 0.8081662313590026,
    "AR": 0.7689357429718874,
    "AP": 0.6956626832243449,
    "F1": 0.7304663075081823
}