{
    "AUC": 0.9232839510517014,
    "AR": 0.9126305220883536,
    "AP": 0.8775171402121361,
    "F1": 0.8947294602324848
}