{
    "AUC": 0.3821822041077125,
    "AR": 0.2519076305220883,
    "AP": 0.16013515278307655,
    "F1": 0.19580135139025873
}