{
    "AUC": 0.7171518994812621,
    "AR": 0.4035742971887549,
    "AP": 0.31748182650177675,
    "F1": 0.35538843868316555
}