{
    "AUC": 0.7942415670428811,
    "AR": 0.7895582329317271,
    "AP": 0.7137537579627843,
    "F1": 0.7497447759332353
}