{
    "AUC": 0.7558248895446469,
    "AR": 0.7582931726907627,
    "AP": 0.6724681729991716,
    "F1": 0.7128065431362456
}