{
    "AUC": 0.11502001820118835,
    "AR": 0.1132329317269077,
    "AP": 0.062454495387072824,
    "F1": 0.08050554019002006
}