{
    "AUC": 0.8324468793780859,
    "AR": 0.8154016064257025,
    "AP": 0.7501475796317983,
    "F1": 0.781414658747943
}