{
    "AUC": 0.4069740345332318,
    "AR": 0.2883333333333332,
    "AP": 0.18781080519021778,
    "F1": 0.22746101911253208
}