{
    "AUC": 0.0025718969760012388,
    "AR": 0.00018072289156626523,
    "AP": 0.0010143095627532807,
    "F1": 0.00030678490188530244
}