{
    "AUC": 0.8074293925651826,
    "AR": 0.763855421686746,
    "AP": 0.6917907383463059,
    "F1": 0.7260392266572591
}