{
    "AUC": 0.894776730160077,
    "AR": 0.8853413654618483,
    "AP": 0.8415840933127022,
    "F1": 0.8629083629969352
}