{
    "AUC": 0.8833808495012211,
    "AR": 0.8702811244979921,
    "AP": 0.8222313729090092,
    "F1": 0.8455741921067843
}