{
    "AUC": 0.7749745730537067,
    "AR": 0.785301204819277,
    "AP": 0.7053989717041959,
    "F1": 0.7432086895561744
}