{
    "AUC": 0.8482228486516219,
    "AR": 0.8226907630522088,
    "AP": 0.7621347732281745,
    "F1": 0.7912558496593805
}