{
    "AUC": 0.7942906261989044,
    "AR": 0.7895582329317271,
    "AP": 0.7137527190068879,
    "F1": 0.7497442027446968
}