{
    "AUC": 0.0015594115952681296,
    "AR": 0.0,
    "AP": 7.431039949270767e-06,
    "F1": 0.0
}