{
    "AUC": 0.8123823170393301,
    "AR": 0.6623293172690763,
    "AP": 0.586108810513732,
    "F1": 0.6218923303830487
}