{
    "AUC": 0.7789941241085906,
    "AR": 0.7816265060240967,
    "AP": 0.703248479063482,
    "F1": 0.74036892947554
}