{
    "AUC": 0.9207584894668764,
    "AR": 0.8797188755020082,
    "AP": 0.84117729892316,
    "F1": 0.8600164943171906
}