{
    "AUC": 0.8045810706955489,
    "AR": 0.8021485943775097,
    "AP": 0.7277294217689463,
    "F1": 0.7631289901524224
}