{
    "AUC": 0.7567481913187449,
    "AR": 0.7583734939759034,
    "AP": 0.6737441427822325,
    "F1": 0.7135582810979006
}