{
    "AUC": 0.6465084391883733,
    "AR": 0.6606425702811239,
    "AP": 0.5509661157081863,
    "F1": 0.6008403125998633
}