{
    "AUC": 0.8065248221281212,
    "AR": 0.7968674698795188,
    "AP": 0.7276955492874325,
    "F1": 0.7607122879316832
}