{
    "AUC": 0.7312210790367504,
    "AR": 0.44861445783132525,
    "AP": 0.3717637346275404,
    "F1": 0.4065895163580792
}