{
    "AUC": 0.8029740787389459,
    "AR": 0.8079116465863448,
    "AP": 0.7329913447740849,
    "F1": 0.7686301442858988
}