{
    "AUC": 0.8386418000267157,
    "AR": 0.8244979919678712,
    "AP": 0.760456790847202,
    "F1": 0.7911835767557098
}