{
    "AUC": 0.37557305946673425,
    "AR": 0.318192771084337,
    "AP": 0.20989755825330933,
    "F1": 0.2529411428087494
}