{
    "AUC": 0.4679239716866565,
    "AR": 0.4772088353413654,
    "AP": 0.3539973804795063,
    "F1": 0.4064711606750656
}