{
    "AUC": 0.7859741273358514,
    "AR": 0.78429718875502,
    "AP": 0.7084588943827033,
    "F1": 0.7444515892307098
}