{
    "AUC": 0.9151184241039065,
    "AR": 0.8963654618473885,
    "AP": 0.8605125880648743,
    "F1": 0.8780731974706867
}