{
    "AUC": 0.9309980734732144,
    "AR": 0.8997188755020078,
    "AP": 0.8646356091189764,
    "F1": 0.8818284361066279
}