{
    "AUC": 0.7380800012257592,
    "AR": 0.4615461847389558,
    "AP": 0.3802091855913059,
    "F1": 0.4169479760931536
}