{
    "AUC": 0.7696695026613197,
    "AR": 0.5379116465863454,
    "AP": 0.4584457982708333,
    "F1": 0.4950097688160587
}