{
    "AUC": 0.4746683701469207,
    "AR": 0.44230923694779106,
    "AP": 0.31927557638903165,
    "F1": 0.3708543923032317
}