{
    "AUC": 0.006624955420136145,
    "AR": 0.0017068273092369476,
    "AP": 0.003052548656163114,
    "F1": 0.0021894355255776873
}