{
    "AUC": 0.002542028777813036,
    "AR": 2.008032128514058e-05,
    "AP": 0.001014341418194589,
    "F1": 3.9381039266280075e-05
}