{
    "AUC": 0.6766741796898915,
    "AR": 0.3187550200803214,
    "AP": 0.24203424753412717,
    "F1": 0.27514660457413664
}