{
    "AUC": 0.6339985329741108,
    "AR": 0.23817269076305217,
    "AP": 0.17602002697599617,
    "F1": 0.20243312669476082
}