{
    "AUC": 0.7555293912256934,
    "AR": 0.7580923694779113,
    "AP": 0.6724822188164356,
    "F1": 0.7127257017785367
}