{
    "AUC": 0.8442383189658078,
    "AR": 0.8422289156626513,
    "AP": 0.7816466606602728,
    "F1": 0.8108077109330442
}