{
    "AUC": 0.7933223285029966,
    "AR": 0.787730923694779,
    "AP": 0.7111984716742049,
    "F1": 0.7475108977822492
}