{
    "AUC": 0.7548317313433855,
    "AR": 0.7587751004016062,
    "AP": 0.6727101643901866,
    "F1": 0.7131553989144092
}