{
    "AUC": 0.7559125202612098,
    "AR": 0.7582931726907627,
    "AP": 0.6724668595945245,
    "F1": 0.7128058052849613
}