{
    "AUC": 0.7660260272534251,
    "AR": 0.7607630522088347,
    "AP": 0.678312397216491,
    "F1": 0.7171757531734425
}