{
    "AUC": 0.6533726200449622,
    "AR": 0.6686746987951807,
    "AP": 0.559716716083694,
    "F1": 0.6093634357983468
}