{
    "AUC": 0.6338370370061722,
    "AR": 0.23817269076305217,
    "AP": 0.17605392322996186,
    "F1": 0.20245554099418153
}