{
    "AUC": 0.04827047102484121,
    "AR": 0.0,
    "AP": 0.00018155533617768757
}