{
    "AUC": 0.30066734175170323,
    "AR": 0.285985037406484,
    "AP": 0.1803176432701979
}