{
    "AUC": 0.9762480158980477,
    "AR": 0.9672817955112222,
    "AP": 0.9562453011060713
}