{
    "AUC": 0.08107835951350634,
    "AR": 0.03860349127182044,
    "AP": 0.01801926318927431
}