{
    "AUC": 0.9475372109250085,
    "AR": 0.9395511221945136,
    "AP": 0.9159747584591713
}