{
    "AUC": 0.17383013973167413,
    "AR": 0.1305236907730674,
    "AP": 0.06478585065771685
}