{
    "AUC": 0.33575634879898086,
    "AR": 0.30805486284289296,
    "AP": 0.20461769079759087
}