{
    "AUC": 0.8973527104020632,
    "AR": 0.8487780548628421,
    "AP": 0.8073822860048573
}