{
    "AUC": 0.03210595654754347,
    "AR": 0.0,
    "AP": 0.0002757459834148045
}