{
    "AUC": 0.7535702353340862,
    "AR": 0.6869077306733167,
    "AP": 0.5765902917211683
}