{
    "AUC": 0.6381156708429452,
    "AR": 0.42640897755610974,
    "AP": 0.3061119776858615
}