{
    "AUC": 0.26687978712534544,
    "AR": 0.1410224438902743,
    "AP": 0.05909585894905883
}