{
    "AUC": 0.49541969676606884,
    "AR": 0.35985037406483783,
    "AP": 0.19101363918576544
}