{
    "AUC": 0.941560066367048,
    "AR": 0.9085037406483787,
    "AP": 0.8824857987881206
}