{
    "AUC": 0.7942209087924023,
    "AR": 0.7899196787148597,
    "AP": 0.713960997774064,
    "F1": 0.7500220606508778
}