{
    "AUC": 0.8000498339337929,
    "AR": 0.5133734939759036,
    "AP": 0.4287916910226126,
    "F1": 0.4672859751413154
}