{
    "AUC": 0.8610195790147082,
    "AR": 0.8348995983935744,
    "AP": 0.7801188150013627,
    "F1": 0.8065801354855943
}