{
    "AUC": 0.32578944848165614,
    "AR": 0.1922088353413654,
    "AP": 0.11600510527807319,
    "F1": 0.14468655203809866
}