{
    "AUC": 0.8445610842768967,
    "AR": 0.6620883534136546,
    "AP": 0.582981939783947,
    "F1": 0.6200221058847368
}