{
    "AUC": 0.6289834725346094,
    "AR": 0.647489959839358,
    "AP": 0.5356036393128671,
    "F1": 0.586256200113007
}