{
    "AUC": 0.32854795350209276,
    "AR": 0.19144578313253002,
    "AP": 0.11523718601556905,
    "F1": 0.1438728298739402
}