{
    "AUC": 0.6540890321850783,
    "AR": 0.6684939759036145,
    "AP": 0.559430369723346,
    "F1": 0.609118686227598
}