{
    "AUC": 0.8132532365096424,
    "AR": 0.8041164658634536,
    "AP": 0.7305980893955897,
    "F1": 0.7655963795980443
}