{
    "AUC": 0.9024024456808224,
    "AR": 0.8883935742971891,
    "AP": 0.8474078887318993,
    "F1": 0.8674168552023521
}