{
    "AUC": 0.7549007072292622,
    "AR": 0.7618875502008028,
    "AP": 0.6756758089944325,
    "F1": 0.7161965885564844
}