{
    "AUC": 0.8105133607077435,
    "AR": 0.7846385542168677,
    "AP": 0.7146824194730377,
    "F1": 0.7480284611232512
}