{
    "AUC": 0.9263742476207136,
    "AR": 0.9087349397590361,
    "AP": 0.8742182522844928,
    "F1": 0.8911424869381576
}