{
    "AUC": 0.7769399366764541,
    "AR": 0.7864257028112449,
    "AP": 0.7047803540306931,
    "F1": 0.7433679372520077
}