{
    "AUC": 0.8073701246076846,
    "AR": 0.763855421686746,
    "AP": 0.691784280653222,
    "F1": 0.7260356701801675
}