{
    "AUC": 0.011575749060381467,
    "AR": 0.00718875502008032,
    "AP": 0.004117587952212629,
    "F1": 0.005236057518267161
}