{
    "AUC": 0.0015836542044466526,
    "AR": 0.0,
    "AP": 7.148848558792131e-06,
    "F1": 0.0
}