{
    "AUC": 0.6767710869468778,
    "AR": 0.318835341365462,
    "AP": 0.24207301333964135,
    "F1": 0.27520157685684177
}