{
    "AUC": 0.7332708919248062,
    "AR": 0.38935742971887544,
    "AP": 0.30070238334375043,
    "F1": 0.33933495292077553
}