{
    "AUC": 0.0025640103074413695,
    "AR": 2.008032128514058e-05,
    "AP": 0.0010144645947144718,
    "F1": 3.938113208856396e-05
}