{
    "AUC": 0.3671965589677308,
    "AR": 0.2573895582329318,
    "AP": 0.16077613204294264,
    "F1": 0.1979220130357022
}