{
    "AUC": 0.6541789682783198,
    "AR": 0.6679718875502008,
    "AP": 0.5593929787696976,
    "F1": 0.6088797132208842
}