{
    "AUC": 0.8140764952554698,
    "AR": 0.6964457831325301,
    "AP": 0.6244758229783627,
    "F1": 0.6585001737718349
}