{
    "AUC": 0.8424149399402802,
    "AR": 0.7563453815261045,
    "AP": 0.6883705979067469,
    "F1": 0.7207588618345868
}