{
    "AUC": 0.75199947213365,
    "AR": 0.7613453815261038,
    "AP": 0.6722380677974209,
    "F1": 0.7140224009214218
}