{
    "AUC": 0.8194323903446106,
    "AR": 0.8100200803212848,
    "AP": 0.7400261532833778,
    "F1": 0.7734427930300541
}