{
    "AUC": 0.6541498951316742,
    "AR": 0.6679718875502008,
    "AP": 0.5593933170765035,
    "F1": 0.6088799136263703
}