{
    "AUC": 0.32748282685389263,
    "AR": 0.19144578313253002,
    "AP": 0.11523767669652765,
    "F1": 0.14387321229411626
}