{
    "AUC": 0.8154592279669135,
    "AR": 0.8086746987951801,
    "AP": 0.7360395778229775,
    "F1": 0.7706494241775705
}