{
    "AUC": 0.8703728807894622,
    "AR": 0.8536947791164652,
    "AP": 0.8018115330211394,
    "F1": 0.8269401506439203
}