{
    "AUC": 0.3915032669800859,
    "AR": 0.3432530120481926,
    "AP": 0.23117786730294024,
    "F1": 0.276282150291944
}