{
    "AUC": 0.7994337424324162,
    "AR": 0.7941365461847396,
    "AP": 0.7216412519809149,
    "F1": 0.7561552783344369
}