{
    "AUC": 0.6844971343876716,
    "AR": 0.3342168674698794,
    "AP": 0.2538655863943584,
    "F1": 0.2885519215396069
}