{
    "AUC": 0.7312069052760283,
    "AR": 0.44857429718875497,
    "AP": 0.37171988225018543,
    "F1": 0.4065467953107071
}