{
    "AUC": 0.6665362352278745,
    "AR": 0.29269076305220887,
    "AP": 0.20887315985356986,
    "F1": 0.24377847666747723
}