{
    "AUC": 0.8957573594105954,
    "AR": 0.8819879518072294,
    "AP": 0.8382218426826117,
    "F1": 0.8595481418090303
}