{
    "AUC": 0.911915251786111,
    "AR": 0.8584136546184733,
    "AP": 0.8175202752593398,
    "F1": 0.8374680584946853
}