{
    "AUC": 0.8854271887724663,
    "AR": 0.8380923694779119,
    "AP": 0.7857265533405695,
    "F1": 0.8110651004213264
}