{
    "AUC": 0.8712998806296186,
    "AR": 0.7699999999999999,
    "AP": 0.7052234918020959,
    "F1": 0.7361895898556654
}