{
    "AUC": 0.7926964360331499,
    "AR": 0.6164257028112449,
    "AP": 0.5394575354719338,
    "F1": 0.5753790338443185
}