{
    "AUC": 0.7928675459619261,
    "AR": 0.616586345381526,
    "AP": 0.5395353735369567,
    "F1": 0.5754932871331431
}