{
    "AUC": 0.8830684729869702,
    "AR": 0.7787550200803214,
    "AP": 0.7208663832925531,
    "F1": 0.7486933882559911
}