{
    "AUC": 0.7923969787674606,
    "AR": 0.7912248995983939,
    "AP": 0.7158162182814559,
    "F1": 0.7516339252076085
}