{
    "AUC": 0.816635085266999,
    "AR": 0.8187349397590361,
    "AP": 0.7503420011174127,
    "F1": 0.7830479144513955
}