{
    "AUC": 0.777532862677151,
    "AR": 0.7826305220883537,
    "AP": 0.7028435124912173,
    "F1": 0.740594278085914
}