{
    "AUC": 0.9124240490910491,
    "AR": 0.891285140562249,
    "AP": 0.851193856401569,
    "F1": 0.870778284582501
}