{
    "AUC": 0.8257805117528939,
    "AR": 0.7782329317269074,
    "AP": 0.7058898876255337,
    "F1": 0.740298241573955
}