{
    "AUC": 0.8610608630111172,
    "AR": 0.8593172690763048,
    "AP": 0.805149278055824,
    "F1": 0.8313518586598139
}