{
    "AUC": 0.3527043978883131,
    "AR": 0.21429718875502005,
    "AP": 0.13063718465846152,
    "F1": 0.16232178395059635
}