{
    "AUC": 0.8566771703106094,
    "AR": 0.8218875502008032,
    "AP": 0.7655942086889954,
    "F1": 0.7927427765436159
}