{
    "AUC": 0.826898635735766,
    "AR": 0.6523493975903615,
    "AP": 0.5765844179083578,
    "F1": 0.6121314149531569
}