{
    "AUC": 0.7975848113796373,
    "AR": 0.6338152610441767,
    "AP": 0.5538676466267759,
    "F1": 0.5911506594282522
}