{
    "AUC": 0.6537688360993236,
    "AR": 0.6693775100401607,
    "AP": 0.5609873551936378,
    "F1": 0.610408066085626
}