{
    "AUC": 0.0011285506426547112,
    "AR": 0.0,
    "AP": 2.8104018593618697e-06,
    "F1": 0.0
}