{
    "AUC": 0.8847766082656384,
    "AR": 0.8469678714859439,
    "AP": 0.7962443860737544,
    "F1": 0.8208232500128111
}