{
    "AUC": 0.6385576909714985,
    "AR": 0.24433734939759033,
    "AP": 0.18143206486685745,
    "F1": 0.20823773779938837
}