{
    "AUC": 0.7791127065867155,
    "AR": 0.781666666666667,
    "AP": 0.703246952971273,
    "F1": 0.7403860996393545
}