{
    "AUC": 0.05789938217122684,
    "AR": 0.04818181818181825,
    "AP": 0.0166284052647689,
    "F1": 0.024724086926840375
}