{
    "AUC": 0.08552188552188553,
    "AR": 0.07545454545454554,
    "AP": 0.034394749635391346,
    "F1": 0.047250921321553306
}