{
    "AUC": 0.2829028290282902,
    "AR": 0.23030303030303018,
    "AP": 0.10823825250459433,
    "F1": 0.1472647432524658
}