{
    "AUC": 0.10875420875420874,
    "AR": 0.0836363636363638,
    "AP": 0.037091402282789836,
    "F1": 0.05139149201491019
}