{
    "AUC": 0.19969223484848483,
    "AR": 0.18454545454545454,
    "AP": 0.11282977192068101,
    "F1": 0.14004005506984107
}