{
    "AUC": 0.2779415779415779,
    "AR": 0.18272727272727274,
    "AP": 0.12002122431499142,
    "F1": 0.14488032940031403
}