{
    "AUC": 0.21589254995368537,
    "AR": 0.18181818181818182,
    "AP": 0.1158276608872238,
    "F1": 0.14150760188921327
}