{
    "AUC": 0.23553024848921167,
    "AR": 0.19000000000000003,
    "AP": 0.113495300995301,
    "F1": 0.14210504820594286
}