{
    "AUC": 0.10176568837986162,
    "AR": 0.09090909090909091,
    "AP": 0.05241017441974379,
    "F1": 0.06648877664777154
}