{
    "AUC": 0.2889692864290663,
    "AR": 0.21666666666666654,
    "AP": 0.13596575018512405,
    "F1": 0.16708189301736875
}