{
    "AUC": 0.27351330839702936,
    "AR": 0.18333333333333335,
    "AP": 0.11876664002671469,
    "F1": 0.14415018818255373
}