{
    "AUC": 0.09870766488413547,
    "AR": 0.0606060606060606,
    "AP": 0.03716863262317807,
    "F1": 0.046078270910516084
}