{
    "AUC": 0.2428046151895524,
    "AR": 0.19636363636363624,
    "AP": 0.10555262101879126,
    "F1": 0.13730096332446784
}