{
    "AUC": 0.11995491394633025,
    "AR": 0.1212121212121212,
    "AP": 0.06795224977043159,
    "F1": 0.0870844365989997
}