{
    "AUC": 0.22727272727272732,
    "AR": 0.212121212121212,
    "AP": 0.1349556167737986,
    "F1": 0.1649603005983639
}