{
    "AUC": 0.22940145254194838,
    "AR": 0.2424242424242424,
    "AP": 0.15059687786960516,
    "F1": 0.1857830642877372
}