{
    "AUC": 0.10709838107098381,
    "AR": 0.11303030303030298,
    "AP": 0.05274671852211959,
    "F1": 0.07192767155035362
}