{
    "AUC": 0.25398675398675397,
    "AR": 0.18181818181818182,
    "AP": 0.11402569115264792,
    "F1": 0.14015462708588972
}