{
    "AUC": 0.05775027764556561,
    "AR": 0.0303030303030303,
    "AP": 0.016564337768399662,
    "F1": 0.02142000500563331
}