{
    "AUC": 0.02506887052341598,
    "AR": 0.0303030303030303,
    "AP": 0.015597147950089126,
    "F1": 0.02059429243895263
}