{
    "AUC": 0.8444911961075626,
    "AR": 0.8473895582329312,
    "AP": 0.7834517143018755,
    "F1": 0.8141672807277199
}