{
    "AUC": 0.6583450294835629,
    "AR": 0.6626506024096381,
    "AP": 0.5513199680007758,
    "F1": 0.6018803384873926
}