{
    "AUC": 0.8271456280213557,
    "AR": 0.829317269076306,
    "AP": 0.7592341195768991,
    "F1": 0.7927297424994098
}