{
    "AUC": 0.9893980789582512,
    "AR": 0.9879518072289146,
    "AP": 0.9840266773802568,
    "F1": 0.9859853359119833
}