{
    "AUC": 0.9873472757684939,
    "AR": 0.985943775100401,
    "AP": 0.9810146832406822,
    "F1": 0.9834730531513026
}