{
    "AUC": 0.009574240020580544,
    "AR": 0.012048192771084335,
    "AP": 0.00608609394697142,
    "F1": 0.008087049050904472
}