{
    "AUC": 0.09588656741770708,
    "AR": 0.10202811244979916,
    "AP": 0.05545041086908507,
    "F1": 0.07185107703966069
}