{
    "AUC": 0.5768468906961777,
    "AR": 0.579156626506024,
    "AP": 0.4568696463575944,
    "F1": 0.5107960870646687
}