{
    "AUC": 0.16957857448876165,
    "AR": 0.1794578313253012,
    "AP": 0.10558898607244557,
    "F1": 0.13295198750426956
}