{
    "AUC": 0.4867552124908041,
    "AR": 0.4919678714859434,
    "AP": 0.3672436223768313,
    "F1": 0.42055318046379053
}