{
    "AUC": 0.4739756923353211,
    "AR": 0.4779116465863454,
    "AP": 0.3533853724758188,
    "F1": 0.40632164284669037
}