{
    "AUC": 0.8858625897133694,
    "AR": 0.88628514056225,
    "AP": 0.8373842193877388,
    "F1": 0.8611410144300592
}