{
    "AUC": 0.10729995484741472,
    "AR": 0.11150602409638564,
    "AP": 0.06161371403829962,
    "F1": 0.07937050224599386
}