{
    "AUC": 0.9019016176125114,
    "AR": 0.9056224899598391,
    "AP": 0.863712394851034,
    "F1": 0.8841710818557441
}