{
    "AUC": 0.9836392428233344,
    "AR": 0.9830321285140554,
    "AP": 0.9759986345222829,
    "F1": 0.9795027553668432
}