{
    "AUC": 0.14590087831371096,
    "AR": 0.1546184738955823,
    "AP": 0.08944887011665086,
    "F1": 0.11333304621389662
}