{
    "AUC": 0.7932515248719894,
    "AR": 0.80722891566265,
    "AP": 0.7300792708055562,
    "F1": 0.7667182199479373
}