{
    "AUC": 0.11836069900762548,
    "AR": 0.1265060240963856,
    "AP": 0.07127099949092143,
    "F1": 0.09117551286225985
}