{
    "AUC": 0.0873983279648285,
    "AR": 0.08251004016064253,
    "AP": 0.03994623085413029,
    "F1": 0.053830891382328154
}