{
    "AUC": 0.4427511285402383,
    "AR": 0.4457831325301202,
    "AP": 0.3229151728450609,
    "F1": 0.3745296074826605
}