{
    "AUC": 0.5169048145939447,
    "AR": 0.5187951807228912,
    "AP": 0.39353661716321814,
    "F1": 0.44756721380383996
}