{
    "AUC": 0.01073789588516878,
    "AR": 0.014056224899598381,
    "AP": 0.007116278735011731,
    "F1": 0.009448860283489695
}