{
    "AUC": 0.00970960966354075,
    "AR": 0.012048192771084335,
    "AP": 0.006083839490192174,
    "F1": 0.008085058520738639
}