{
    "AUC": 0.010756118720084676,
    "AR": 0.014056224899598381,
    "AP": 0.0071144226026914675,
    "F1": 0.009447223956981096
}