{
    "AUC": 0.7521463448405877,
    "AR": 0.7526706827309231,
    "AP": 0.6603166360861282,
    "F1": 0.7034754900951558
}