{
    "AUC": 0.7141840511126613,
    "AR": 0.714859437751004,
    "AP": 0.6141741955064199,
    "F1": 0.6607029485097374
}