{
    "AUC": 0.989397585319939,
    "AR": 0.9879518072289146,
    "AP": 0.9840267257627598,
    "F1": 0.9859853601996332
}