{
    "AUC": 0.010942034906771017,
    "AR": 0.014056224899598381,
    "AP": 0.007110796125679187,
    "F1": 0.009444026104417667
}