{
    "AUC": 0.14218785221870447,
    "AR": 0.14929718875502013,
    "AP": 0.08579172837833587,
    "F1": 0.10896697319043863
}