{
    "AUC": 0.6253501175139637,
    "AR": 0.6265060240963849,
    "AP": 0.5105229023857211,
    "F1": 0.562599009285378
}