{
    "AUC": 0.572396085675417,
    "AR": 0.5714859437751004,
    "AP": 0.44937384857444035,
    "F1": 0.5031265603464603
}