{
    "AUC": 0.1480156816669157,
    "AR": 0.15863453815261042,
    "AP": 0.09192504424135173,
    "F1": 0.1163993553833167
}