{
    "AUC": 0.0091014914594949,
    "AR": 0.010040160642570286,
    "AP": 0.0050568305432564815,
    "F1": 0.006726027772237931
}