{
    "AUC": 0.4466722704023186,
    "AR": 0.44941767068273053,
    "AP": 0.3257227939492131,
    "F1": 0.37770078075961094
}