{
    "AUC": 0.036409321244999036,
    "AR": 0.03913654618473897,
    "AP": 0.019864958733203937,
    "F1": 0.026353425255888383
}