{
    "AUC": 0.011015063973365581,
    "AR": 0.014056224899598381,
    "AP": 0.007111638404211072,
    "F1": 0.009444768929155176
}