{
    "AUC": 0.9528239651484927,
    "AR": 0.9538152610441766,
    "AP": 0.9336904167840381,
    "F1": 0.9436455519900858
}