{
    "AUC": 0.8799984555901352,
    "AR": 0.8855421686746999,
    "AP": 0.8356524690310538,
    "F1": 0.8598742797276067
}