{
    "AUC": 0.016653655461453386,
    "AR": 0.016064257028112438,
    "AP": 0.008155273288557474,
    "F1": 0.010818410144949513
}