{
    "AUC": 0.5819839957186587,
    "AR": 0.586345381526104,
    "AP": 0.4654190201449661,
    "F1": 0.5189304610477804
}