{
    "AUC": 0.7020632187808451,
    "AR": 0.7088353413654614,
    "AP": 0.60687986676861,
    "F1": 0.653907311961265
}