{
    "AUC": 0.3785166792572219,
    "AR": 0.38048192771084294,
    "AP": 0.26167870872596105,
    "F1": 0.31009069658767874
}