{
    "AUC": 0.9726501915590753,
    "AR": 0.9738955823293183,
    "AP": 0.9621382915969713,
    "F1": 0.9679812366876417
}