{
    "AUC": 0.5704523169788841,
    "AR": 0.5693975903614461,
    "AP": 0.44721622943221057,
    "F1": 0.5009647487595982
}