{
    "AUC": 0.7106207134532355,
    "AR": 0.724036144578313,
    "AP": 0.6245570525002833,
    "F1": 0.670627556688091
}