{
    "AUC": 0.0002847059424366159,
    "AR": 0.0,
    "AP": 5.490983100169326e-06
}