{
    "AUC": 0.14060677969185728,
    "AR": 0.1421446384039901,
    "AP": 0.08117486831549554
}