{
    "AUC": 0.003702809336917104,
    "AR": 0.0,
    "AP": 7.151047929286135e-06
}