{
    "AUC": 0.001588570616631113,
    "AR": 0.0,
    "AP": 1.0458232694631632e-06
}