{
    "AUC": 0.008037722774603202,
    "AR": 0.0,
    "AP": 2.4559736647447584e-06
}