{
    "AUC": 0.009965256105991471,
    "AR": 0.0011720698254364089,
    "AP": 0.0012648675516483542
}