{
    "AUC": 0.6144264096095045,
    "AR": 0.4161097256857857,
    "AP": 0.26540026954599627
}