{
    "AUC": 0.8759517846034305,
    "AR": 0.8827930174563602,
    "AP": 0.831728290090007
}