{
    "AUC": 0.9726003725101213,
    "AR": 0.9731920199501252,
    "AP": 0.9614116225461615
}