{
    "AUC": 0.6257151791367976,
    "AR": 0.5194763092269328,
    "AP": 0.37152238978809354
}