{
    "AUC": 0.6364016033497372,
    "AR": 0.5299750623441398,
    "AP": 0.39043158063582395
}