{
    "AUC": 0.9873049032168485,
    "AR": 0.9879518072289146,
    "AP": 0.9829822307338004,
    "F1": 0.9854607537563259
}