{
    "AUC": 0.4745434457580042,
    "AR": 0.4759036144578312,
    "AP": 0.3518892018925128,
    "F1": 0.4046069010544603
}