{
    "AUC": 0.9181536578211542,
    "AR": 0.9196787148594386,
    "AP": 0.8835947411375886,
    "F1": 0.901275703120332
}