{
    "AUC": 0.5524908238040089,
    "AR": 0.5646787148594378,
    "AP": 0.44309589587714876,
    "F1": 0.49655313475405455
}