{
    "AUC": 0.4745432757927811,
    "AR": 0.4759036144578312,
    "AP": 0.35188919754215486,
    "F1": 0.4046068981787199
}