{
    "AUC": 0.7833710793918157,
    "AR": 0.7871485943775104,
    "AP": 0.703999094971435,
    "F1": 0.7432555500813666
}