{
    "AUC": 0.4597263756865543,
    "AR": 0.46987951807228884,
    "AP": 0.34555525926644204,
    "F1": 0.39823991618648497
}