{
    "AUC": 0.01080817293076689,
    "AR": 0.014056224899598381,
    "AP": 0.007111922990086409,
    "F1": 0.009445019898598916
}