{
    "AUC": 0.4235092440365672,
    "AR": 0.4257028112449799,
    "AP": 0.3040851783803577,
    "F1": 0.3547603335070152
}