{
    "AUC": 0.906633368744973,
    "AR": 0.9096385542168675,
    "AP": 0.8693728636881529,
    "F1": 0.889050027269572
}