{
    "AUC": 0.446675644925947,
    "AR": 0.44941767068273053,
    "AP": 0.32572278273024063,
    "F1": 0.3777007732169853
}