{
    "AUC": 0.49668834769540404,
    "AR": 0.49799196787148575,
    "AP": 0.37373637067751425,
    "F1": 0.427008512786534
}