{
    "AUC": 0.006646877364530586,
    "AR": 0.008032128514056219,
    "AP": 0.004042882716173542,
    "F1": 0.005378538027735594
}