{
    "AUC": 0.9027183103889128,
    "AR": 0.9052369077306729,
    "AP": 0.8623453834242324
}