{
    "AUC": 0.7010130440016196,
    "AR": 0.7088353413654614,
    "AP": 0.6061469216907873,
    "F1": 0.6534816053803063
}