{
    "AUC": 0.5987836830259151,
    "AR": 0.6000200803212857,
    "AP": 0.4804048585417197,
    "F1": 0.533591092616362
}