{
    "AUC": 0.2906282804557365,
    "AR": 0.2918473895582326,
    "AP": 0.18797860994374102,
    "F1": 0.228670670875726
}