{
    "AUC": 0.47667742161959215,
    "AR": 0.4819277108433739,
    "AP": 0.3573246709170687,
    "F1": 0.41037634071815876
}