{
    "AUC": 0.33598181317630543,
    "AR": 0.3468674698795179,
    "AP": 0.2316970797313797,
    "F1": 0.2778192334077388
}