{
    "AUC": 0.9471476472875949,
    "AR": 0.9457831325301198,
    "AP": 0.9220061090768411,
    "F1": 0.9337432796265147
}