{
    "AUC": 0.2733822002348877,
    "AR": 0.2827510040160643,
    "AP": 0.1806830387600926,
    "F1": 0.22047715921795494
}