{
    "AUC": 0.9288525686346673,
    "AR": 0.925763052208836,
    "AP": 0.894978174019191,
    "F1": 0.9101103595668595
}