{
    "AUC": 0.07703158732847044,
    "AR": 0.08232931726907636,
    "AP": 0.04456053590620025,
    "F1": 0.0578239852359831
}