{
    "AUC": 0.7732302287109051,
    "AR": 0.7771084337349401,
    "AP": 0.6911105185328841,
    "F1": 0.7315909003425846
}