{
    "AUC": 0.5704558669787929,
    "AR": 0.5693975903614461,
    "AP": 0.4472161997916759,
    "F1": 0.5009647301629244
}