{
    "AUC": 0.83349095750408,
    "AR": 0.8300602409638554,
    "AP": 0.7623884882384749,
    "F1": 0.7947864953520815
}