{
    "AUC": 0.4534737650038045,
    "AR": 0.46092369477911665,
    "AP": 0.3357404574628381,
    "F1": 0.3884967880256845
}