{
    "AUC": 0.817859673990078,
    "AR": 0.8313253012048195,
    "AP": 0.7619088022108554,
    "F1": 0.7951048287638744
}