{
    "AUC": 0.9430880229487086,
    "AR": 0.9404216867469873,
    "AP": 0.9151900634981446,
    "F1": 0.9276343320151009
}