{
    "AUC": 0.6650228856876459,
    "AR": 0.6666666666666665,
    "AP": 0.5573624977580733,
    "F1": 0.6071342240934468
}