{
    "AUC": 0.4190540618059203,
    "AR": 0.42168674698795144,
    "AP": 0.3003684844595512,
    "F1": 0.3508357909284345
}