{
    "AUC": 0.1812922832268672,
    "AR": 0.17291164658634542,
    "AP": 0.10136586492952206,
    "F1": 0.12780733291434104
}