{
    "AUC": 0.8668519478288634,
    "AR": 0.8685742971887553,
    "AP": 0.8124826681718305,
    "F1": 0.8395926813033606
}