{
    "AUC": 0.14594957582885457,
    "AR": 0.1546184738955823,
    "AP": 0.08944877311005754,
    "F1": 0.11333296835023264
}