{
    "GX010071-1": {
        "mean": 32.493037216909585,
        "robustMean": 15.590685731726575
    },
    "GX010220-1": {
        "mean": 19.884691157921417,
        "robustMean": 8.507917149371552
    },
    "GX010228-1": {
        "mean": 16.109724041737994,
        "robustMean": 7.575753192215425
    },
    "GX010230-1": {
        "mean": 16.542855508092458,
        "robustMean": 7.349682069049431
    },
    "GX010231-1": {
        "mean": 28.421010550599302,
        "robustMean": 11.74795734751646
    },
    "GX010241-1": {
        "mean": 18.886278741273625,
        "robustMean": 8.600985500430042
    },
    "GX010250-1": {
        "mean": 17.993501535665683,
        "robustMean": 7.3053019651376365
    },
    "GX010266-1": {
        "mean": 13.154448495552705,
        "robustMean": 6.150305433877254
    },
    "GX010290-1": {
        "mean": 13.117891002176128,
        "robustMean": 5.333402855808667
    },
    "GX010291-1": {
        "mean": 22.79051950776858,
        "robustMean": 9.646971817496244
    },
    "GX010303-1": {
        "mean": 15.324608270017695,
        "robustMean": 7.662304135008847
    },
    "GX010307-1": {
        "mean": 17.374128232137863,
        "robustMean": 8.501956028506775
    },
    "GX010315-1": {
        "mean": 38.13374842344456,
        "robustMean": 17.426499711571736
    },
    "GX010321-1": {
        "mean": 33.43967669423557,
        "robustMean": 16.105663645581785
    },
    "GX010322-1": {
        "mean": 29.52453527259244,
        "robustMean": 14.068377471925565
    },
    "GX010327-1": {
        "mean": 46.86387586879458,
        "robustMean": 14.786818203968753
    },
    "GX010335-1": {
        "mean": 16.53506031371053,
        "robustMean": 6.779686150803208
    },
    "GX010336-1": {
        "mean": 37.199290244565915,
        "robustMean": 17.978897424042582
    },
    "GX010337-1": {
        "mean": 18.441092204289397,
        "robustMean": 7.446849987002621
    }
}