{
  "AUC": 0.2288216648291069,
  "AR": 0.0010000000000000015,
  "AP": 0.010699776395991267,
  "F1": 0.0018290565620822264,
  "timePerImage": 0.16981765498717627,
  "AAE": 0.6920365680384045
}