{
  "AAE": 0.8033386563993451,
  "timePerImage": 0.18167982121308646
}