{
  "AUC": 0.19473194043558123,
  "AR": 0.08048749999999999,
  "AP": 0.041015265099333065,
  "F1": 0.05433976991360982,
  "timePerImage": 0.05165420363346736
}