{
  "AUC": 0.16011343015864724,
  "AR": 0.09290000000000001,
  "AP": 0.0471235361210773,
  "F1": 0.06252915226855363,
  "timePerImage": 0.017147805293401083
}