{
  "AUC": 0.2947729267289653,
  "AR": 0.09972500000000004,
  "AP": 0.04576576037293026,
  "F1": 0.0627392480662248,
  "timePerImage": 0.020614749193191527
}