{
  "AAE": 1.1426609280222764,
  "timePerImage": 0.6422974480191866
}