{
  "AUC": 0.34417480542030954,
  "AR": 0.1894125,
  "AP": 0.10793199235091372,
  "F1": 0.1375083045226926,
  "timePerImage": 0.004992989997069041
}