{
  "AUC": 0.3359015323537068,
  "AR": 0.3130958333333333,
  "AP": 0.20536444672825463,
  "F1": 0.24803733307316717,
  "timePerImage": 0.012434674700101216
}