{
  "AUC": 0.30444016889821895,
  "AR": 0.2189625,
  "AP": 0.11983278517294715,
  "F1": 0.1548952265379791,
  "timePerImage": 0.014187868734200795
}