{
  "AAE": 1.1781807818448697,
  "timePerImage": 0.23722549219926198
}