{
  "AAE": 1.3135128938428684,
  "timePerImage": 0.10686738381783167
}