{
  "AUC": -1,
  "AR": 0.49041666666666667,
  "AP": 0.03434631120034084,
  "F1": 0.0641966150875681,
  "timePerImage": 1.2519728393750011
}