{
  "AAE": 1.2911330932927993,
  "timePerImage": 0.024382550021012625
}