{
  "AUC": 0.609378796952024,
  "AR": 0.4513749999999999,
  "AP": 0.34402647380818485,
  "F1": 0.3904567812068631,
  "timePerImage": 0.010972096820672354
}