{
  "AUC": 0.2608359260951302,
  "AR": 0.17678333333333335,
  "AP": 0.09782541917051885,
  "F1": 0.12595304066611857,
  "timePerImage": 0.08699026187260946
}