{
  "AAE": 1.1837667599799575,
  "timePerImage": 0.1856446181734403
}