{
  "AUC": 0.30380183516648823,
  "AR": 0.14513750000000003,
  "AP": 0.06386539306688356,
  "F1": 0.08869985817161424,
  "timePerImage": 0.04109879116217295,
  "AAE": 2.147004281047058
}