{
  "AUC": 0.2786582691289107,
  "AR": 0.13770416666666663,
  "AP": 0.0661257565481926,
  "F1": 0.08934696198725667,
  "AAE": 2.06349784467257,
  "timePerImage": 0.025207006136576334
}