{
  "AUC": 0.5534109576105083,
  "AR": 0.41242916666666674,
  "AP": 0.28907556009440466,
  "F1": 0.3399070250143646,
  "timePerImage": 0.1764336696267128,
  "AAE": 1.035388434196162
}