{
  "AUC": 0.5706908726702206,
  "AR": 0.40900000000000003,
  "AP": 0.30516742025837623,
  "F1": 0.3495356168460332,
  "AAE": 1.4752516991074855,
  "timePerImage": 0.0019494728247324625
}