{
  "AUC": 0.4415717926988266,
  "AR": 0.2760791666666666,
  "AP": 0.16123065796721078,
  "F1": 0.20357386541668668,
  "timePerImage": 0.030910237729549407,
  "AAE": 0.6337266185994305
}