{
  "AUC": 0.3048850342492111,
  "AR": 0.26956666666666657,
  "AP": 0.17109998175331412,
  "F1": 0.20933216486131995,
  "AAE": 1.4233968489883881,
  "timePerImage": 0.015692600309848787
}