{
  "AAE": 0.5317665089066874,
  "timePerImage": 0.019321985940138498,
  "AUC": 0.5647713733687745,
  "AR": 0.4234833333333334,
  "AP": 0.2995621616727998,
  "F1": 0.35090345944181595
}