{
  "AUC": 0.3297061974720576,
  "AR": 0.21287083333333337,
  "AP": 0.12685145028669864,
  "F1": 0.1589708725864646,
  "AAE": 1.4538999014581555,
  "timePerImage": 0.010494475166002909
}