{
  "AUC": 0.6042652948794268,
  "AR": 0.44155000000000005,
  "AP": 0.3347943532293377,
  "F1": 0.3808321553534749,
  "AAE": 0.8687770245323104,
  "timePerImage": 0.1608114607135455
}