{
  "AAE": 0.7238290326035128,
  "timePerImage": 0.009755386511484781,
  "AUC": 0.6042652948794268,
  "AR": 0.44155000000000005,
  "AP": 0.3347943532293377,
  "F1": 0.3808321553534749
}