{
  "AUC": -1,
  "AR": 0.5995370370370371,
  "AP": 0.10054831831967068,
  "F1": 0.17221454607836229,
  "timePerImage": 0.3398681877065002
}