{
  "AUC": 0.2849536635499962,
  "AR": 0.19806999999999994,
  "AP": 0.10746485742541453,
  "F1": 0.13933313200080924,
  "timePerImage": 0.17004588508605958
}