{
  "AAE": 1.0596186584116492,
  "timePerImage": 0.37026948046684266
}