{
  "AUC": 0.36240073198760864,
  "AR": 0.24985,
  "AP": 0.16794065191328833,
  "F1": 0.2008660159741621,
  "timePerImage": 0.05311146092414856,
  "AAE": 1.0188205583101322
}