{
  "AUC": 0.2795450810459801,
  "AR": 0.25057,
  "AP": 0.1578450046103312,
  "F1": 0.19368153647022113,
  "timePerImage": 0.017505497455596923
}