{
  "AUC": 0.4695709604802401,
  "AR": 0.4061000000000001,
  "AP": 0.2861610857152627,
  "F1": 0.33574042888427535,
  "timePerImage": 0.020940497398376466
}