{
  "AAE": 1.2528849375811815,
  "timePerImage": 0.7135810935497284
}