{
  "AUC": 0.494985403104657,
  "AR": 0.4016899999999999,
  "AP": 0.28213598854709415,
  "F1": 0.3314621179586165,
  "timePerImage": 0.005396384000778198
}