{
  "AUC": 0.41666484182282426,
  "AR": 0.40227999999999997,
  "AP": 0.28142532280104426,
  "F1": 0.33117126657019835,
  "timePerImage": 0.012567388772964478
}