{
  "AUC": 0.46216522974059915,
  "AR": 0.3703999999999999,
  "AP": 0.263667338581971,
  "F1": 0.30805050589476607,
  "timePerImage": 0.014983313322067262
}