{
  "AAE": 1.1896329593600308,
  "timePerImage": 0.2737716772556305
}