{
  "AAE": 1.4362385329648066,
  "timePerImage": 0.1259052667617798
}