{
  "AUC": -1,
  "AR": 0.583,
  "AP": 0.0644893669975941,
  "F1": 0.11613256642015886,
  "timePerImage": 1.2129726568999977
}