{
  "AAE": 1.4915815182082008,
  "timePerImage": 0.06520968270301819
}