{
  "AUC": 0.7195357254868416,
  "AR": 0.6709899999999999,
  "AP": 0.5741347935394306,
  "F1": 0.6187953321882395,
  "timePerImage": 0.010891415119171143
}