{
  "AUC": 0.4046864183596689,
  "AR": 0.32378000000000023,
  "AP": 0.22358733046885684,
  "F1": 0.26451379842928124,
  "timePerImage": 0.09170688438415528
}