{
  "AAE": 1.31294658447652,
  "timePerImage": 0.21300351977348328
}