{
  "AUC": 0.7457773921106713,
  "AR": 0.62829,
  "AP": 0.5247589558719105,
  "F1": 0.5718765065537916,
  "timePerImage": 0.17922358870506286,
  "AAE": 0.8913461369164329
}