{
  "AUC": 0.4593923119413477,
  "AR": 0.29999000000000003,
  "AP": 0.17376567284584782,
  "F1": 0.22006264910304285,
  "timePerImage": 0.039491434097290036,
  "AAE": 2.379292122071273
}