{
  "AUC": 0.45747861484205,
  "AR": 0.31302,
  "AP": 0.20409972258797981,
  "F1": 0.24708899070706022,
  "AAE": 2.4152620871499075,
  "timePerImage": 0.02592881178855896
}