{
  "AAE": 0.5923472700141184,
  "timePerImage": 0.01986768698692322,
  "AUC": 0.756431043596456,
  "AR": 0.6411900000000001,
  "AP": 0.5382180694054389,
  "F1": 0.5852088905853333
}