{
  "AUC": 0.6135500351211678,
  "AR": 0.5359,
  "AP": 0.41562922288092097,
  "F1": 0.4681636573756806,
  "AAE": 1.5539164629822004,
  "timePerImage": 0.009988123893737794
}