{
  "AUC": 0.6411388666299395,
  "AR": 0.45379,
  "AP": 0.33071638781967166,
  "F1": 0.38259928015572914,
  "timePerImage": 0.029695929288864137,
  "AAE": 0.835973421839161
}