{
  "AUC": 0.3734929813017492,
  "AR": 0.3611000000000003,
  "AP": 0.24668602123372263,
  "F1": 0.29312395861517326,
  "AAE": 1.651137114870485,
  "timePerImage": 0.016441584348678588
}