{
  "AAE": 0.7026338316697318,
  "timePerImage": 0.010567880153656006,
  "AUC": 0.7150849118130779,
  "AR": 0.66232,
  "AP": 0.5661856603670686,
  "F1": 0.6104914265714833
}