{
  "AUC": 0.7150849118130779,
  "AR": 0.66232,
  "AP": 0.5661856603670686,
  "F1": 0.6104914265714833,
  "AAE": 0.86679600280425,
  "timePerImage": 0.15732994484901427
}