{
  "AUC": 0.6728660647571607,
  "AR": 0.64388,
  "AP": 0.5380278419795803,
  "F1": 0.5862138393355332,
  "AAE": 1.4675050180456093,
  "timePerImage": 0.0018369576930999756
}