{
  "AUC": -1,
  "AR": 0.6955555555555556,
  "AP": 0.01725357295036649,
  "F1": 0.03367189907897137,
  "timePerImage": 0.3522343954237381
}