{
  "AUC": 0.23910996890983857,
  "AR": 0.12326000000000002,
  "AP": 0.05277724031461885,
  "F1": 0.07390848242739342,
  "timePerImage": 0.1686490831375122
}