{
  "AUC": 0.2551946503706672,
  "AR": 0.19656000000000023,
  "AP": 0.11578258135793468,
  "F1": 0.14572604281345455,
  "timePerImage": 0.053439444065093995
}