{
  "AUC": 0.180215410066172,
  "AR": 0.08396,
  "AP": 0.03659693586238787,
  "F1": 0.0509747317817277,
  "timePerImage": 0.017472691535949707
}