{
  "AUC": 0.4242575681383888,
  "AR": 0.15406000000000006,
  "AP": 0.0928878892449875,
  "F1": 0.11589739244854261,
  "timePerImage": 0.020720727920532228
}