{
  "AUC": 0.5277224142248935,
  "AR": 0.22086000000000003,
  "AP": 0.12725922275359167,
  "F1": 0.16147612714425016,
  "timePerImage": 0.0052557578086853025
}