{
  "AUC": 0.41762864028921465,
  "AR": 0.3638999999999998,
  "AP": 0.24000196107518448,
  "F1": 0.28924136454124344,
  "timePerImage": 0.014604673385620118
}