{
  "AUC": 0.2399676830381596,
  "AR": 0.14974,
  "AP": 0.08546058572778945,
  "F1": 0.10881663468040603,
  "timePerImage": 0.022262665748596193
}