{
  "AUC": -1,
  "AR": 0.876,
  "AP": 0.009932056119291705,
  "F1": 0.019641418549884833,
  "timePerImage": 1.969990141599999
}