{
  "AUC": 0.3823358526452776,
  "AR": 0.3210600000000001,
  "AP": 0.21798356254749507,
  "F1": 0.2596665926618216,
  "timePerImage": 0.08835090351104737
}