{
  "AUC": 0.6218828598627186,
  "AR": 0.35794,
  "AP": 0.22888702855882845,
  "F1": 0.2792230726098327,
  "timePerImage": 0.01970982837677002
}