{
  "AUC": 0.5996311537110451,
  "AR": 0.3637000000000001,
  "AP": 0.25925375296720493,
  "F1": 0.30272099495365373,
  "timePerImage": 0.01161983060836792
}