{
  "AUC": -1,
  "AR": 0.5933333333333334,
  "AP": 0.019229619664050623,
  "F1": 0.03725192415954707,
  "timePerImage": 0.34484541135675767
}