{
  "AUC": 0.46082343511597806,
  "AR": 0.38097692307692316,
  "AP": 0.2692749267426001,
  "F1": 0.31553169154576877,
  "timePerImage": 0.17474908131819505
}