{
  "AUC": 0.33321849570556533,
  "AR": 0.1775153846153846,
  "AP": 0.10003270708138412,
  "F1": 0.12795868538033794,
  "timePerImage": 0.014410278246952938
}