{
  "AAE": 0.45419495235572815,
  "timePerImage": 0.1815065937775832
}