{
  "AUC": 0.3912278069256548,
  "AR": 0.31296923076923083,
  "AP": 0.20814848324899882,
  "F1": 0.2500167195849436,
  "timePerImage": 0.06480032884157622
}