{
  "AUC": 0.21989957702562524,
  "AR": 0.056299999999999996,
  "AP": 0.03172417431404128,
  "F1": 0.040581375009742446,
  "timePerImage": 0.019218503328470082
}