{
  "AUC": 0.6816250970353119,
  "AR": 0.30183076923076924,
  "AP": 0.16136920808526137,
  "F1": 0.21030308545677412,
  "timePerImage": 0.022761156375591573
}