{
  "AAE": 0.3845651098869946,
  "timePerImage": 0.4981819880925692
}