{
  "AUC": 0.4215803370870088,
  "AR": 0.26770000000000005,
  "AP": 0.164759806929579,
  "F1": 0.20397826391404034,
  "timePerImage": 0.0061620000692514275
}