{
  "AUC": 0.6228739694019967,
  "AR": 0.5359692307692309,
  "AP": 0.3958096687240866,
  "F1": 0.4553479452956731,
  "timePerImage": 0.016807058224311243
}