{
  "AUC": 0.08894172888527062,
  "AR": 0.0467153846153846,
  "AP": 0.021009523002523397,
  "F1": 0.02898395825612402,
  "timePerImage": 0.01403884979394766
}