{
  "AAE": 0.43277727342467415,
  "timePerImage": 0.23656381093538725
}