{
  "AAE": 0.4376162247219845,
  "timePerImage": 0.10709367972153884
}