{
  "AUC": -1,
  "AR": 0.5107692307692308,
  "AP": 0.017911111254975458,
  "F1": 0.03460860482498158,
  "timePerImage": 1.299820258923076
}