{
  "AAE": 0.47858247931404707,
  "timePerImage": 0.02427543805195735
}