{
  "AUC": 0.5447310527237592,
  "AR": 0.48399230769230783,
  "AP": 0.34815637771892766,
  "F1": 0.4049877423208472,
  "timePerImage": 0.09825159824811495
}