{
  "AAE": 0.5030374471827158,
  "timePerImage": 0.1860172020472013
}