{
  "AUC": 0.5192925048048035,
  "AR": 0.3166384615384616,
  "AP": 0.19440310243681505,
  "F1": 0.24090212465330912,
  "timePerImage": 0.23784700613755447,
  "AAE": 0.8073844073537274
}