{
  "AAE": 0.808550123851295,
  "timePerImage": 0.0105338821044335,
  "AUC": 0.3495480539030035,
  "AR": 0.17967692307692307,
  "AP": 0.10410925068107434,
  "F1": 0.13183186184518855
}