{
  "AUC": 0.6109713714741309,
  "AR": 0.45163846153846143,
  "AP": 0.3348270188735314,
  "F1": 0.38455790737651585,
  "timePerImage": 0.028556672242971568,
  "AAE": 1.6147293712918485
}