{
  "AUC": 0.28217957255732523,
  "AR": 0.14956923076923076,
  "AP": 0.08390961170692005,
  "F1": 0.10750692391693563,
  "timePerImage": 0.0014716645387502817,
  "AAE": 1.3867011688265916
}