{
  "AUC": 0.3495480539030035,
  "AR": 0.17967692307692307,
  "AP": 0.10410925068107434,
  "F1": 0.13183186184518855,
  "timePerImage": 0.20472612894498385,
  "AAE": 0.9118549265077073
}