{
  "AUC": 0.5234245785355914,
  "AR": 0.2654923076923078,
  "AP": 0.1673099584600653,
  "F1": 0.2052646690894566,
  "timePerImage": 0.010346267223358154,
  "AAE": 1.4477343904229514
}