{
  "AUC": 0.044607704735713356,
  "AR": 0.024523076923076915,
  "AP": 0.011765751373434651,
  "F1": 0.01590199736574423,
  "timePerImage": 0.018810989673321062,
  "AAE": 1.4522581486090347
}