{
  "AUC": 0.6743247661955435,
  "AR": 0.5031846153846153,
  "AP": 0.33002279633127785,
  "F1": 0.39860997755198363,
  "timePerImage": 0.04495615757428683,
  "AAE": 2.128385116097219
}