{
  "AAE": 0.9432446597184193,
  "timePerImage": 0.019848093619713417,
  "AUC": 0.5165514184000847,
  "AR": 0.31541538461538454,
  "AP": 0.19161443910222273,
  "F1": 0.23840073770867598
}