{
  "AUC": 0.324225760058418,
  "AR": 0.1023230769230769,
  "AP": 0.047745943161148094,
  "F1": 0.06511019812218484,
  "timePerImage": 0.036284770415379454,
  "AAE": 1.0233166045546864
}