{
  "AUC": -1,
  "AR": 0.4461538461538462,
  "AP": 0.020340552281064347,
  "F1": 0.03890728661924747,
  "timePerImage": 0.34123115685149913
}