{
    "AUC": 0.1871740662438337,
    "AR": 0.15151515151515152,
    "AP": 0.09440148890322131,
    "F1": 0.1163260515440813
}