{
    "AUC": 0.022060606060606065,
    "AR": 0.0,
    "AP": 0.00044563279857397507,
    "F1": 0.0
}