{
    "AUC": 0.08356117566643882,
    "AR": 0.039090909090909134,
    "AP": 0.019089481522636603,
    "F1": 0.02565212020492137
}