{
    "AUC": 0.10363636363636364,
    "AR": 0.09090909090909091,
    "AP": 0.052021269780254974,
    "F1": 0.06617497249500834
}