{
    "AUC": 0.024642024642024647,
    "AR": 0.0,
    "AP": 0.00044563279857397507,
    "F1": 0.0
}