{
    "AUC": 0.08736487683856106,
    "AR": 0.06575757575757576,
    "AP": 0.033960926976448036,
    "F1": 0.044789846763098655
}