{
    "AUC": 0.029441703860308515,
    "AR": 0.02393939393939394,
    "AP": 0.00044563279857397507,
    "F1": 0.0008749778486620591
}