{
    "AUC": 0.2298164122981641,
    "AR": 0.15303030303030316,
    "AP": 0.06728893512570573,
    "F1": 0.09347568754374176
}