{
    "AUC": 0.20838103961529647,
    "AR": 0.19636363636363618,
    "AP": 0.09630316649805507,
    "F1": 0.12922845899832042
}