{
    "AUC": 0.23360609797107942,
    "AR": 0.2003030303030301,
    "AP": 0.101183595429632,
    "F1": 0.13444961767214744
}