{
  "AUC": 0.3054087684030036,
  "AR": 0.07499999999999997,
  "AP": 0.046854720870264446,
  "F1": 0.057676945795332925,
  "timePerImage": 0.16509631413679857
}