{
  "AUC": 0.19682690071036196,
  "AR": 0.14918461538461536,
  "AP": 0.08373632094333124,
  "F1": 0.10726533243937275,
  "timePerImage": 0.060540821735675515
}