{
  "AUC": 0.11346720290019259,
  "AR": 0.020430769230769235,
  "AP": 0.00823046205311596,
  "F1": 0.011733946054464204,
  "timePerImage": 0.01892435440650353
}