{
  "AUC": 0.36582873026304097,
  "AR": 0.23359999999999995,
  "AP": 0.11072251072849507,
  "F1": 0.15023576850350817,
  "timePerImage": 0.021374515753525954
}