{
  "AUC": 0.4039837328360336,
  "AR": 0.2657692307692308,
  "AP": 0.1559066074140108,
  "F1": 0.1965262193005055,
  "timePerImage": 0.00549682066990779
}