{
  "AUC": 0.14571875527544875,
  "AR": 0.1237538461538462,
  "AP": 0.06919015035088724,
  "F1": 0.0887568141740562,
  "timePerImage": 0.016417401753939114
}