{
  "AUC": 0.4015958583774676,
  "AR": 0.3879230769230769,
  "AP": 0.25064018404179733,
  "F1": 0.30452460182925756,
  "timePerImage": 0.014794779557448167
}