{
  "AUC": -1,
  "AR": 0.9446153846153846,
  "AP": 0.007382016086302741,
  "F1": 0.014649548327464169,
  "timePerImage": 6.6302153107692385
}