{
  "AUC": 0.38400096589841975,
  "AR": 0.23484615384615384,
  "AP": 0.1376019240067319,
  "F1": 0.17352906102297583,
  "timePerImage": 0.011772837272057166
}