{
  "AUC": 0.6238455584202159,
  "AR": 0.42881538461538454,
  "AP": 0.28013729462216747,
  "F1": 0.33888631852752044,
  "timePerImage": 0.019924380229069637
}