{
  "AUC": 0.3875919706505205,
  "AR": 0.3770615384615385,
  "AP": 0.24487341642900598,
  "F1": 0.29691962608309647,
  "timePerImage": 0.09633583912482628
}