{
  "AUC": -1,
  "AR": 0.4735042735042735,
  "AP": 0.022106766905292057,
  "F1": 0.04224138588344732,
  "timePerImage": 0.3340467723933133
}