{
  "AUC": 0.07850403929687819,
  "AR": 0.023371428571428578,
  "AP": 0.00963710190483743,
  "F1": 0.013646947352984074,
  "timePerImage": 0.14815337998526437
}