{
  "AUC": 0.02526133398564906,
  "AR": 0.0,
  "AP": 5.987828609804664e-05,
  "F1": 0.0,
  "timePerImage": 0.04488330296107701
}