{
  "AUC": 0.02982790130977764,
  "AR": 0.014799999999999999,
  "AP": 0.008739006714408491,
  "F1": 0.010989189216219292,
  "timePerImage": 0.014605116162981305
}