{
  "AUC": 0.08766183594628293,
  "AR": 0.014000000000000004,
  "AP": 0.0007199221002420846,
  "F1": 0.001369424285638499,
  "timePerImage": 0.016808952604021345
}