{
  "AUC": 0.23450668623613827,
  "AR": 0.14617142857142862,
  "AP": 0.08185407146658731,
  "F1": 0.10494200480791971,
  "timePerImage": 0.004850525174822126
}