{
  "AUC": 0.08298197147359158,
  "AR": 0.023771428571428572,
  "AP": 0.0008586292750950972,
  "F1": 0.0016573931421067628,
  "timePerImage": 0.011734917504446846
}