{
  "AUC": 0.4072977428612135,
  "AR": 0.36508571428571424,
  "AP": 0.24182693684384712,
  "F1": 0.29093992292579496,
  "timePerImage": 0.018637785230364117
}