{
  "AUC": -1,
  "AR": 0.9942857142857143,
  "AP": 0.00677925687656259,
  "F1": 0.01346669488996975,
  "timePerImage": 4.977172879428572
}