{
  "AUC": 0.32447527904176954,
  "AR": 0.17554285714285703,
  "AP": 0.10372947737312369,
  "F1": 0.13040295494770182,
  "timePerImage": 0.017248091016496932
}