{
  "AUC": 0.04209127718884164,
  "AR": 0.0,
  "AP": 0.00012960265955547145,
  "F1": 0.0,
  "timePerImage": 0.07569677216666085
}