{
  "AUC": 0.28138178995321855,
  "AR": 0.15034285714285706,
  "AP": 0.08788198547421848,
  "F1": 0.11092402154563559,
  "timePerImage": 0.010596163613455636
}