{
  "AUC": -1,
  "AR": 0.35443037974683544,
  "AP": 0.012535648249710112,
  "F1": 0.024214854948694776,
  "timePerImage": 0.3525678608868573
}