{
  "AUC": 0.05481042332197624,
  "AR": 0.0,
  "AP": 0.0002776267972787555,
  "F1": 0.0,
  "timePerImage": 0.15994547843933105
}