{
  "AUC": 0.20201264581572276,
  "AR": 0.1948923076923077,
  "AP": 0.11437436145594221,
  "F1": 0.14415186289795398,
  "timePerImage": 0.01141637948843149
}