{
  "AUC": 0.045124115587107216,
  "AR": 0.018461538461538467,
  "AP": 0.0094629356178997,
  "F1": 0.012512346651323756,
  "timePerImage": 0.0475198114835299
}