{
  "AUC": 0.0006142956142956142,
  "AR": 0.0,
  "AP": 4.948412796595492e-07,
  "F1": 0.0,
  "timePerImage": 0.0150561706836407
}