{
  "AUC": 0.06879734448522633,
  "AR": 0.039015384615384584,
  "AP": 0.01805407478276277,
  "F1": 0.02468524072079337,
  "timePerImage": 0.01746362539438101
}