{
  "AUC": 0.33498687664042004,
  "AR": 0.29076923076923067,
  "AP": 0.17320832896868232,
  "F1": 0.2170952086799048,
  "timePerImage": 0.02063695394075834
}