{
  "AUC": 0.3142755552400222,
  "AR": 0.18566153846153838,
  "AP": 0.10141360022215634,
  "F1": 0.13117544852196134,
  "timePerImage": 0.004487807934100811
}