{
  "AUC": 0.07170920993899718,
  "AR": 0.055384615384615414,
  "AP": 0.029433326959242303,
  "F1": 0.03843888328529626,
  "timePerImage": 0.011891477291400616
}