{
  "AUC": 0.30812294468707047,
  "AR": 0.3011076923076923,
  "AP": 0.1969574324669369,
  "F1": 0.2381431464401479,
  "timePerImage": 0.016731422864473783
}