{
  "AUC": -1,
  "AR": 0.7938461538461539,
  "AP": 0.012185928936196744,
  "F1": 0.024003393968263422,
  "timePerImage": 2.583566573846155
}