{
  "AUC": 0.08326266691163833,
  "AR": 0.055169230769230804,
  "AP": 0.02801493231157648,
  "F1": 0.03716001239756043,
  "timePerImage": 0.0819282788496751
}