{
  "AUC": -1,
  "AR": 0.552901023890785,
  "AP": 0.5341422401002341,
  "F1": 0.5433597746063157,
  "timePerImage": 0.3706686340161224
}