{
  "AUC": 0.06748752760040579,
  "AR": 0.0,
  "AP": 0.0005568072844368718,
  "F1": 0.0,
  "timePerImage": 0.1627646860709557
}