{
  "AUC": 0.3305985880011589,
  "AR": 0.3067076923076924,
  "AP": 0.20138950310047898,
  "F1": 0.24313344103905438,
  "timePerImage": 0.01144944374377911
}