{
  "AUC": 0.0898430871850557,
  "AR": 0.07959999999999995,
  "AP": 0.04291475531164352,
  "F1": 0.05576494870544257,
  "timePerImage": 0.050842321469233585
}