{
  "AUC": 0.05737335598563346,
  "AR": 0.04407692307692308,
  "AP": 0.021353425703796895,
  "F1": 0.028769319427879452,
  "timePerImage": 0.016007051101097694
}