{
  "AUC": 0.16566595304317913,
  "AR": 0.1275230769230768,
  "AP": 0.07241407427315513,
  "F1": 0.09237368351603274,
  "timePerImage": 0.01900846554682805
}