{
  "AUC": 0.3829659252897215,
  "AR": 0.33478461538461535,
  "AP": 0.2226309090144029,
  "F1": 0.2674249280282351,
  "timePerImage": 0.019731489695035496
}