{
  "AUC": 0.3112294510075205,
  "AR": 0.1851384615384616,
  "AP": 0.10356788386509089,
  "F1": 0.1328297696870853,
  "timePerImage": 0.004793051939744216
}