{
  "AUC": 0.3154011906414885,
  "AR": 0.3046615384615387,
  "AP": 0.1969886605108591,
  "F1": 0.23926978796640833,
  "timePerImage": 0.0212947207230788
}