{
  "AUC": 0.1231419685435858,
  "AR": 0.10923076923076933,
  "AP": 0.06022338395105733,
  "F1": 0.0776404287665397,
  "timePerImage": 0.012654734391432542
}