{
  "AUC": -1,
  "AR": 0.3261538461538461,
  "AP": 0.026547653037201777,
  "F1": 0.04909885080897304,
  "timePerImage": 2.07261606323077
}