{
  "AUC": 0.10073972003240858,
  "AR": 0.09255384615384607,
  "AP": 0.050831868456539614,
  "F1": 0.06562278460755866,
  "timePerImage": 0.0850514400922335
}