{
  "AUC": -1,
  "AR": 0.5794871794871795,
  "AP": 0.5190629306384933,
  "F1": 0.5476132784104676,
  "timePerImage": 0.35501583525628755
}