{
    "AUC": 0.1542526101349631,
    "AR": 0.12030303030303029,
    "AP": 0.05672502633849338,
    "F1": 0.0770972996258863
}