{
    "AUC": 0.2057052001496446,
    "AR": 0.19484848484848477,
    "AP": 0.112549863746036,
    "F1": 0.1426824218222844
}