{
    "AUC": 0.08814039677349031,
    "AR": 0.0606060606060606,
    "AP": 0.03314170412256536,
    "F1": 0.04285090176719703
}