{
    "AUC": 0.2116562739306422,
    "AR": 0.15151515151515152,
    "AP": 0.09212347852515387,
    "F1": 0.11458037507871714
}