{
    "AUC": 0.02497952497952498,
    "AR": 0.0303030303030303,
    "AP": 0.015584415584415583,
    "F1": 0.020583190394511147
}