{
    "AUC": 0.17705371551525395,
    "AR": 0.1736363636363636,
    "AP": 0.09167584287201513,
    "F1": 0.11999643890559285
}