{
    "AUC": 0.018452002216703272,
    "AR": 0.023072289156626485,
    "AP": 0.011381217776455475,
    "F1": 0.015243194140029958
}