{
    "AUC": 0.9512113823339808,
    "AR": 0.9518072289156624,
    "AP": 0.930720836545518,
    "F1": 0.9411459372951634
}