{
    "AUC": 0.5395828528732098,
    "AR": 0.5336345381526106,
    "AP": 0.4113256396763105,
    "F1": 0.46456469364306624
}