{
    "AUC": 0.017603748326639895,
    "AR": 0.022088353413654605,
    "AP": 0.011355052941671466,
    "F1": 0.014999334681495682
}