{
    "AUC": 0.014962529950549731,
    "AR": 0.018072289156626512,
    "AP": 0.009196330495985748,
    "F1": 0.012189743816932485
}