{
    "AUC": 0.7675603980789387,
    "AR": 0.7584738955823289,
    "AP": 0.672089967188456,
    "F1": 0.7126738048700532
}