{
    "AUC": 0.5137478261327078,
    "AR": 0.4906224899598396,
    "AP": 0.37149428148476993,
    "F1": 0.4228277547193261
}