{
    "AUC": 0.9650520461350914,
    "AR": 0.9652409638554226,
    "AP": 0.9502833783448531,
    "F1": 0.9577037721126186
}