{
    "AUC": 0.9776328343323862,
    "AR": 0.9762851405622502,
    "AP": 0.9680246986162392,
    "F1": 0.9721373722570839
}