{
    "AUC": 0.9853356244749154,
    "AR": 0.9826706827309227,
    "AP": 0.9770109169372061,
    "F1": 0.9798326268357456
}