{
    "AUC": 0.5586767606856569,
    "AR": 0.5516265060240966,
    "AP": 0.42963205893227346,
    "F1": 0.48304583523362443
}