{
    "AUC": 0.9765320733190608,
    "AR": 0.9728714859437759,
    "AP": 0.9628683952116799,
    "F1": 0.9678440946918295
}