{
    "AUC": 0.5979550627954314,
    "AR": 0.5573694779116467,
    "AP": 0.44526695371365227,
    "F1": 0.49505125027301194
}