{
    "AUC": 0.5969430456652365,
    "AR": 0.5219477911646587,
    "AP": 0.4183372445104575,
    "F1": 0.4644340650968024
}