{
    "AUC": 0.9742579597620835,
    "AR": 0.9631325301204823,
    "AP": 0.9527766989783362,
    "F1": 0.9579266269921137
}