{
    "AUC": 0.8270594857372521,
    "AR": 0.8246787148594379,
    "AP": 0.7540624617562984,
    "F1": 0.7877912745874849
}