{
    "AUC": 0.983319092228156,
    "AR": 0.9804618473895571,
    "AP": 0.9739869746661952,
    "F1": 0.9772136857593732
}