{
    "AUC": 0.8892060506933,
    "AR": 0.888975903614457,
    "AP": 0.841070246534213,
    "F1": 0.8643598118486423
}