{
    "AUC": 0.013615154258653107,
    "AR": 0.016064257028112438,
    "AP": 0.008157781236457237,
    "F1": 0.01082061659139982
}