{
    "AUC": 0.09200475078015731,
    "AR": 0.09437751004016061,
    "AP": 0.0518454146334984,
    "F1": 0.06692577311019592
}