{
    "AUC": 0.3198555506195156,
    "AR": 0.3238554216867473,
    "AP": 0.2136751433607715,
    "F1": 0.2574731862957837
}