{
    "AUC": 0.2653925012689338,
    "AR": 0.2734738955823293,
    "AP": 0.175321187731016,
    "F1": 0.21366440930212446
}