{
    "AUC": 0.730978544693387,
    "AR": 0.7080923694779123,
    "AP": 0.61601262150314,
    "F1": 0.6588508309530277
}