{
    "AUC": 0.4657297468305782,
    "AR": 0.4243172690763057,
    "AP": 0.31147109919926597,
    "F1": 0.35924070536252173
}