{
    "AUC": 0.981114406343322,
    "AR": 0.9779718875501997,
    "AP": 0.9710475137214021,
    "F1": 0.9744974003598544
}