{
    "AUC": 0.03675105705152121,
    "AR": 0.03255020080321283,
    "AP": 0.016742460695536036,
    "F1": 0.022111626396697153
}