{
    "AUC": 0.8584135233293807,
    "AR": 0.8495180722891569,
    "AP": 0.7875767841510719,
    "F1": 0.8173756197689693
}