{
    "AUC": 0.5661359552012417,
    "AR": 0.5727510040160643,
    "AP": 0.4529707689748548,
    "F1": 0.5058671260604578
}