{
    "AUC": 0.31332277726186686,
    "AR": 0.3121686746987951,
    "AP": 0.20510140502370888,
    "F1": 0.24755436780514997
}