{
    "AUC": 0.9672148857944398,
    "AR": 0.9678714859437757,
    "AP": 0.9542618160889036,
    "F1": 0.9610184693648998
}