{
    "AUC": 0.9784549258318775,
    "AR": 0.978293172690762,
    "AP": 0.9699967699160102,
    "F1": 0.9741273070180312
}