{
    "AUC": 0.9610548471418715,
    "AR": 0.9603012048192775,
    "AP": 0.9443473032148719,
    "F1": 0.9522574367079152
}