{
    "AUC": 0.5668263398001662,
    "AR": 0.5371686746987947,
    "AP": 0.4200783106629438,
    "F1": 0.47146225135041625
}