{
    "AUC": 0.09695020814846135,
    "AR": 0.09128514056224896,
    "AP": 0.048863293504789726,
    "F1": 0.06365383453068797
}