{
    "AUC": 0.9915279700709929,
    "AR": 0.988152610441766,
    "AP": 0.9849333261549407,
    "F1": 0.9865403420084572
}