{
    "AUC": 0.9764838521887387,
    "AR": 0.9705622489959844,
    "AP": 0.9618908663438136,
    "F1": 0.9662071023784606
}