{
    "AUC": 0.17764726976170822,
    "AR": 0.18034136546184726,
    "AP": 0.10647809293164487,
    "F1": 0.13389889778483735
}