{
    "AUC": 0.9734176882201294,
    "AR": 0.9739959839357439,
    "AP": 0.964035308657403,
    "F1": 0.9689900494312442
}