{
    "AUC": 0.7521411591860645,
    "AR": 0.7421887550200802,
    "AP": 0.6511341589390959,
    "F1": 0.693686217218436
}