{
    "AUC": 0.9818221634206029,
    "AR": 0.9728112449799204,
    "AP": 0.9644488919156797,
    "F1": 0.9686120200330727
}