{
    "AUC": 0.9831998169087175,
    "AR": 0.9781325301204808,
    "AP": 0.9720587110263847,
    "F1": 0.9750861621988873
}