{
    "AUC": 0.8107883944119397,
    "AR": 0.7996385542168669,
    "AP": 0.726206976805559,
    "F1": 0.7611558118938636
}