{
    "AUC": 0.831556425387437,
    "AR": 0.8353413654618479,
    "AP": 0.7680900568436424,
    "F1": 0.8003053800191697
}