{
    "AUC": 0.6717129800232338,
    "AR": 0.6561244979919679,
    "AP": 0.5480749451270984,
    "F1": 0.5972522247677813
}