{
    "AUC": 0.6204473371637277,
    "AR": 0.6264056224899592,
    "AP": 0.5101263161567001,
    "F1": 0.5623176643872432
}