{
    "AUC": 0.9891623263645555,
    "AR": 0.985943775100401,
    "AP": 0.9820213288207489,
    "F1": 0.9839786429520295
}