{
    "AUC": 0.35373170475724264,
    "AR": 0.35660847880299235,
    "AP": 0.2418890429785884
}