{
    "AUC": 0.004130172250206877,
    "AR": 0.0018204488778054862,
    "AP": 0.001253253120189311
}