{
    "AUC": 0.0036016041315293183,
    "AR": 0.0,
    "AP": 4.241015355943799e-06
}