{
    "AUC": 0.0007440494801111562,
    "AR": 0.0,
    "AP": 4.790688989852217e-06
}