{
    "AUC": 0.0018153365564525855,
    "AR": 0.0,
    "AP": 3.3179251237408445e-06
}