{
    "AUC": 0.5058733204477093,
    "AR": 0.3530673316708229,
    "AP": 0.21149722772433519
}