{
    "AUC": 0.9990958473858713,
    "AR": 0.9955610972568584,
    "AP": 0.9948920590452034
}