{
    "AUC": 0.9815187436880902,
    "AR": 0.9076807980049872,
    "AP": 0.8956812739108146
}