{
    "AUC": 0.5172007887956978,
    "AR": 0.38890274314214474,
    "AP": 0.2407008334155422
}