{
    "AUC": 0.4872267278377517,
    "AR": 0.31147132169576064,
    "AP": 0.16077833996744256
}