{
    "AUC": 0.01626176838501547,
    "AR": 0.020080321285140573,
    "AP": 0.010292322237632679,
    "F1": 0.013609163597952787
}