{
    "AUC": 0.86686219008095,
    "AR": 0.8564859437750998,
    "AP": 0.7997867024252514,
    "F1": 0.8271658295111449
}