{
    "AUC": 0.2638784683554099,
    "AR": 0.27777108433734965,
    "AP": 0.17755629272024964,
    "F1": 0.21663535488921232
}