{
    "AUC": 0.4491855196336447,
    "AR": 0.4044377510040158,
    "AP": 0.2913543626999878,
    "F1": 0.33870663629199843
}