{
    "AUC": 0.5946252999364672,
    "AR": 0.5172891566265061,
    "AP": 0.413449228101719,
    "F1": 0.4595766243702711
}