{
    "AUC": 0.7157399876584423,
    "AR": 0.7066465863453824,
    "AP": 0.6082352887840226,
    "F1": 0.6537581795653357
}