{
    "AUC": 0.9829377018516465,
    "AR": 0.9819277108433726,
    "AP": 0.9750456019359793,
    "F1": 0.9784745551968023
}