{
    "AUC": 0.9920801178670647,
    "AR": 0.9925187032418951,
    "AP": 0.9888060397634344
}