{
    "AUC": 0.9935077289133449,
    "AR": 0.9899598393574288,
    "AP": 0.9879600950692905,
    "F1": 0.9889589563086338
}