{
    "AUC": 0.9913034111955631,
    "AR": 0.9878112449799187,
    "AP": 0.9839835772573141,
    "F1": 0.9858936959652878
}