{
    "AUC": 0.842949814962921,
    "AR": 0.8449999999999993,
    "AP": 0.7811413611870479,
    "F1": 0.8118168148939062
}