{
    "AUC": 0.9123171262278282,
    "AR": 0.9027710843373489,
    "AP": 0.8640239255435127,
    "F1": 0.8829726276042943
}