{
    "AUC": 0.018632787646815255,
    "AR": 0.022550200803212832,
    "AP": 0.011397480024557047,
    "F1": 0.015141856936166594
}