{
    "AUC": 0.9784563840229008,
    "AR": 0.978293172690762,
    "AP": 0.9699967699160102,
    "F1": 0.9741273070180312
}