{
    "AUC": 0.9214228515269537,
    "AR": 0.9187349397590365,
    "AP": 0.8856987968186482,
    "F1": 0.9019144502176619
}