{
    "AUC": 0.7312560587176292,
    "AR": 0.7253212851405623,
    "AP": 0.6277509482227499,
    "F1": 0.6730182074335327
}