{
    "AUC": 0.9873462541600644,
    "AR": 0.985943775100401,
    "AP": 0.9810260748467207,
    "F1": 0.9834787775036883
}