{
    "AUC": 0.9870957284545903,
    "AR": 0.9853614457831319,
    "AP": 0.9799480554833768,
    "F1": 0.9826472951168284
}