{
    "AUC": 0.755712699762873,
    "AR": 0.7540361445783128,
    "AP": 0.6665937140048226,
    "F1": 0.7076238065411894
}