{
    "AUC": 0.9892815757666465,
    "AR": 0.9879518072289146,
    "AP": 0.9840152920087922,
    "F1": 0.9859796205086558
}