{
    "AUC": 0.9775772645753436,
    "AR": 0.9764859437751016,
    "AP": 0.9680264827985673,
    "F1": 0.9722378121496045
}