{
    "AUC": 0.9826524641612809,
    "AR": 0.9798795180722881,
    "AP": 0.9730043726746416,
    "F1": 0.9764298433676921
}