{
    "AUC": 0.9892805648451044,
    "AR": 0.9854016064257022,
    "AP": 0.9809935417914006,
    "F1": 0.9831926333330826
}