{
    "AUC": 0.978626666285717,
    "AR": 0.9774497991967871,
    "AP": 0.9680402982578509,
    "F1": 0.9727222938677502
}