{
    "AUC": 0.9864852790063888,
    "AR": 0.9833534136546177,
    "AP": 0.9780446078109486,
    "F1": 0.980691826209505
}