{
    "AUC": 0.9764826863250498,
    "AR": 0.9705622489959844,
    "AP": 0.9618908995407088,
    "F1": 0.9662071191262045
}