{
    "AUC": 0.9765087962014448,
    "AR": 0.9722489959839364,
    "AP": 0.9620302927663038,
    "F1": 0.967112651919569
}