{
    "AUC": 0.983048143753465,
    "AR": 0.9799196787148583,
    "AP": 0.9730860541865775,
    "F1": 0.976490910924063
}