{
    "AUC": 0.9804205489801057,
    "AR": 0.9781325301204808,
    "AP": 0.971015790483886,
    "F1": 0.974561167965346
}