{
    "AUC": 0.5807141097245084,
    "AR": 0.5439759036144577,
    "AP": 0.4245322690560952,
    "F1": 0.47688874743618764
}