{
    "AUC": 0.9131129714108456,
    "AR": 0.9155622489959843,
    "AP": 0.8802335716878679,
    "F1": 0.8975503999440387
}