{
    "AUC": 0.5979825205923185,
    "AR": 0.5573694779116467,
    "AP": 0.4452666526881743,
    "F1": 0.4950510642216797
}