{
    "AUC": 0.01637106044997835,
    "AR": 0.020080321285140573,
    "AP": 0.010306847386999125,
    "F1": 0.013621855277198532
}