{
    "AUC": 0.9791667438116363,
    "AR": 0.9781325301204808,
    "AP": 0.9700235362029375,
    "F1": 0.9740611567462383
}