{
    "AUC": 0.4513421667312459,
    "AR": 0.40819277108433705,
    "AP": 0.29484434906037693,
    "F1": 0.34238115864135066
}