{
    "AUC": 0.014672777255705007,
    "AR": 0.016064257028112438,
    "AP": 0.00816156896522749,
    "F1": 0.010823948099530162
}