{
    "AUC": 0.9213974198106886,
    "AR": 0.9187349397590365,
    "AP": 0.8856993390447143,
    "F1": 0.9019147313487321
}