{
    "AUC": 0.05309656705919724,
    "AR": 0.056224899598393524,
    "AP": 0.029740792304155425,
    "F1": 0.038903265343886155
}