{
    "AUC": 0.9828247095151204,
    "AR": 0.9767469879518078,
    "AP": 0.9690579653673962,
    "F1": 0.9728872847288275
}