{
    "AUC": 0.0325595649151978,
    "AR": 0.03413654618473896,
    "AP": 0.01768231235458987,
    "F1": 0.023297042403483847
}