{
    "AUC": 0.9212386906890614,
    "AR": 0.9181927710843378,
    "AP": 0.8849026983175942,
    "F1": 0.9012404218149815
}