{
    "AUC": 0.01853806980499317,
    "AR": 0.023072289156626485,
    "AP": 0.011398497850347971,
    "F1": 0.015258684885912425
}