{
    "AUC": 0.9850203851763427,
    "AR": 0.9839357429718868,
    "AP": 0.9780443662364638,
    "F1": 0.9809812093769287
}