{
    "AUC": 0.9423602082068601,
    "AR": 0.9365863453815254,
    "AP": 0.9120346373807215,
    "F1": 0.9241474546171309
}