{
    "AUC": 0.9915202087333235,
    "AR": 0.9870281124497985,
    "AP": 0.9849401031036589,
    "F1": 0.9859830023372508
}