{
    "AUC": 0.8186175003042471,
    "AR": 0.8127108433734935,
    "AP": 0.7416390326688861,
    "F1": 0.7755500778932717
}