{
    "AUC": 0.9911703386932066,
    "AR": 0.9851807228915651,
    "AP": 0.9808231798819248,
    "F1": 0.98299712225567
}