{
    "AUC": 0.8755306446182309,
    "AR": 0.873052208835342,
    "AP": 0.8228144451544767,
    "F1": 0.8471892139793852
}