{
    "AUC": 0.9775823281597351,
    "AR": 0.9764457831325313,
    "AP": 0.9680263492919143,
    "F1": 0.9722178384204704
}