{
    "AUC": 0.6304639686458123,
    "AR": 0.606124497991968,
    "AP": 0.49558473301195205,
    "F1": 0.5453091234165834
}