{
    "AUC": 0.9034425349451953,
    "AR": 0.9056224899598391,
    "AP": 0.865560856095731,
    "F1": 0.8851386045999917
}