{
    "AUC": 0.6064258636725868,
    "AR": 0.5698995983935743,
    "AP": 0.4604570369901508,
    "F1": 0.5093659252467547
}