{
    "AUC": 0.9801580771208455,
    "AR": 0.9799196787148583,
    "AP": 0.9720638524110395,
    "F1": 0.9759759575384622
}