{
    "AUC": 0.8584156904512019,
    "AR": 0.849558232931727,
    "AP": 0.7875832289933626,
    "F1": 0.8173976798846484
}