{
    "AUC": 0.9804590470882845,
    "AR": 0.9799196787148583,
    "AP": 0.972053628347858,
    "F1": 0.9759708042499791
}