{
    "AUC": 0.9429942998383049,
    "AR": 0.9437751004016055,
    "AP": 0.9191329565315461,
    "F1": 0.9312910479984168
}