{
    "AUC": 0.26775268820850534,
    "AR": 0.28198795180722885,
    "AP": 0.18069670825178463,
    "F1": 0.2202549557261316
}