{
    "AUC": 0.23547112503998527,
    "AR": 0.2458032128514053,
    "AP": 0.15329184229967494,
    "F1": 0.188825327975598
}