{
    "AUC": 0.5946006504270437,
    "AR": 0.5172891566265061,
    "AP": 0.4134513626352745,
    "F1": 0.45957794306261757
}