{
    "AUC": 0.5757605718005913,
    "AR": 0.5280321285140562,
    "AP": 0.41129233656358594,
    "F1": 0.46240798784952053
}