{
    "AUC": 0.018570064406022064,
    "AR": 0.02287148594377508,
    "AP": 0.011382914175510926,
    "F1": 0.015200625943399111
}