{
    "AUC": 0.9893556758160686,
    "AR": 0.9860040160642564,
    "AP": 0.9829786668809865,
    "F1": 0.9844890172425101
}