{
    "AUC": 0.44918490476587175,
    "AR": 0.4044779116465861,
    "AP": 0.29135437399527847,
    "F1": 0.338720726745245
}