{
  "AUC": 0.06935660151082426,
  "AR": 0.06575555555555553,
  "AP": 0.03352894266302676,
  "F1": 0.04441205407804646,
  "timePerImage": 0.17324292765723334
}