{
  "AUC": 0.5277114981544339,
  "AR": 0.40084444444444445,
  "AP": 0.2911761146539279,
  "F1": 0.3373204058157298,
  "timePerImage": 0.011922851138644748
}