{
  "AUC": 0.09366272559100669,
  "AR": 0.004444444444444443,
  "AP": 0.0022741187371842415,
  "F1": 0.0030087368725273704,
  "timePerImage": 0.05403725094265408
}