{
  "AUC": 0.10685579459052136,
  "AR": 0.02653333333333334,
  "AP": 0.009891477125406004,
  "F1": 0.01441071931038528,
  "timePerImage": 0.01791759014129639
}