{
  "AUC": 0.5573780688822955,
  "AR": 0.3689777777777779,
  "AP": 0.23600030743837092,
  "F1": 0.28787445734458506,
  "timePerImage": 0.020256779988606772
}