{
  "AUC": 0.15963580761745902,
  "AR": 0.027377777777777786,
  "AP": 0.012196583729065808,
  "F1": 0.01687533778275513,
  "timePerImage": 0.020884305636088053
}