{
  "AUC": 0.31152019443053003,
  "AR": 0.2055333333333332,
  "AP": 0.1240886322390817,
  "F1": 0.15474909366905953,
  "timePerImage": 0.005517018106248644
}