{
  "AUC": 0.3511856885314104,
  "AR": 0.22371111111111133,
  "AP": 0.15295947770937143,
  "F1": 0.18169050480151525,
  "timePerImage": 0.021906270451015897
}