{
  "AUC": 0.1734676386869026,
  "AR": 0.0906,
  "AP": 0.02202387205055725,
  "F1": 0.03543410062983381,
  "timePerImage": 0.014809938006930881
}