{
  "AUC": -1,
  "AR": 0.7177777777777777,
  "AP": 0.01100727468398387,
  "F1": 0.021682050517835165,
  "timePerImage": 1.6141181395555564
}