{
  "AUC": 0.1951938716908427,
  "AR": 0.09275555555555565,
  "AP": 0.03480205127818264,
  "F1": 0.050613737289510755,
  "timePerImage": 0.0905177656809489
}