{
  "AUC": -1,
  "AR": 0.2962962962962963,
  "AP": 0.01438236721779099,
  "F1": 0.02743311748804088,
  "timePerImage": 0.34039934821750806
}