{
    "AUC": 0.8854291634088346,
    "AR": 0.8815261044176713,
    "AP": 0.8326332761887844,
    "F1": 0.8563824072269676
}