{
    "AUC": 0.9871667156289965,
    "AR": 0.9875311720698264,
    "AP": 0.9813744939397143
}