{
    "AUC": 0.9761452367759211,
    "AR": 0.9777710843373486,
    "AP": 0.9670675096530051,
    "F1": 0.9723898430056847
}