{
    "AUC": 0.12348978981995977,
    "AR": 0.12246987951807224,
    "AP": 0.06729318896795637,
    "F1": 0.08685977530869513
}