{
    "AUC": 0.9894471482918491,
    "AR": 0.9884939759036135,
    "AP": 0.9849542654196061,
    "F1": 0.9867209461293246
}