{
    "AUC": 0.6496717451708912,
    "AR": 0.6526104417670685,
    "AP": 0.5403624042895685,
    "F1": 0.5912056565971302
}