{
    "AUC": 0.5329181641574069,
    "AR": 0.5335140562248994,
    "AP": 0.40954216466121346,
    "F1": 0.4633795878218721
}