{
    "AUC": 0.6496768122425682,
    "AR": 0.6526104417670685,
    "AP": 0.5403623771722073,
    "F1": 0.5912056403669123
}