{
    "AUC": 0.9892156019139835,
    "AR": 0.9883734939759027,
    "AP": 0.9849503407978188,
    "F1": 0.9866589482903867
}