{
    "AUC": 0.9917059726921202,
    "AR": 0.990542168674698,
    "AP": 0.9879639889138865,
    "F1": 0.9892513989888355
}