{
    "AUC": 0.6076275381245262,
    "AR": 0.6204819277108433,
    "AP": 0.5031271969164384,
    "F1": 0.5556760374832663
}