{
    "AUC": 0.9583011817951576,
    "AR": 0.9578313253012051,
    "AP": 0.9395250210548953,
    "F1": 0.9485898606225827
}