{
    "AUC": 0.2886582786558461,
    "AR": 0.30016064257028136,
    "AP": 0.19591106522326054,
    "F1": 0.23708181821373256
}