{
    "AUC": 0.6558069427838581,
    "AR": 0.6586345381526109,
    "AP": 0.547339305481164,
    "F1": 0.5978513921862991
}