{
    "AUC": 0.9365117692608722,
    "AR": 0.9369277108433727,
    "AP": 0.9092313071560296,
    "F1": 0.9228717558295426
}