{
    "AUC": 0.9791372838183836,
    "AR": 0.9759036144578326,
    "AP": 0.9670800234438772,
    "F1": 0.9714717838468883
}