{
    "AUC": 0.015424260278889589,
    "AR": 0.020080321285140573,
    "AP": 0.010286243011260729,
    "F1": 0.013603848131586315
}