{
    "AUC": 0.28848050429566363,
    "AR": 0.29925702811245003,
    "AP": 0.1956611779995031,
    "F1": 0.2366168062601738
}