{
    "AUC": 0.9893109285160119,
    "AR": 0.9891967871485935,
    "AP": 0.9839561103656174,
    "F1": 0.986569489161329
}