{
    "AUC": 0.014145015435893233,
    "AR": 0.018072289156626512,
    "AP": 0.009175400231061231,
    "F1": 0.012171342952730858
}