{
    "AUC": 0.39736458697130095,
    "AR": 0.400321285140562,
    "AP": 0.2813234045365257,
    "F1": 0.3304353383799733
}