{
    "AUC": 0.014310433222250703,
    "AR": 0.01761044176706829,
    "AP": 0.009172596425972346,
    "F1": 0.012062371270065837
}