{
    "AUC": 0.8882567381059994,
    "AR": 0.8875502008032119,
    "AP": 0.8393392341519549,
    "F1": 0.8627717452367435
}