{
    "AUC": 0.49813694302264405,
    "AR": 0.4875502008032134,
    "AP": 0.36400624367075507,
    "F1": 0.41681633283846337
}