{
    "AUC": 0.9934527820341209,
    "AR": 0.9879518072289146,
    "AP": 0.9859206552857696,
    "F1": 0.9869351862105383
}