{
    "AUC": 0.995793292866788,
    "AR": 0.9939759036144573,
    "AP": 0.9929923502210646,
    "F1": 0.9934838834872793
}