{
    "AUC": 0.9176658540724217,
    "AR": 0.919899598393575,
    "AP": 0.8860429362967919,
    "F1": 0.9026539057607706
}