{
    "AUC": 0.13237550399029482,
    "AR": 0.14030120481927702,
    "AP": 0.07916844321211046,
    "F1": 0.10122062951262474
}