{
    "AUC": 0.014614729012513072,
    "AR": 0.01708835341365461,
    "AP": 0.009170789116731828,
    "F1": 0.011935933195645336
}