{
    "AUC": 0.34482315015728277,
    "AR": 0.35102409638554233,
    "AP": 0.23790887680850076,
    "F1": 0.28360357563572053
}