{
    "AUC": 0.6918880650808361,
    "AR": 0.6959036144578313,
    "AP": 0.5926288583291008,
    "F1": 0.6401275454878421
}