{
    "AUC": 0.6753422257589995,
    "AR": 0.6809036144578313,
    "AP": 0.5738208970394834,
    "F1": 0.6227928429952498
}