{
    "AUC": 0.9894661758737077,
    "AR": 0.989698795180722,
    "AP": 0.9849700816145077,
    "F1": 0.987328776503549
}