{
    "AUC": 0.8858484642625619,
    "AR": 0.880923694779117,
    "AP": 0.8326376142348679,
    "F1": 0.8561003328978207
}