{
    "AUC": 0.9936976979950952,
    "AR": 0.9907831325301197,
    "AP": 0.9889980202788593,
    "F1": 0.9898897716120646
}