{
    "AUC": 0.4699886238502396,
    "AR": 0.45839357429718885,
    "AP": 0.33633067084497503,
    "F1": 0.3879882092355707
}