{
    "AUC": 0.9893123836089943,
    "AR": 0.9883734939759027,
    "AP": 0.98495621791069,
    "F1": 0.9866618970419948
}