{
    "AUC": 0.5869789707461479,
    "AR": 0.5843373493975901,
    "AP": 0.4653731046244306,
    "F1": 0.5181140864039876
}