{
    "AUC": 0.06025522882436685,
    "AR": 0.06425702811244975,
    "AP": 0.0341971507761428,
    "F1": 0.04463817186012598
}