{
    "AUC": 0.8618097706003034,
    "AR": 0.8614457831325298,
    "AP": 0.8033796341683513,
    "F1": 0.831400086660023
}