{
    "AUC": 0.9895198897954606,
    "AR": 0.9871887550200794,
    "AP": 0.9839325275154331,
    "F1": 0.985557951677406
}