{
    "AUC": 0.03851681234742892,
    "AR": 0.04150602409638554,
    "AP": 0.020965325620453296,
    "F1": 0.027858764516385952
}