{
    "AUC": 0.9665941796345764,
    "AR": 0.9619879518072295,
    "AP": 0.9481265897843046,
    "F1": 0.9550069760744436
}