{
    "AUC": 0.7044771595077016,
    "AR": 0.7068072289156628,
    "AP": 0.6031122014847177,
    "F1": 0.6508553945586459
}