{
    "AUC": 0.5784302011279279,
    "AR": 0.5795783132530122,
    "AP": 0.45803230662652766,
    "F1": 0.5116863428418038
}