{
    "AUC": 0.6796680827917131,
    "AR": 0.6767068273092365,
    "AP": 0.569794263399568,
    "F1": 0.6186655929596798
}