{
    "AUC": 0.38639864463487295,
    "AR": 0.384317269076305,
    "AP": 0.2660939743799028,
    "F1": 0.3144610754510426
}