{
    "AUC": 0.0015758141069510925,
    "AR": 0.0,
    "AP": 8.483152526071798e-06
}