{
    "AUC": 0.0014581421688224538,
    "AR": 0.0,
    "AP": 2.598175232837034e-05
}