{
    "AUC": 0.009648026510870343,
    "AR": 0.0,
    "AP": 2.7151099581066535e-05
}