{
    "AUC": 0.11096552404299984,
    "AR": 0.112219451371571,
    "AP": 0.06240632831885374
}