{
    "AUC": 0.005119768003139195,
    "AR": 0.0,
    "AP": 3.095745682735979e-05
}