{
    "AUC": 0.00804549676329422,
    "AR": 0.0,
    "AP": 3.090358249637739e-05
}