{
    "AUC": 0.0032005907530802697,
    "AR": 0.0,
    "AP": 7.969848469271053e-07
}