{
    "AUC": 0.004058714736155339,
    "AR": 0.0,
    "AP": 1.954418728288293e-05
}