{
    "AUC": 0.5161509873037581,
    "AR": 0.41972568578553604,
    "AP": 0.28363510160494443
}