{
    "AUC": 0.9835706139465339,
    "AR": 0.9645386533665835,
    "AP": 0.9564197320329855
}