{
    "AUC": 0.4787807337523938,
    "AR": 0.32705735660847884,
    "AP": 0.17398774666292147
}