{
    "AUC": 0.36300213265466214,
    "AR": 0.21453865336658354,
    "AP": 0.09491566552223626
}