{
    "AUC": 0.9126047775088382,
    "AR": 0.9111445783132531,
    "AP": 0.8729877646860401,
    "F1": 0.8916581461555921
}