{
    "AUC": 0.9833376283725428,
    "AR": 0.9801004016064246,
    "AP": 0.9739565082796466,
    "F1": 0.9770187962107285
}