{
    "AUC": 0.9116614657838662,
    "AR": 0.9176706827309243,
    "AP": 0.8807422850355142,
    "F1": 0.8988273422231022
}