{
    "AUC": 0.4288679088363021,
    "AR": 0.4285742971887547,
    "AP": 0.30662213080962275,
    "F1": 0.3574836852024055
}