{
    "AUC": 0.02185790515823741,
    "AR": 0.022791164658634518,
    "AP": 0.01132673595998036,
    "F1": 0.015132789510966664
}