{
    "AUC": 0.5590304099489941,
    "AR": 0.556767068273093,
    "AP": 0.4353572281818003,
    "F1": 0.48863346750484754
}