{
    "AUC": 0.9851155602435878,
    "AR": 0.9839759036144571,
    "AP": 0.9779530526649489,
    "F1": 0.9809552334793793
}