{
    "AUC": 0.3864164654447447,
    "AR": 0.38435742971887527,
    "AP": 0.2660939217079937,
    "F1": 0.3144744817184041
}