{
    "AUC": 0.9827349300139355,
    "AR": 0.9819277108433726,
    "AP": 0.975055454063037,
    "F1": 0.9784795159433589
}