{
    "AUC": 0.9195355505481971,
    "AR": 0.9209437751004018,
    "AP": 0.887223636798997,
    "F1": 0.9037692860238721
}