{
    "AUC": 0.841550742625936,
    "AR": 0.8393574297188764,
    "AP": 0.7743405849557309,
    "F1": 0.8055392238262272
}