{
    "AUC": 0.6481052281121717,
    "AR": 0.6288755020080317,
    "AP": 0.5189097675614369,
    "F1": 0.5686248973982304
}