{
    "AUC": 0.9914922422701224,
    "AR": 0.9899598393574288,
    "AP": 0.9869894450753444,
    "F1": 0.9884724106866604
}