{
    "AUC": 0.010005116451845777,
    "AR": 0.010943775100401613,
    "AP": 0.0060854623928651794,
    "F1": 0.007821598804503208
}