{
    "AUC": 0.8943941685799699,
    "AR": 0.8935742971887545,
    "AP": 0.8477383046478604,
    "F1": 0.8700530381239094
}