{
    "AUC": 0.0337821064477691,
    "AR": 0.03495983935742972,
    "AP": 0.01771444688145704,
    "F1": 0.023514100009741242
}