{
    "AUC": 0.7704707299431335,
    "AR": 0.7698393574297188,
    "AP": 0.6838941814324284,
    "F1": 0.7243262167507706
}