{
    "AUC": 0.670764922577205,
    "AR": 0.6631726907630522,
    "AP": 0.5556689279028186,
    "F1": 0.6046798081839266
}