{
    "AUC": 0.44663509237150045,
    "AR": 0.44616465863453786,
    "AP": 0.32380354756926016,
    "F1": 0.375261466906992
}