{
    "AUC": 0.015419414763880812,
    "AR": 0.020080321285140573,
    "AP": 0.010285042609462239,
    "F1": 0.013602798289933932
}