{
    "AUC": 0.991662963328725,
    "AR": 0.9901004016064249,
    "AP": 0.9879640008727061,
    "F1": 0.9890310475339306
}