{
    "AUC": 0.9894033069539232,
    "AR": 0.9890562248995974,
    "AP": 0.9849641100583275,
    "F1": 0.9870059260323124
}