{
    "AUC": 0.9937016344802967,
    "AR": 0.9909437751004009,
    "AP": 0.98899706529696,
    "F1": 0.9899694631804247
}