{
    "AUC": 0.6348649745793841,
    "AR": 0.6321084337349394,
    "AP": 0.5147621689941364,
    "F1": 0.5674319450068759
}