{
    "AUC": 0.18911374656617644,
    "AR": 0.18070281124497978,
    "AP": 0.10705145253539737,
    "F1": 0.13445151544839756
}