{
    "AUC": 0.9195135918376797,
    "AR": 0.9209437751004018,
    "AP": 0.8872241159598988,
    "F1": 0.9037695346233497
}