{
    "AUC": 0.8183659253193558,
    "AR": 0.8253012048192775,
    "AP": 0.7547333675319692,
    "F1": 0.7884414283600574
}