{
    "AUC": 0.9803888957275549,
    "AR": 0.9763253012048205,
    "AP": 0.9690422946381194,
    "F1": 0.9726701649749863
}