{
    "AUC": 0.01417092703156841,
    "AR": 0.018072289156626512,
    "AP": 0.009173750840927159,
    "F1": 0.012169891687963976
}