{
    "AUC": 0.27326215205650184,
    "AR": 0.2851405622489959,
    "AP": 0.18391633979284036,
    "F1": 0.2236061693454431
}