{
    "AUC": 0.07414244523332317,
    "AR": 0.06467871485943773,
    "AP": 0.03361506248019525,
    "F1": 0.044238386192573
}