{
    "AUC": 0.015405263666349246,
    "AR": 0.020080321285140573,
    "AP": 0.010296942244682052,
    "F1": 0.013613201750365794
}