{
    "AUC": 0.47199283648331664,
    "AR": 0.4604016064257028,
    "AP": 0.3382771052809374,
    "F1": 0.3900024387918973
}