{
    "AUC": 0.9263188671136795,
    "AR": 0.9257028112449806,
    "AP": 0.8941265228131876,
    "F1": 0.9096407232112579
}