{
    "AUC": 0.969633434230713,
    "AR": 0.9701004016064264,
    "AP": 0.9581307669464992,
    "F1": 0.9640784330893467
}