{
    "AUC": 0.013910055496448803,
    "AR": 0.018072289156626512,
    "AP": 0.0091744529136956,
    "F1": 0.012170509448963368
}