{
    "AUC": 0.6502412896080266,
    "AR": 0.634598393574297,
    "AP": 0.5215544923238323,
    "F1": 0.5725499577558898
}