{
    "AUC": 0.7812845568387397,
    "AR": 0.7792168674698798,
    "AP": 0.6965875515483517,
    "F1": 0.7355890290626845
}