{
    "AUC": 0.9936316381098614,
    "AR": 0.9905020080321277,
    "AP": 0.988993417774683,
    "F1": 0.9897471380486885
}