{
    "AUC": 0.6480968957322759,
    "AR": 0.628915662650602,
    "AP": 0.5189099688322218,
    "F1": 0.5686414346446027
}