{
    "AUC": 0.9320798930337506,
    "AR": 0.929718875502009,
    "AP": 0.8997023647531316,
    "F1": 0.9144643698660909
}