{
    "AUC": 0.49155562420622667,
    "AR": 0.49319277108433673,
    "AP": 0.3687353456332985,
    "F1": 0.42197859283711736
}