{
    "AUC": 0.5805435957539837,
    "AR": 0.5703012048192776,
    "AP": 0.4504984259562038,
    "F1": 0.5033696865600045
}