{
    "AUC": 0.989645708855367,
    "AR": 0.9881726907630513,
    "AP": 0.9849641100583275,
    "F1": 0.9865657916229625
}