{
    "AUC": 0.8865070939495688,
    "AR": 0.8895582329317262,
    "AP": 0.8430366720950957,
    "F1": 0.8656728819296013
}