{
    "AUC": 0.8447408527371816,
    "AR": 0.8467068273092363,
    "AP": 0.7814334521183325,
    "F1": 0.8127617102244316
}