{
    "AUC": 0.9892087317403148,
    "AR": 0.988413654618473,
    "AP": 0.9849503407978188,
    "F1": 0.9866789585976097
}