{
    "AUC": 0.9916625197264998,
    "AR": 0.9895582329317261,
    "AP": 0.9849842982378999,
    "F1": 0.987265967932761
}