{
    "AUC": 0.9851588772924063,
    "AR": 0.985522088353413,
    "AP": 0.9789804490886223,
    "F1": 0.9822403771483535
}