{
    "AUC": 0.28844274759030486,
    "AR": 0.29921686746987974,
    "AP": 0.1956613560721913,
    "F1": 0.23660438169938072
}