{
    "AUC": 0.3535953552254151,
    "AR": 0.3549196787148592,
    "AP": 0.24118992594642522,
    "F1": 0.2872057432283999
}