{
    "AUC": 0.9870934077172209,
    "AR": 0.9861244979919672,
    "AP": 0.9819604777193663,
    "F1": 0.9840380827956605
}