{
    "AUC": 0.9916623999591054,
    "AR": 0.9902208835341357,
    "AP": 0.9879640008727061,
    "F1": 0.9890911547809491
}