{
    "AUC": 0.2239853164304992,
    "AR": 0.23560240963855403,
    "AP": 0.14557193566774485,
    "F1": 0.1799549169108391
}