{
    "AUC": 0.39651839722380955,
    "AR": 0.39630522088353426,
    "AP": 0.27413395868614815,
    "F1": 0.3240882166776769
}