{
    "AUC": 0.015330784214703125,
    "AR": 0.020080321285140573,
    "AP": 0.010287455239677924,
    "F1": 0.013604908232277647
}