{
    "AUC": 0.054517964867210056,
    "AR": 0.0019678714859437743,
    "AP": 0.0022936812900472645,
    "F1": 0.0021183217694527197
}