{
    "AUC": 0.0040046169103555495,
    "AR": 0.0009437751004016066,
    "AP": 0.0010111072421802245,
    "F1": 0.0009762816085853389
}