{
    "AUC": 0.02835432334112168,
    "AR": 0.0012248995983935745,
    "AP": 0.0011338054998668572,
    "F1": 0.0011775935045611184
}