{
    "AUC": 0.05942815036624205,
    "AR": 0.006465863453815261,
    "AP": 0.009648903333673013,
    "F1": 0.007743021324147471
}