{
    "AUC": 0.004506628157754402,
    "AR": 0.0011044176706827313,
    "AP": 0.001009140254558298,
    "F1": 0.0010546314496721026
}