{
    "AUC": 0.028637411933964477,
    "AR": 0.0011445783132530123,
    "AP": 0.0011203013332636805,
    "F1": 0.0011323097122040331
}