{
    "AUC": 0.052725747992698496,
    "AR": 0.0011044176706827313,
    "AP": 0.001307877394026636,
    "F1": 0.0011975673508443912
}