{
    "AUC": 0.032382165108166244,
    "AR": 0.0010642570281124502,
    "AP": 0.0011458390912634589,
    "F1": 0.0011035423258491351
}