{
    "AUC": 0.03707074416683552,
    "AR": 0.0009437751004016066,
    "AP": 0.0012074705729535043,
    "F1": 0.0010594611999324784
}