{
    "AUC": 0.035175656050375065,
    "AR": 0.0012248995983935745,
    "AP": 0.001171281074986711,
    "F1": 0.0011974904349205744
}