{
    "AUC": 0.03718713253141588,
    "AR": 0.0009437751004016066,
    "AP": 0.0012074164094497554,
    "F1": 0.0010594403499981522
}