{
    "AUC": 0.0424813210185358,
    "AR": 0.0011847389558232934,
    "AP": 0.0011591423926207809,
    "F1": 0.0011718009094578746
}