{
    "AUC": 0.037214599816358204,
    "AR": 0.0013453815261044177,
    "AP": 0.0011888244088041277,
    "F1": 0.001262267107305784
}