{
    "AUC": 0.025998768945127242,
    "AR": 0.0009437751004016066,
    "AP": 0.0011062585128124032,
    "F1": 0.0010185776782096743
}