{
    "AUC": 0.02592427197443328,
    "AR": 0.0009437751004016066,
    "AP": 0.0011063075068678877,
    "F1": 0.0010185984454157545
}