{
    "AUC": 0.06960022493840874,
    "AR": 0.003815261044176706,
    "AP": 0.006522663545257141,
    "F1": 0.0048144410250247245
}