{
    "AUC": 0.033276596691475036,
    "AR": 0.0014056224899598392,
    "AP": 0.0021757470196801095,
    "F1": 0.0017078823813591452
}