{
    "AUC": 0.03500342928662112,
    "AR": 0.0011847389558232934,
    "AP": 0.001128585421666405,
    "F1": 0.0011559806545361165
}