{
    "AUC": 0.048275048474087166,
    "AR": 0.0033132530120481944,
    "AP": 0.0073141145544167235,
    "F1": 0.004560586039078305
}