{
    "AUC": 0.07048624605950686,
    "AR": 0.001967871485943774,
    "AP": 0.0024936190020176554,
    "F1": 0.0021997678776270596
}