{
    "AUC": 0.02855176870638088,
    "AR": 0.0009437751004016066,
    "AP": 0.001118903251866092,
    "F1": 0.0010239046991584039
}