{
    "AUC": 0.0036564125536552427,
    "AR": 0.0011847389558232934,
    "AP": 0.001010032566811387,
    "F1": 0.0010904323445159096
}