{
    "AUC": 0.032398203712778975,
    "AR": 0.0009437751004016066,
    "AP": 0.0011542859086652866,
    "F1": 0.001038469610402075
}