{
    "AUC": 0.06836458088942253,
    "AR": 0.0015461847389558229,
    "AP": 0.003468321462834011,
    "F1": 0.002138860936581464
}