{
    "AUC": 0.022141396193158802,
    "AR": 0.0010642570281124502,
    "AP": 0.0010820163936001784,
    "F1": 0.0010730632358136342
}