{
    "AUC": 0.04641399729297254,
    "AR": 0.0033534136546184787,
    "AP": 0.005493813633907453,
    "F1": 0.004164701336376302
}