{
    "AUC": 0.03151933459981003,
    "AR": 0.0013855421686746988,
    "AP": 0.0011464778441781537,
    "F1": 0.0012547242047825057
}