{
    "AUC": 0.037377971137521226,
    "AR": 0.012291666666666671,
    "AP": 0.00026704858560838224,
    "F1": 0.0005227401262256348
}