{
    "AUC": 0.04431743923135293,
    "AR": 0.001244979919678714,
    "AP": 0.0022186336116688963,
    "F1": 0.0015949552515908717
}