{
    "AUC": 0.004631676958692971,
    "AR": 0.0013453815261044177,
    "AP": 0.001010984193085951,
    "F1": 0.001154455308430443
}