{
    "AUC": 0.016014858063171107,
    "AR": 0.0013453815261044177,
    "AP": 0.0010507139690221733,
    "F1": 0.001179928901846708
}