{
    "AUC": 0.05320555131406717,
    "AR": 0.001325301204819277,
    "AP": 0.0022428838028873688,
    "F1": 0.0016661112581417203
}