{
    "AUC": 0.019376668824138344,
    "AR": 0.0009437751004016066,
    "AP": 0.001062845730946665,
    "F1": 0.0009997776568098536
}