{
    "AUC": 0.023581733297879055,
    "AR": 0.0,
    "AP": 7.811607808937436e-05,
    "F1": 0.0
}