{
    "AUC": 0.03917477323538115,
    "AR": 0.0013453815261044177,
    "AP": 0.0011852211347214362,
    "F1": 0.0012602331007447462
}