{
    "AUC": 0.02395214550144951,
    "AR": 0.0013453815261044177,
    "AP": 0.001102432503461836,
    "F1": 0.0012118504968266863
}