{
    "AUC": 0.06441943453527287,
    "AR": 0.0012248995983935745,
    "AP": 0.001391464979849313,
    "F1": 0.0013028802707157887
}