{
    "AUC": 0.05946783861712273,
    "AR": 0.0022088353413654616,
    "AP": 0.0043704375949689305,
    "F1": 0.002934542193465555
}