{
    "AUC": 0.026653817712355015,
    "AR": 0.0011445783132530123,
    "AP": 0.001108357930841765,
    "F1": 0.0011261769650948881
}