{
    "AUC": 0.014777668958040752,
    "AR": 0.0010642570281124502,
    "AP": 0.00103670531089335,
    "F1": 0.0010503005148791527
}