{
    "AUC": 0.002809693377502282,
    "AR": 0.0010642570281124502,
    "AP": 0.001012722339800097,
    "F1": 0.0010378503362235803
}