{
    "AUC": 0.0026487823507999305,
    "AR": 0.0012248995983935745,
    "AP": 0.0010134033131026993,
    "F1": 0.0011091593589541563
}