{
    "AUC": 0.004608220746825487,
    "AR": 0.0013052208835341366,
    "AP": 0.0010107945110915022,
    "F1": 0.001139293035702433
}