{
    "AUC": 0.04657184212589928,
    "AR": 0.0010642570281124502,
    "AP": 0.001218720663768393,
    "F1": 0.0011362634302859228
}