{
    "AUC": 0.024155165370680774,
    "AR": 0.0013855421686746988,
    "AP": 0.001107053891213567,
    "F1": 0.0012307408119232664
}