{
    "AUC": 0.0038634048554529667,
    "AR": 0.0011445783132530123,
    "AP": 0.0010075666753416547,
    "F1": 0.0010717112200749562
}