{
    "AUC": 0.021386733675939604,
    "AR": 0.0011044176706827313,
    "AP": 0.0010850840212004854,
    "F1": 0.0010946654863358846
}