{
    "AUC": 0.08478145708837415,
    "AR": 0.0,
    "AP": 0.0009982925848652925
}