{
    "AUC": 0.10886368682096753,
    "AR": 0.00999999999999999,
    "AP": 0.011812492645653112
}