{
    "AUC": 0.037709069028088696,
    "AR": 0.0,
    "AP": 0.000865319662970346
}