{
    "AUC": 0.11413290918860555,
    "AR": 0.0001496259351620949,
    "AP": 0.004069233665642835
}