{
    "AUC": 0.036445310874323664,
    "AR": 0.0,
    "AP": 0.0003264565006753616
}