{
    "AUC": 0.041313137738714284,
    "AR": 0.0,
    "AP": 0.00015357087908081978
}