{
    "AUC": 0.058735196504521164,
    "AR": 0.0,
    "AP": 0.0007851167955510873
}