{
    "AUC": 0.04014983005902949,
    "AR": 0.0,
    "AP": 0.00028622903532186873
}