{
    "AUC": 0.052308671447863046,
    "AR": 0.0,
    "AP": 0.0006040290745857309
}