{
    "AUC": 0.04565881866868456,
    "AR": 0.0005486284289276807,
    "AP": 0.003223306124449722
}