{
    "AUC": 0.03059619524762607,
    "AR": 0.0024438902743142144,
    "AP": 0.002922714339268199
}