{
    "AUC": 0.08899680595605175,
    "AR": 0.015411471321695762,
    "AP": 0.0012179576804840211
}