{
    "AUC": 0.07940682002858024,
    "AR": 0.03977556109725687,
    "AP": 0.010480606348124191
}