{
    "AUC": 0.11484621883262713,
    "AR": 0.0011970074812967587,
    "AP": 0.009133965674000058
}