{
    "AUC": 0.037320113109474085,
    "AR": 0.0010642570281124502,
    "AP": 0.0011759361876752597,
    "F1": 0.0011173128670556188
}