{
    "AUC": 0.004436732198844479,
    "AR": 0.0013855421686746988,
    "AP": 0.0010110270246578067,
    "F1": 0.0011690215999023337
}