{
    "AUC": 0.00258540117579133,
    "AR": 0.0013453815261044177,
    "AP": 0.0010138179773163225,
    "F1": 0.0011563006651503832
}