{
    "AUC": 0.03823829827976637,
    "AR": 0.0004819277108433735,
    "AP": 0.0023401788116629452,
    "F1": 0.0007992589993855302
}