{
    "AUC": 0.0025407753462830915,
    "AR": 0.0009437751004016066,
    "AP": 0.0010143457482763773,
    "F1": 0.000977788741760047
}