{
    "AUC": 0.06940679456219322,
    "AR": 0.0026907630522088363,
    "AP": 0.002464920392686037,
    "F1": 0.0025728952485797635
}