{
    "AUC": 0.014504746102574084,
    "AR": 0.0011044176706827313,
    "AP": 0.0010370487411436142,
    "F1": 0.001069673517878333
}