{
    "AUC": 0.058521371152679295,
    "AR": 0.0014056224899598392,
    "AP": 0.0023025695382774664,
    "F1": 0.001745618081832588
}