{
    "AUC": 0.003946505204923793,
    "AR": 0.0012248995983935745,
    "AP": 0.0010078897789802508,
    "F1": 0.0011058488525684173
}