{
    "AUC": 0.05457092424211324,
    "AR": 0.001506024096385542,
    "AP": 0.003400132380489537,
    "F1": 0.00208745127476225
}