{
    "AUC": 0.03243142929469155,
    "AR": 0.0009437751004016066,
    "AP": 0.0011542507609308334,
    "F1": 0.001038455385954383
}