{
    "AUC": 0.07582055824745346,
    "AR": 0.001285140562248996,
    "AP": 0.0025492271255806976,
    "F1": 0.0017088163933091651
}