{
    "AUC": 0.03264130443377232,
    "AR": 0.0013855421686746988,
    "AP": 0.0011520258060137008,
    "F1": 0.0012580394689363492
}