{
    "AUC": 0.01952494911151455,
    "AR": 0.0012248995983935745,
    "AP": 0.0010736468917219553,
    "F1": 0.0011442967563563462
}