{
    "AUC": 0.0025706854262688337,
    "AR": 0.0011445783132530123,
    "AP": 0.0010143137777071615,
    "F1": 0.0010755160553494942
}