{
    "AUC": 0.015442743732024086,
    "AR": 0.0013855421686746988,
    "AP": 0.001047951280225981,
    "F1": 0.0011933302636386047
}