{
    "AUC": 0.012699074760968983,
    "AR": 0.0011847389558232934,
    "AP": 0.001024369318679837,
    "F1": 0.0010987331413288308
}