{
    "AUC": 0.003781529017487689,
    "AR": 0.0010642570281124502,
    "AP": 0.0010077720123738932,
    "F1": 0.0010352446089772957
}