{
    "AUC": 0.003766186942282847,
    "AR": 0.0009437751004016066,
    "AP": 0.001007539730709991,
    "F1": 0.0009746155723807412
}