{
    "AUC": 0.028573005976979746,
    "AR": 0.0009437751004016066,
    "AP": 0.0011188777864515494,
    "F1": 0.0010238940366320733
}