{
    "AUC": 0.07074530803852074,
    "AR": 0.0029518072289156662,
    "AP": 0.002484836950824821,
    "F1": 0.0026982673250731614
}