{
    "AUC": 0.019398010245162692,
    "AR": 0.0009437751004016066,
    "AP": 0.0010628172395175817,
    "F1": 0.0009997650514051702
}