{
    "AUC": 0.03500032616797198,
    "AR": 0.0013855421686746988,
    "AP": 0.0011590917894893841,
    "F1": 0.0012622409180303824
}