{
    "AUC": 0.003969703999162437,
    "AR": 0.0013052208835341366,
    "AP": 0.0010078622360734613,
    "F1": 0.001137428073463835
}