{
    "AUC": 0.02087111921854187,
    "AR": 0.0011445783132530123,
    "AP": 0.0010760324280583635,
    "F1": 0.0011092474323395058
}