{
    "AUC": 0.004009929739323894,
    "AR": 0.0013855421686746988,
    "AP": 0.0010075712252855392,
    "F1": 0.0011667081251558486
}