{
    "AUC": 0.04661349292100479,
    "AR": 0.0037751004016064287,
    "AP": 0.003378472616723817,
    "F1": 0.0035657910528150033
}