{
    "AUC": 0.004577697764237026,
    "AR": 0.0012248995983935745,
    "AP": 0.0010106063808309979,
    "F1": 0.0011074820300353294
}