{
    "AUC": 0.03268650779937702,
    "AR": 0.0011445783132530123,
    "AP": 0.00115327141424164,
    "F1": 0.0011489084201122411
}