{
    "AUC": 0.046606682432915415,
    "AR": 0.0037751004016064287,
    "AP": 0.003378459977636452,
    "F1": 0.0035657840130613335
}