{
    "AUC": 0.05120818086147116,
    "AR": 0.0013855421686746988,
    "AP": 0.001288074092908327,
    "F1": 0.0013350315060136598
}