{
    "AUC": 0.03883171731645286,
    "AR": 0.0011847389558232934,
    "AP": 0.0012280945209189656,
    "F1": 0.0012060272160433593
}