{
    "AUC": 0.028406173257832727,
    "AR": 0.0011847389558232934,
    "AP": 0.001085001268304002,
    "F1": 0.001132678758576153
}