{
    "AUC": 0.004038813865734843,
    "AR": 0.0013453815261044177,
    "AP": 0.0010077849350137293,
    "F1": 0.0011523666143104512
}