{
    "AUC": 0.022378842481169593,
    "AR": 0.00018072289156626523,
    "AP": 0.0011291432283625253,
    "F1": 0.0003115769254849296
}