{
    "AUC": 0.004002930732112978,
    "AR": 0.0009437751004016066,
    "AP": 0.001011108638586002,
    "F1": 0.0009762822595195616
}