{
    "AUC": 0.003944935529760469,
    "AR": 0.0011044176706827313,
    "AP": 0.0010078582055125268,
    "F1": 0.0010539309038699906
}