{
    "AUC": 0.004049420272451934,
    "AR": 0.0011445783132530123,
    "AP": 0.001011090107878193,
    "F1": 0.0010737011303572747
}