{
    "AUC": 0.04043332899685124,
    "AR": 0.0016064257028112446,
    "AP": 0.002219308035672984,
    "F1": 0.001863775011364562
}