{
    "AUC": 0.013778600326811939,
    "AR": 0.0009437751004016066,
    "AP": 0.0010398891286247684,
    "F1": 0.0009895036190233492
}