{
    "AUC": 0.06863435827755693,
    "AR": 0.0010642570281124502,
    "AP": 0.0013791738113133692,
    "F1": 0.0012014217042654693
}