{
    "AUC": 0.04029071711742694,
    "AR": 0.0,
    "AP": 0.00016837745546551523,
    "F1": 0.0
}