{
    "AUC": 0.004416848093329166,
    "AR": 0.0010642570281124502,
    "AP": 0.001010397838637051,
    "F1": 0.001036628326179275
}