{
    "AUC": 0.0025610285899999668,
    "AR": 0.0013855421686746988,
    "AP": 0.0010141182663643423,
    "F1": 0.0011710853765426329
}