{
    "AUC": 0.0341061748088364,
    "AR": 0.0013052208835341366,
    "AP": 0.0011914223017090591,
    "F1": 0.0012457280868090849
}