{
    "AUC": 0.01496062040618072,
    "AR": 0.0013052208835341366,
    "AP": 0.0010437342361319085,
    "F1": 0.0011599231594110642
}