{
    "AUC": 0.01449633332794425,
    "AR": 0.0012248995983935745,
    "AP": 0.0010383315154586258,
    "F1": 0.0011239257435974967
}