{
    "AUC": 0.0744192811345633,
    "AR": 0.0016465863453815253,
    "AP": 0.002466616827906262,
    "F1": 0.001974858725430908
}