{
    "AUC": 0.0025627702955288273,
    "AR": 0.0009437751004016066,
    "AP": 0.0010144689617421897,
    "F1": 0.000977845984299217
}