{
    "AUC": 0.02556070202259188,
    "AR": 0.0011847389558232934,
    "AP": 0.0010831507351000544,
    "F1": 0.0011316695657972756
}