{
    "AUC": 0.0403094200871565,
    "AR": 0.0011044176706827313,
    "AP": 0.0012233255799104028,
    "F1": 0.001160834544021969
}