{
    "AUC": 0.030781335989484557,
    "AR": 0.0011044176706827313,
    "AP": 0.0011481167295989206,
    "F1": 0.001125843320321294
}