{
    "AUC": 0.07057312756416811,
    "AR": 0.0029518072289156662,
    "AP": 0.0024831754203168263,
    "F1": 0.0026972874172439174
}