{
    "AUC": 0.014032682057942954,
    "AR": 0.0011445783132530123,
    "AP": 0.0010399740231701944,
    "F1": 0.0010897717517869446
}