{
    "AUC": 0.0460810629840726,
    "AR": 0.0012248995983935745,
    "AP": 0.0012454146384529208,
    "F1": 0.0012350719335381915
}