{
    "AUC": 0.03766255275892486,
    "AR": 0.001325301204819277,
    "AP": 0.0021962161283390785,
    "F1": 0.0016530646341137419
}