{
    "AUC": 0.03365659521640538,
    "AR": 0.0,
    "AP": 0.00018062559940014387
}