{
    "AUC": 0.0037541105421183317,
    "AR": 0.0009437751004016066,
    "AP": 0.0010075450819323106,
    "F1": 0.0009746180759761039
}