{
    "AUC": 0.002626925612899359,
    "AR": 0.0013052208835341366,
    "AP": 0.0010133676069122874,
    "F1": 0.0011409256698106539
}