{
    "AUC": 0.044464041113912785,
    "AR": 0.0021285140562249,
    "AP": 0.0022292391509082295,
    "F1": 0.0021777125237969304
}