{
    "AUC": 0.013731446781126219,
    "AR": 0.0009437751004016066,
    "AP": 0.001039935936048242,
    "F1": 0.0009895248092299266
}