{
    "AUC": 0.04502789084332925,
    "AR": 0.003734939759036148,
    "AP": 0.0033699256165954376,
    "F1": 0.0035430563437798667
}