{
    "AUC": 0.0026940627679256346,
    "AR": 0.0011044176706827313,
    "AP": 0.0010130491539718544,
    "F1": 0.001056762140393125
}