{
    "AUC": 0.022193515841201283,
    "AR": 0.0013052208835341366,
    "AP": 0.0010906596978343152,
    "F1": 0.0011883328622575096
}