{
    "AUC": 0.11335357504316247,
    "AR": 0.08939393939393941,
    "AP": 0.03587670534269917,
    "F1": 0.0512036962817907
}