{
    "AUC": 0.4058352116203356,
    "AR": 0.424242424242424,
    "AP": 0.3021120293847567,
    "F1": 0.35290962724591035
}