{
    "AUC": 0.1968544276236584,
    "AR": 0.1642424242424242,
    "AP": 0.07503255113278615,
    "F1": 0.10300724574993901
}