{
    "AUC": 0.08457080767837738,
    "AR": 0.07848484848484862,
    "AP": 0.034329544489972295,
    "F1": 0.047766052305944655
}