{
    "AUC": 0.11447811447811448,
    "AR": 0.09363636363636363,
    "AP": 0.05265527698682779,
    "F1": 0.06740574707220064
}