{
    "AUC": 0.29683936135549044,
    "AR": 0.30303030303030304,
    "AP": 0.19742883379247014,
    "F1": 0.23908812899638585
}