{
    "AUC": 0.16747181964573268,
    "AR": 0.15151515151515152,
    "AP": 0.09220547723221521,
    "F1": 0.11464377820760802
}