{
    "AUC": 0.13277662993572084,
    "AR": 0.09757575757575761,
    "AP": 0.03688059028270045,
    "F1": 0.05352891989099562
}