{
    "AUC": 0.19823232323232326,
    "AR": 0.15848484848484842,
    "AP": 0.09059210666044308,
    "F1": 0.11528546500521135
}