{
    "AUC": 0.16194240542066626,
    "AR": 0.10818181818181812,
    "AP": 0.053334464087338544,
    "F1": 0.07144566746659174
}