{
    "AUC": 0.541715859897678,
    "AR": 0.5196969696969697,
    "AP": 0.4056342647251738,
    "F1": 0.45563553966613307
}