{
    "AUC": 0.11910907179045982,
    "AR": 0.11787878787878785,
    "AP": 0.05265527698682779,
    "F1": 0.07279413918292853
}