{
    "AUC": 0.1763788968824939,
    "AR": 0.15151515151515152,
    "AP": 0.08858504940687904,
    "F1": 0.11180313162019448
}