{
    "AUC": 0.3134469696969697,
    "AR": 0.30303030303030304,
    "AP": 0.2056895788953205,
    "F1": 0.24504713748120133
}