{
    "AUC": 0.6327037448532776,
    "AR": 0.6184848484848482,
    "AP": 0.5052260573650947,
    "F1": 0.556147777712811
}