{
    "AUC": 0.14325586694007747,
    "AR": 0.13060606060606064,
    "AP": 0.0720169610543942,
    "F1": 0.09284089737736077
}