{
    "AUC": 0.5405634537628798,
    "AR": 0.5275757575757575,
    "AP": 0.4052013642922733,
    "F1": 0.4583611920264729
}