{
    "AUC": 0.35273718107505575,
    "AR": 0.36363636363636365,
    "AP": 0.2479338842975207,
    "F1": 0.29484029484029484
}