{
    "AUC": 0.40846394984326023,
    "AR": 0.39393939393939365,
    "AP": 0.2864176524604332,
    "F1": 0.3316823042279456
}