{
    "AUC": 0.14725130890052357,
    "AR": 0.1151515151515151,
    "AP": 0.05571618913864903,
    "F1": 0.07509673784682722
}