{
    "AUC": 0.2271596562641338,
    "AR": 0.212121212121212,
    "AP": 0.13461460590647195,
    "F1": 0.16470529947858026
}