{
    "AUC": 0.23177723177723178,
    "AR": 0.2293939393939393,
    "AP": 0.1353373305244963,
    "F1": 0.1702380133352236
}