{
    "AUC": 0.08587662337662338,
    "AR": 0.07727272727272738,
    "AP": 0.034394749635391346,
    "F1": 0.047601614754422775
}