{
    "AUC": 0.11599539700805526,
    "AR": 0.09727272727272726,
    "AP": 0.05256897984170711,
    "F1": 0.06825239965055473
}