{
    "AUC": 0.5106278613472858,
    "AR": 0.4848484848484848,
    "AP": 0.37294736098563847,
    "F1": 0.4215990641136643
}