{
    "AUC": 0.05377720870678618,
    "AR": 0.0606060606060606,
    "AP": 0.032139577594123045,
    "F1": 0.042004200420042
}