{
    "AUC": 0.4283289324783101,
    "AR": 0.4075757575757573,
    "AP": 0.2949582404127859,
    "F1": 0.342240599411999
}