{
    "AUC": 0.19937551187551186,
    "AR": 0.18181818181818182,
    "AP": 0.11196264975334744,
    "F1": 0.1385852528281314
}