{
    "AUC": 0.3138075313807531,
    "AR": 0.31939393939393923,
    "AP": 0.1908520524830685,
    "F1": 0.23893176959508375
}