{
    "AUC": 0.945362651352832,
    "AR": 0.8771285140562247,
    "AP": 0.8546270371450901,
    "F1": 0.865731589707726
}