{
    "AUC": 0.95318305894511,
    "AR": 0.9500602409638549,
    "AP": 0.9315971397146867,
    "F1": 0.9407381089956007
}