{
    "AUC": 0.9483607017993857,
    "AR": 0.9042771084337341,
    "AP": 0.8883908966893818,
    "F1": 0.896263612583362
}