{
    "AUC": 0.023222089253204004,
    "AR": 0.027048192771084358,
    "AP": 0.013564271235817068,
    "F1": 0.01806780416589882
}