{
    "AUC": 0.9079209138877031,
    "AR": 0.901405622489959,
    "AP": 0.8638995985918704,
    "F1": 0.8822541803397674
}