{
    "AUC": 0.9833346184577052,
    "AR": 0.9655220883534144,
    "AP": 0.9581127780362715,
    "F1": 0.9618031638861673
}