{
    "AUC": 0.4981060762602204,
    "AR": 0.5073293172690766,
    "AP": 0.38478559157741515,
    "F1": 0.4376409575361968
}