{
    "AUC": 0.6235618837889934,
    "AR": 0.6206224899598392,
    "AP": 0.5033033748641585,
    "F1": 0.5558398529467048
}