{
    "AUC": 0.6890770117785001,
    "AR": 0.5466064257028113,
    "AP": 0.43582369471263116,
    "F1": 0.48496890934639947
}