{
    "AUC": 0.9601194827086222,
    "AR": 0.9393574297188755,
    "AP": 0.9183612299535452,
    "F1": 0.9287406788224278
}