{
    "AUC": 0.97137690109889,
    "AR": 0.9488955823293168,
    "AP": 0.9361265167978489,
    "F1": 0.9424678009898333
}