{
    "AUC": 0.9764353780452659,
    "AR": 0.9712248995983941,
    "AP": 0.9610581585449437,
    "F1": 0.9661147828288728
}