{
    "AUC": 0.9601188743433886,
    "AR": 0.9393574297188755,
    "AP": 0.9183612587419437,
    "F1": 0.9287406935438361
}