{
    "AUC": 0.9723763293635701,
    "AR": 0.9660441767068283,
    "AP": 0.9560844257416966,
    "F1": 0.9610384973734792
}