{
    "AUC": 0.7983162809970038,
    "AR": 0.8058835341365461,
    "AP": 0.7307603246733227,
    "F1": 0.7664856234295127
}