{
    "AUC": 0.021626699724944798,
    "AR": 0.02409638554216867,
    "AP": 0.012481296876828597,
    "F1": 0.0164446800190996
}