{
    "AUC": 0.9871212541241396,
    "AR": 0.9700803212851408,
    "AP": 0.9646587910476341,
    "F1": 0.9673619600543513
}