{
    "AUC": 0.9554472184269724,
    "AR": 0.9558232931726908,
    "AP": 0.937595953591318,
    "F1": 0.946621889007068
}