{
    "AUC": 0.2656304038650206,
    "AR": 0.27174698795180713,
    "AP": 0.17370264807185232,
    "F1": 0.21193494211440556
}