{
    "AUC": 0.022863092932322863,
    "AR": 0.028112449799196762,
    "AP": 0.01461235770416531,
    "F1": 0.019229538828182097
}