{
    "AUC": 0.9685271069586212,
    "AR": 0.9638554216867478,
    "AP": 0.9512588945564528,
    "F1": 0.957515731744491
}