{
    "AUC": 0.9760823793940082,
    "AR": 0.9698795180722899,
    "AP": 0.960929126268024,
    "F1": 0.9653835771021035
}