{
    "AUC": 0.9696571348106222,
    "AR": 0.96066265060241,
    "AP": 0.9489423376055544,
    "F1": 0.9547665270485983
}