{
    "AUC": 0.9611409656227811,
    "AR": 0.9598393574297194,
    "AP": 0.9434556297765316,
    "F1": 0.9515769773317072
}