{
    "AUC": 0.9837252666319726,
    "AR": 0.977791164658635,
    "AP": 0.9713208548264614,
    "F1": 0.974545270259926
}