{
    "AUC": 0.6784332192037081,
    "AR": 0.5256024096385541,
    "AP": 0.41427897411064185,
    "F1": 0.46334788797826915
}