{
    "AUC": 0.9668466916218869,
    "AR": 0.9658634538152621,
    "AP": 0.9522735158060012,
    "F1": 0.9590203426763574
}