{
    "AUC": 0.024516986866384455,
    "AR": 0.029698795180722902,
    "AP": 0.014657954393124431,
    "F1": 0.019628290597129148
}