{
    "AUC": 0.9453614751498683,
    "AR": 0.8771084337349396,
    "AP": 0.853644117812435,
    "F1": 0.8652172194946083
}