{
    "AUC": 0.9831646302339723,
    "AR": 0.9733734939759046,
    "AP": 0.967609347051214,
    "F1": 0.9704828616048798
}