{
    "AUC": 0.9298577328908411,
    "AR": 0.9246787148594381,
    "AP": 0.8933168414015592,
    "F1": 0.908727269464127
}