{
    "AUC": 0.5353608437276441,
    "AR": 0.451124497991968,
    "AP": 0.3373770186081021,
    "F1": 0.38604627879442016
}