{
    "AUC": 0.8419435439078549,
    "AR": 0.8190763052208835,
    "AP": 0.7566313009643184,
    "F1": 0.7866164610434492
}