{
    "AUC": 0.7230031417302026,
    "AR": 0.7224297188755017,
    "AP": 0.6265529465175947,
    "F1": 0.6710841890342939
}