{
    "AUC": 0.9643997886830751,
    "AR": 0.959377510040161,
    "AP": 0.945133218053668,
    "F1": 0.9522020958108256
}