{
    "AUC": 0.710635789039496,
    "AR": 0.6341164658634534,
    "AP": 0.5450518420494963,
    "F1": 0.5862205513384731
}