{
    "AUC": 0.9757096851563796,
    "AR": 0.9661847389558242,
    "AP": 0.9578485673074051,
    "F1": 0.961998594255626
}