{
    "AUC": 0.9629548557595239,
    "AR": 0.9598393574297194,
    "AP": 0.9444100654863868,
    "F1": 0.9520622030893994
}