{
    "AUC": 0.9755995416664408,
    "AR": 0.9683734939759042,
    "AP": 0.9590954824913599,
    "F1": 0.9637121580435853
}