{
    "AUC": 0.9629714105121302,
    "AR": 0.9598393574297194,
    "AP": 0.9444091516841158,
    "F1": 0.9520617387539086
}