{
    "AUC": 0.9740337053839444,
    "AR": 0.9632530120481935,
    "AP": 0.9531563194095526,
    "F1": 0.9581780682790053
}