{
    "AUC": 0.9620923186696182,
    "AR": 0.9224899598393572,
    "AP": 0.9120783047532888,
    "F1": 0.91725458786243
}