{
    "AUC": 0.5252197311774153,
    "AR": 0.4823493975903614,
    "AP": 0.36354636063685797,
    "F1": 0.4146051480784316
}