{
    "AUC": 0.022843510795318024,
    "AR": 0.028112449799196762,
    "AP": 0.014628192880184422,
    "F1": 0.01924324540845234
}