{
    "AUC": 0.9624607542014901,
    "AR": 0.9618473895582336,
    "AP": 0.9472293342384231,
    "F1": 0.9544823956978428
}