{
    "AUC": 0.9752684562976223,
    "AR": 0.9626104417670684,
    "AP": 0.951181688811424,
    "F1": 0.9568619402680294
}