{
    "AUC": 0.805492239227179,
    "AR": 0.8128514056224896,
    "AP": 0.7402808622898008,
    "F1": 0.7748706944020238
}