{
    "AUC": 0.948368577189416,
    "AR": 0.9043975903614451,
    "AP": 0.8883905564420476,
    "F1": 0.8963226134427563
}