{
    "AUC": 0.7045857712725587,
    "AR": 0.6891967871485947,
    "AP": 0.5904439652263658,
    "F1": 0.6360098849150259
}