{
    "AUC": 0.9783661214458128,
    "AR": 0.9738955823293183,
    "AP": 0.9651387303914833,
    "F1": 0.9694973829981249
}