{
    "AUC": 0.022871317201579425,
    "AR": 0.028112449799196762,
    "AP": 0.014606932268827106,
    "F1": 0.01922484035343935
}