{
    "AUC": 0.9625991771965914,
    "AR": 0.9584337349397594,
    "AP": 0.9431649624737307,
    "F1": 0.9507380488612686
}