{
    "AUC": 0.678324911141324,
    "AR": 0.5255220883534135,
    "AP": 0.4140657899959381,
    "F1": 0.4631833247075255
}