{
    "AUC": 0.9616708462657629,
    "AR": 0.9563453815261045,
    "AP": 0.940411697506012,
    "F1": 0.9483116141598124
}