{
    "AUC": 0.9491907616260497,
    "AR": 0.9432329317269067,
    "AP": 0.9220011758202588,
    "F1": 0.9324962143955509
}