{
    "AUC": 0.9641518229496456,
    "AR": 0.944538152610441,
    "AP": 0.9264151098483454,
    "F1": 0.9353888565410707
}