{
    "AUC": 0.9762607241677348,
    "AR": 0.9688955823293174,
    "AP": 0.9548424060211038,
    "F1": 0.9618176639614431
}