{
    "AUC": 0.0024587872835131956,
    "AR": 0.0024937655860349127,
    "AP": 0.0012496598148281856
}