{
    "AUC": 0.005750908077172851,
    "AR": 0.0,
    "AP": 8.01367168004935e-07
}