{
    "AUC": 0.9318763413519291,
    "AR": 0.9326683291770566,
    "AP": 0.9012692707134905
}