{
    "AUC": 0.27414221984695925,
    "AR": 0.27431421446384036,
    "AP": 0.17511520492147065
}