{
    "AUC": 0.04889337582529074,
    "AR": 0.04488778054862842,
    "AP": 0.023538626929206732
}