{
    "AUC": 0.013403173289483716,
    "AR": 0.003840399002493766,
    "AP": 0.0075001662156428785
}