{
    "AUC": 0.2815880495835663,
    "AR": 0.27892768079800495,
    "AP": 0.177170159706214
}