{
    "AUC": 0.005672129386181751,
    "AR": 0.0,
    "AP": 8.258045193826227e-06
}