{
    "AUC": 0.8165504001097944,
    "AR": 0.8132917705735665,
    "AP": 0.7408497415687231
}