{
    "AUC": 0.4947330180418752,
    "AR": 0.3350124688279302,
    "AP": 0.19546723884980813
}