{
    "AUC": 0.9652693387214054,
    "AR": 0.8774563591022443,
    "AP": 0.8385940663854623
}