{
    "AUC": 0.8310626562128414,
    "AR": 0.7801995012468825,
    "AP": 0.6970189022053938
}