{
    "AUC": 0.4272440420863679,
    "AR": 0.283790523690773,
    "AP": 0.1476983753643663
}