{
    "AUC": 0.953135782326311,
    "AR": 0.9499799196787144,
    "AP": 0.9315992542713636,
    "F1": 0.9406998089668919
}