{
    "AUC": 0.9842494366384605,
    "AR": 0.9718875502008041,
    "AP": 0.9657895776446008,
    "F1": 0.9688289686013866
}