{
    "AUC": 0.9127347521417204,
    "AR": 0.9045783132530116,
    "AP": 0.8660564924492977,
    "F1": 0.8848983636813454
}