{
    "AUC": 0.9693911274479203,
    "AR": 0.9583935742971891,
    "AP": 0.9431945043656849,
    "F1": 0.9507332975416206
}