{
    "AUC": 0.9570913340057714,
    "AR": 0.9531927710843372,
    "AP": 0.9355458503878566,
    "F1": 0.9442868711103786
}