{
    "AUC": 0.06276054271374315,
    "AR": 0.06224899598393572,
    "AP": 0.03330381832423713,
    "F1": 0.04339232220683724
}