{
    "AUC": 0.9539043863918141,
    "AR": 0.9320080321285149,
    "AP": 0.9112197557153016,
    "F1": 0.9214966668382341
}