{
    "AUC": 0.9730373731258551,
    "AR": 0.9677309236947796,
    "AP": 0.9570761199161014,
    "F1": 0.9623740318771022
}