{
    "AUC": 0.9910791042654173,
    "AR": 0.9851405622489952,
    "AP": 0.980785643842069,
    "F1": 0.9829582795393719
}