{
    "AUC": 0.9693846165801817,
    "AR": 0.9583935742971891,
    "AP": 0.9431951620396324,
    "F1": 0.9507336316561626
}