{
    "AUC": 0.9505717855722304,
    "AR": 0.907771084337349,
    "AP": 0.89261389066099,
    "F1": 0.9001286843339206
}