{
    "AUC": 0.9632024500881224,
    "AR": 0.9631526104417677,
    "AP": 0.9482259324177297,
    "F1": 0.9556309873923806
}