{
    "AUC": 0.7395214061659686,
    "AR": 0.7347389558232935,
    "AP": 0.6405178263007419,
    "F1": 0.6844007679141448
}