{
    "AUC": 0.022730377291478837,
    "AR": 0.028112449799196762,
    "AP": 0.014608017313916515,
    "F1": 0.019225780107503487
}