{
    "AUC": 0.9609895650593878,
    "AR": 0.9598393574297194,
    "AP": 0.9434377307516131,
    "F1": 0.9515678729941247
}