{
    "AUC": 0.9543565546867807,
    "AR": 0.8988955823293164,
    "AP": 0.8843438866550074,
    "F1": 0.8915603616903928
}