{
    "AUC": 0.718961021339701,
    "AR": 0.7177510040160636,
    "AP": 0.6240053507908483,
    "F1": 0.6676032730338444
}