{
    "AUC": 0.5179342375787399,
    "AR": 0.43576305220883543,
    "AP": 0.3217982702714974,
    "F1": 0.37020843669766923
}