{
    "AUC": 0.9662448500183975,
    "AR": 0.9638554216867478,
    "AP": 0.9503184363031024,
    "F1": 0.9570390623989751
}