{
    "AUC": 0.9740059727168761,
    "AR": 0.9626305220883539,
    "AP": 0.9537417030692424,
    "F1": 0.9581654978196931
}