{
    "AUC": 0.9476305479942668,
    "AR": 0.8803012048192772,
    "AP": 0.8583996964602173,
    "F1": 0.8692125097011854
}