{
    "AUC": 0.9649775527319492,
    "AR": 0.9537148594377509,
    "AP": 0.9395448320448816,
    "F1": 0.9465768182361044
}