{
    "AUC": 0.023359600311554898,
    "AR": 0.02409638554216867,
    "AP": 0.012502999640118282,
    "F1": 0.016463506054068672
}