{
    "AUC": 0.6414996765268066,
    "AR": 0.6259236947791165,
    "AP": 0.5148179135476978,
    "F1": 0.5649600719989382
}