{
    "AUC": 0.807616524327995,
    "AR": 0.8132730923694774,
    "AP": 0.7422018386658724,
    "F1": 0.7761138060802193
}