{
    "AUC": 0.9825948511635071,
    "AR": 0.9762048192771097,
    "AP": 0.9699597457324606,
    "F1": 0.973072262554705
}