{
    "AUC": 0.9532157056318921,
    "AR": 0.9500602409638549,
    "AP": 0.9315956829072874,
    "F1": 0.9407373662267865
}