{
    "AUC": 0.809959275427702,
    "AR": 0.8142369477911642,
    "AP": 0.7430956723005133,
    "F1": 0.777041390291015
}