{
    "AUC": 0.9719469594353747,
    "AR": 0.9671285140562255,
    "AP": 0.9550742414090777,
    "F1": 0.9610635811244014
}