{
    "AUC": 0.8055502075585775,
    "AR": 0.8128514056224896,
    "AP": 0.740280081579768,
    "F1": 0.7748702667156524
}