{
    "AUC": 0.40200570006186115,
    "AR": 0.39921686746987983,
    "AP": 0.2804866094770529,
    "F1": 0.3294818679040505
}