{
    "AUC": 0.022385231863561228,
    "AR": 0.026104417670682747,
    "AP": 0.013565307067272745,
    "F1": 0.01785313328258817
}