{
    "AUC": 0.9652636167187697,
    "AR": 0.9578915662650604,
    "AP": 0.9419867578390736,
    "F1": 0.9498725885963204
}