{
    "AUC": 0.7814531257141382,
    "AR": 0.7873293172690765,
    "AP": 0.7059469825722863,
    "F1": 0.7444205146440069
}