{
    "AUC": 0.9882475105903066,
    "AR": 0.9771686746987958,
    "AP": 0.972605151566589,
    "F1": 0.9748815725790606
}