{
    "AUC": 0.9773427079603854,
    "AR": 0.9734337349397599,
    "AP": 0.9640569782886217,
    "F1": 0.9687226665530992
}