{
    "AUC": 0.7091302876527346,
    "AR": 0.6048995983935742,
    "AP": 0.5068753396987883,
    "F1": 0.551566110935182
}