{
    "AUC": 0.9714869911226005,
    "AR": 0.9594578313253015,
    "AP": 0.9471218581453829,
    "F1": 0.9532499365596871
}