{
    "AUC": 0.9866333003706618,
    "AR": 0.9809036144578303,
    "AP": 0.9759910674087315,
    "F1": 0.9784411747561398
}