{
    "AUC": 0.962582483069873,
    "AR": 0.9584337349397594,
    "AP": 0.9431657316195999,
    "F1": 0.9507384396346499
}