{
    "AUC": 0.9859948156559324,
    "AR": 0.9775702811244976,
    "AP": 0.9718564827445558,
    "F1": 0.9747050083211826
}