{
    "AUC": 0.6825483937363659,
    "AR": 0.6810642570281124,
    "AP": 0.574554180037347,
    "F1": 0.6232917647562893
}