{
    "AUC": 0.7587729724989704,
    "AR": 0.7138353413654613,
    "AP": 0.633300530268351,
    "F1": 0.6711606597822396
}