{
    "AUC": 0.5635306875976616,
    "AR": 0.5422289156626502,
    "AP": 0.4207030101389337,
    "F1": 0.4737974323859971
}