{
    "AUC": 0.97848092028329,
    "AR": 0.969899598393575,
    "AP": 0.962035673340099,
    "F1": 0.9659516308489278
}