{
    "AUC": 0.5179741704356955,
    "AR": 0.4528714859437752,
    "AP": 0.3335185532421799,
    "F1": 0.3841377313297528
}