{
    "AUC": 0.022681731846571105,
    "AR": 0.026104417670682747,
    "AP": 0.013539375198579316,
    "F1": 0.01783066046931329
}