{
    "AUC": 0.9883817242787869,
    "AR": 0.9779116465863457,
    "AP": 0.9733634025118757,
    "F1": 0.9756322237781685
}