{
    "AUC": 0.9737880331860808,
    "AR": 0.9660240963855425,
    "AP": 0.9569961421729883,
    "F1": 0.9614889276257327
}