{
    "AUC": 0.9884999943412942,
    "AR": 0.9802208835341367,
    "AP": 0.9747362426382904,
    "F1": 0.9774708694940233
}