{
    "AUC": 0.9653928771465685,
    "AR": 0.9620883534136552,
    "AP": 0.9481303503430971,
    "F1": 0.9550583561862769
}