{
    "AUC": 0.9929033628260575,
    "AR": 0.9839357429718867,
    "AP": 0.9818611958687612,
    "F1": 0.9828973747635976
}