{
    "AUC": 0.5178551704934273,
    "AR": 0.43576305220883543,
    "AP": 0.3217908065926122,
    "F1": 0.3702034975450957
}