{
    "AUC": 0.9465921878532472,
    "AR": 0.9467670682730918,
    "AP": 0.92294362156877,
    "F1": 0.9347035683343291
}