{
    "AUC": 0.013860907204978854,
    "AR": 0.018072289156626512,
    "AP": 0.009178321678321678,
    "F1": 0.012173913043478262
}