{
    "AUC": 0.15234433519775506,
    "AR": 0.15126506024096395,
    "AP": 0.08424348881268108,
    "F1": 0.10821769707609642
}