{
    "AUC": 0.2634834299200743,
    "AR": 0.2767469879518074,
    "AP": 0.1765167058232664,
    "F1": 0.21554987673027987
}