{
    "AUC": 0.01822123812159793,
    "AR": 0.020080321285140573,
    "AP": 0.010242175947249762,
    "F1": 0.01356525368629749
}