{
    "AUC": 0.012788520630564964,
    "AR": 0.016064257028112438,
    "AP": 0.008142725808569907,
    "F1": 0.010807364237073937
}