{
    "AUC": 0.8594316932263868,
    "AR": 0.8574297188755013,
    "AP": 0.7987992580896127,
    "F1": 0.8270767301231227
}