{
    "AUC": 0.2634790287275227,
    "AR": 0.2767469879518074,
    "AP": 0.17652755375605467,
    "F1": 0.21555796453256457
}