{
    "AUC": 0.4844810141380809,
    "AR": 0.48403614457831345,
    "AP": 0.35870829421709044,
    "F1": 0.4120532198569774
}