{
    "AUC": 0.059711690975431025,
    "AR": 0.060240963855421735,
    "AP": 0.0320629426375115,
    "F1": 0.04185093875030448
}