{
    "AUC": 0.908524246987952,
    "AR": 0.9085742971887549,
    "AP": 0.8683578992373653,
    "F1": 0.8880109996258891
}