{
    "AUC": 0.9629896946275668,
    "AR": 0.9658634538152621,
    "AP": 0.950316355967128,
    "F1": 0.9580268335003305
}