{
    "AUC": 0.026282645374396993,
    "AR": 0.027008032128514076,
    "AP": 0.013441727511338349,
    "F1": 0.017949901889220826
}