{
    "AUC": 0.8680137762268539,
    "AR": 0.8678915662650605,
    "AP": 0.8124861659919356,
    "F1": 0.8392754529355899
}