{
    "AUC": 0.038422776875645846,
    "AR": 0.04216867469879516,
    "AP": 0.021975224843034106,
    "F1": 0.0288933511825078
}