{
    "AUC": 0.9870752835006432,
    "AR": 0.9874899598393564,
    "AP": 0.9819762188556899,
    "F1": 0.984725371180041
}