{
    "AUC": 0.5669177541862597,
    "AR": 0.5653212851405623,
    "AP": 0.44344345695428145,
    "F1": 0.49701979958573617
}