{
    "AUC": 0.9607316763923646,
    "AR": 0.9562449799196788,
    "AP": 0.9392290838990229,
    "F1": 0.9476606550485664
}