{
    "AUC": 0.5783349874231051,
    "AR": 0.5800803212851405,
    "AP": 0.4590260138887065,
    "F1": 0.5125018462528185
}