{
    "AUC": 0.9936692471242438,
    "AR": 0.9921887550200796,
    "AP": 0.9909599523734209,
    "F1": 0.9915739730001493
}