{
    "AUC": 0.29806192314898544,
    "AR": 0.30218875502008063,
    "AP": 0.19658187951560693,
    "F1": 0.23820501576091993
}