{
    "AUC": 0.8967582694980647,
    "AR": 0.9025903614457825,
    "AP": 0.8597649179552231,
    "F1": 0.8806573080081364
}