{
    "AUC": 0.9445307403709964,
    "AR": 0.947791164658634,
    "AP": 0.9239533587064557,
    "F1": 0.935720467197368
}