{
    "AUC": 0.014104388031832124,
    "AR": 0.018072289156626512,
    "AP": 0.009170789116731828,
    "F1": 0.012167285286119768
}