{
    "AUC": 0.12096655663206732,
    "AR": 0.12849397590361436,
    "AP": 0.07152576108213694,
    "F1": 0.09189722533862235
}