{
    "AUC": 0.07149813656835345,
    "AR": 0.06305220883534136,
    "AP": 0.03244020404607418,
    "F1": 0.04283956093379288
}