{
    "AUC": 0.9936984018435655,
    "AR": 0.9916265060240957,
    "AP": 0.9889784410031854,
    "F1": 0.99030070328471
}