{
    "AUC": 0.6083127488549593,
    "AR": 0.5990763052208838,
    "AP": 0.48296252152677177,
    "F1": 0.5347893177291605
}