{
    "AUC": 0.5147580960263869,
    "AR": 0.5105220883534143,
    "AP": 0.38841376820862383,
    "F1": 0.44117454353073926
}