{
    "AUC": 0.6208614981959835,
    "AR": 0.6173293172690759,
    "AP": 0.5012957157343374,
    "F1": 0.5532945049751036
}