{
    "AUC": 0.8963263404167391,
    "AR": 0.8960441767068268,
    "AP": 0.8514233441001801,
    "F1": 0.87316407350552
}