{
    "AUC": 0.9916534601162176,
    "AR": 0.9919678714859431,
    "AP": 0.9889740046705939,
    "F1": 0.990468675710398
}