{
    "AUC": 0.9222530853384459,
    "AR": 0.9197590361445787,
    "AP": 0.8852596671427845,
    "F1": 0.902179657979191
}