{
    "AUC": 0.5012557924003707,
    "AR": 0.5060240963855424,
    "AP": 0.3812998472764296,
    "F1": 0.43489621135142986
}