{
    "AUC": 0.8625759242778244,
    "AR": 0.8674698795180725,
    "AP": 0.8107439819640736,
    "F1": 0.8381482247241699
}