{
    "AUC": 0.24442992251633303,
    "AR": 0.2589357429718874,
    "AP": 0.16212574328631135,
    "F1": 0.19940151812872242
}