{
    "AUC": 0.991497638511787,
    "AR": 0.9899598393574288,
    "AP": 0.9870048564295791,
    "F1": 0.9884801394767015
}