{
    "AUC": 0.9153838044812611,
    "AR": 0.9176706827309243,
    "AP": 0.882608821846423,
    "F1": 0.8997983236145266
}