{
    "AUC": 0.979351795409819,
    "AR": 0.9799196787148583,
    "AP": 0.9710471665333366,
    "F1": 0.9754632476342961
}