{
    "AUC": 0.5569560214675419,
    "AR": 0.5562048192771089,
    "AP": 0.43275592720981587,
    "F1": 0.48677550274846154
}