{
    "AUC": 0.3706680480935069,
    "AR": 0.37550200803212813,
    "AP": 0.25839373590943254,
    "F1": 0.3061303617329867
}