{
    "AUC": 0.460346100911423,
    "AR": 0.45708835341365467,
    "AP": 0.3331009639428714,
    "F1": 0.38536732346243935
}