{
    "AUC": 0.8679236421788531,
    "AR": 0.8721887550200809,
    "AP": 0.8187767281090957,
    "F1": 0.84463918661116
}