{
    "AUC": 0.7702888649763399,
    "AR": 0.7726506024096385,
    "AP": 0.6886620179325057,
    "F1": 0.7282426985234765
}