{
    "AUC": 0.009724968334682713,
    "AR": 0.0,
    "AP": 2.547780916335825e-05
}