{
    "AUC": 0.08875072592491373,
    "AR": 0.08977556109725685,
    "AP": 0.04891760623379208
}