{
    "AUC": 0.01408452462486235,
    "AR": 0.0,
    "AP": 2.3943256404779842e-05
}