{
    "AUC": 0.00827282341876139,
    "AR": 0.0,
    "AP": 2.6086429211637512e-05
}