{
    "AUC": 0.006594452544335174,
    "AR": 0.0,
    "AP": 1.8075159542160545e-05
}