{
    "AUC": 0.011591609765922993,
    "AR": 0.0,
    "AP": 2.7749516465405e-05
}