{
    "AUC": 0.0029970751594448654,
    "AR": 0.0,
    "AP": 1.2460852984264636e-06
}