{
    "AUC": 0.016670871337994067,
    "AR": 0.0,
    "AP": 3.582708078482252e-05
}