{
    "AUC": 0.5535140974619849,
    "AR": 0.43468827930174564,
    "AP": 0.30231620596569125
}