{
    "AUC": 0.9930718794857296,
    "AR": 0.9806982543640894,
    "AP": 0.9764613262041832
}