{
    "AUC": 0.4559625195770681,
    "AR": 0.2870822942643392,
    "AP": 0.15523887514652054
}