{
    "AUC": 0.5072952123164962,
    "AR": 0.3793266832917707,
    "AP": 0.23250152002150815
}