{
    "AUC": 0.014066016504126031,
    "AR": 0.018072289156626512,
    "AP": 0.00917168674698795,
    "F1": 0.012168075286219505
}