{
    "AUC": 0.6297054734776208,
    "AR": 0.6384939759036146,
    "AP": 0.522557759096311,
    "F1": 0.5747374922009109
}