{
    "AUC": 0.6580160098809164,
    "AR": 0.6589759036144582,
    "AP": 0.5486580564972321,
    "F1": 0.5987781902426412
}