{
    "AUC": 0.6293985061869097,
    "AR": 0.6285140562248992,
    "AP": 0.5141257313795459,
    "F1": 0.5655942534898201
}