{
    "AUC": 0.9913449939775246,
    "AR": 0.9879518072289146,
    "AP": 0.9849934446633206,
    "F1": 0.9864704079653953
}