{
    "AUC": 0.2556851851088022,
    "AR": 0.26520080321285155,
    "AP": 0.16808890575760396,
    "F1": 0.2057621581828312
}