{
    "AUC": 0.9420431911153299,
    "AR": 0.9435943775100393,
    "AP": 0.9171296341611853,
    "F1": 0.9301738041904118
}