{
    "AUC": 0.2557129019150947,
    "AR": 0.2690763052208834,
    "AP": 0.171099529493352,
    "F1": 0.20918381060601107
}