{
    "AUC": 0.6212879121495781,
    "AR": 0.6224899598393574,
    "AP": 0.5066737040732122,
    "F1": 0.5586423009882002
}