{
    "AUC": 0.6026234011227879,
    "AR": 0.6100602409638556,
    "AP": 0.4909003332393058,
    "F1": 0.5440317893344376
}