{
    "AUC": 0.6303946107905067,
    "AR": 0.6273895582329312,
    "AP": 0.5135534061326784,
    "F1": 0.5647925525913519
}