{
    "AUC": 0.013809082483781277,
    "AR": 0.018072289156626512,
    "AP": 0.009181109464596354,
    "F1": 0.012176365034606514
}