{
    "AUC": 0.869880195198227,
    "AR": 0.8691365461847395,
    "AP": 0.8133559913324936,
    "F1": 0.840321607807604
}