{
    "AUC": 0.6082787106977131,
    "AR": 0.597128514056225,
    "AP": 0.4798786233819178,
    "F1": 0.5321212819239078
}