{
    "AUC": 0.3212253791959134,
    "AR": 0.3277309236947792,
    "AP": 0.21793481216568927,
    "F1": 0.26178655760263203
}