{
    "AUC": 0.45142776688783726,
    "AR": 0.4520682730923692,
    "AP": 0.329535190885728,
    "F1": 0.38119688955485476
}