{
    "AUC": 0.9956431949307021,
    "AR": 0.9908634538152603,
    "AP": 0.9899036186544412,
    "F1": 0.9903833036775883
}