{
    "AUC": 0.7622096154923882,
    "AR": 0.7575502008032126,
    "AP": 0.6697833867826993,
    "F1": 0.7109684008908665
}