{
    "AUC": 0.41052529708536484,
    "AR": 0.41070281124498004,
    "AP": 0.2901307218253262,
    "F1": 0.34004509618760814
}