{
    "AUC": 0.9134304676566602,
    "AR": 0.9156024096385545,
    "AP": 0.8802539329805473,
    "F1": 0.8975802830145942
}