{
    "AUC": 0.9717796217421049,
    "AR": 0.9725685785536166,
    "AP": 0.9592291092717086
}