{
    "AUC": 0.011362870838191475,
    "AR": 0.014056224899598381,
    "AP": 0.007109970664688704,
    "F1": 0.009443298054094829
}