{
    "AUC": 0.011651120986551883,
    "AR": 0.014056224899598381,
    "AP": 0.0071103813246296225,
    "F1": 0.009443660260141063
}