{
    "AUC": 0.8509738623467685,
    "AR": 0.8516666666666662,
    "AP": 0.788458904964133,
    "F1": 0.8188448238469535
}