{
    "AUC": 0.7139454938681008,
    "AR": 0.7128112449799194,
    "AP": 0.6121096229556092,
    "F1": 0.6586334821385097
}