{
    "AUC": 0.5111750820608563,
    "AR": 0.5179116465863449,
    "AP": 0.39481055670225795,
    "F1": 0.44805962816417266
}