{
    "AUC": 0.8477841439610926,
    "AR": 0.8514056224899598,
    "AP": 0.7888778453855665,
    "F1": 0.8189499512409953
}