{
    "AUC": 0.9871212854406605,
    "AR": 0.9869678714859427,
    "AP": 0.981970259420428,
    "F1": 0.9844627229160672
}