{
    "AUC": 0.9869508428852187,
    "AR": 0.9867269076305213,
    "AP": 0.981943000139961,
    "F1": 0.984329141389508
}