{
    "AUC": 0.9895082868777236,
    "AR": 0.9879518072289146,
    "AP": 0.9839984821267778,
    "F1": 0.9859711819056993
}