{
    "AUC": 0.9936190551517796,
    "AR": 0.9930722891566259,
    "AP": 0.9909619363572605,
    "F1": 0.9920159904000603
}