{
    "AUC": 0.19899007326042437,
    "AR": 0.21084337349397572,
    "AP": 0.1276938740879009,
    "F1": 0.15905728175861333
}