{
    "AUC": 0.3725714186559006,
    "AR": 0.37751004016064243,
    "AP": 0.2601553093662376,
    "F1": 0.30803380287080423
}