{
    "AUC": 0.39900656666657713,
    "AR": 0.3999799196787146,
    "AP": 0.28101129501267985,
    "F1": 0.33010374519712177
}