{
    "AUC": 0.6213011304161151,
    "AR": 0.6224899598393574,
    "AP": 0.5066735749321006,
    "F1": 0.5586422224925702
}