{
    "AUC": 0.7593040525908308,
    "AR": 0.7610441767068273,
    "AP": 0.6714795058129055,
    "F1": 0.7134619467903289
}