{
    "AUC": 0.7191104030037617,
    "AR": 0.721184738955823,
    "AP": 0.6221745841935297,
    "F1": 0.6680309688618915
}