{
    "AUC": 0.9154973073648797,
    "AR": 0.9176706827309243,
    "AP": 0.8826094389147122,
    "F1": 0.899798644283481
}