{
    "AUC": 0.087975062907096,
    "AR": 0.08955823293172685,
    "AP": 0.0473341459911616,
    "F1": 0.06193423630527654
}