{
    "AUC": 0.9592899056499206,
    "AR": 0.9598393574297194,
    "AP": 0.9424852455543098,
    "F1": 0.9510831443390998
}