{
    "AUC": 0.6082758271246063,
    "AR": 0.597128514056225,
    "AP": 0.47987865869365715,
    "F1": 0.5321213036332941
}