{
    "AUC": 0.8828874422569671,
    "AR": 0.8855421686746999,
    "AP": 0.8365665483850014,
    "F1": 0.860357941585032
}