{
    "AUC": 0.10785792947456228,
    "AR": 0.10642570281124497,
    "AP": 0.05953702924979744,
    "F1": 0.0763577473389967
}