{
    "AUC": 0.9408375603811278,
    "AR": 0.9249196787148598,
    "AP": 0.8978158841692321,
    "F1": 0.9111662668357228
}