{
    "AUC": 0.969996220874979,
    "AR": 0.9607429718875504,
    "AP": 0.9466470796246914,
    "F1": 0.9536429404003939
}