{
    "AUC": 0.9198002442586886,
    "AR": 0.8355020080321285,
    "AP": 0.7869700105678039,
    "F1": 0.8105101555561496
}