{
    "AUC": 0.8131245749410717,
    "AR": 0.8212851405622492,
    "AP": 0.751226711437666,
    "F1": 0.7846953070815177
}