{
    "AUC": 0.9434933783491064,
    "AR": 0.9339357429718878,
    "AP": 0.9106040413345419,
    "F1": 0.9221223300605113
}