{
    "AUC": 0.5797621651856796,
    "AR": 0.5897590361445784,
    "AP": 0.4706579389615071,
    "F1": 0.5235200472115477
}