{
    "AUC": 0.9163715744714336,
    "AR": 0.9128915662650603,
    "AP": 0.8777496947331879,
    "F1": 0.8949757956174365
}