{
    "AUC": 0.019552787420869917,
    "AR": 0.022108433734939745,
    "AP": 0.011447781583828656,
    "F1": 0.01508468807664264
}