{
    "AUC": 0.9830910184032919,
    "AR": 0.9708232931726912,
    "AP": 0.9640053630588492,
    "F1": 0.9674023156383635
}