{
    "AUC": 0.9535704556969637,
    "AR": 0.937670682730923,
    "AP": 0.9189894422773592,
    "F1": 0.9282360795666657
}