{
    "AUC": 0.0196399934207821,
    "AR": 0.022108433734939745,
    "AP": 0.01146120538378276,
    "F1": 0.015096337428815264
}