{
    "AUC": 0.4663286668975607,
    "AR": 0.35546184738955816,
    "AP": 0.24509732035267728,
    "F1": 0.2901387605498573
}