{
    "AUC": 0.9828227700741065,
    "AR": 0.9772891566265063,
    "AP": 0.9706739397170533,
    "F1": 0.9739703156451367
}