{
    "AUC": 0.8184283468590822,
    "AR": 0.8232931726907635,
    "AP": 0.755634728035458,
    "F1": 0.7880143385312249
}