{
    "AUC": 0.9016355521597267,
    "AR": 0.8995983935742964,
    "AP": 0.8604486557236328,
    "F1": 0.8795881095916265
}