{
    "AUC": 0.027041996984219406,
    "AR": 0.028152610441767045,
    "AP": 0.014768913998344664,
    "F1": 0.019374124655031723
}