{
    "AUC": 0.9591583944582732,
    "AR": 0.9078112449799195,
    "AP": 0.8931889336937457,
    "F1": 0.9004407301013696
}