{
    "AUC": 0.9364613052730102,
    "AR": 0.9357429718875494,
    "AP": 0.9101271420237296,
    "F1": 0.9227573167304017
}