{
    "AUC": 0.9157780275297676,
    "AR": 0.8217068273092367,
    "AP": 0.7742150160445104,
    "F1": 0.7972542855259251
}