{
    "AUC": 0.923790428443436,
    "AR": 0.879397590361446,
    "AP": 0.8496328652926646,
    "F1": 0.8642590325542876
}