{
    "AUC": 0.931869885747898,
    "AR": 0.9121084337349397,
    "AP": 0.8832758014010029,
    "F1": 0.8974606014749159
}