{
    "AUC": 0.9624755382415372,
    "AR": 0.9504417670682728,
    "AP": 0.9355706083534097,
    "F1": 0.9429475583602589
}