{
    "AUC": 0.9398864316651034,
    "AR": 0.9351204819277108,
    "AP": 0.9105695073988904,
    "F1": 0.9226817087502274
}