{
    "AUC": 0.5404752774843954,
    "AR": 0.5068674698795181,
    "AP": 0.3847934604093332,
    "F1": 0.43747411393405056
}