{
    "AUC": 0.9263117125955289,
    "AR": 0.8642570281124498,
    "AP": 0.831812775265757,
    "F1": 0.8477245873551404
}