{
    "AUC": 0.9220115705111194,
    "AR": 0.9115261044176707,
    "AP": 0.8822168371551609,
    "F1": 0.8966320180957442
}