{
    "AUC": 0.49147744143366306,
    "AR": 0.4533534136546181,
    "AP": 0.33394128803921774,
    "F1": 0.38459149430850237
}