{
    "AUC": 0.9254492485743178,
    "AR": 0.8814056224899601,
    "AP": 0.8522227395920305,
    "F1": 0.8665685572750079
}