{
    "AUC": 0.9496262523722879,
    "AR": 0.9411244979919673,
    "AP": 0.921354847198669,
    "F1": 0.9311347481854185
}