{
    "AUC": 0.02746711176633397,
    "AR": 0.03166666666666666,
    "AP": 0.015766197381075254,
    "F1": 0.021051350243783174
}