{
    "AUC": 0.9374898972095123,
    "AR": 0.9377510040160635,
    "AP": 0.9130248392821788,
    "F1": 0.9252227522082456
}