{
    "AUC": 0.9389107285132474,
    "AR": 0.9366867469879512,
    "AP": 0.9126714153512369,
    "F1": 0.9245231524356781
}