{
    "AUC": 0.8673949330636651,
    "AR": 0.7076305220883534,
    "AP": 0.6241013493646335,
    "F1": 0.6632463683625703
}