{
    "AUC": 0.6333047773545011,
    "AR": 0.6268273092369472,
    "AP": 0.5140906739048414,
    "F1": 0.564889113133618
}