{
    "AUC": 0.9237988597313824,
    "AR": 0.879397590361446,
    "AP": 0.8496325222702529,
    "F1": 0.8642588550871951
}