{
    "AUC": 0.9364972139928988,
    "AR": 0.9357429718875494,
    "AP": 0.9101270043690061,
    "F1": 0.9227572459794938
}