{
    "AUC": 0.29805815807376,
    "AR": 0.2984538152610443,
    "AP": 0.19559348173917115,
    "F1": 0.23631592043796396
}