{
    "AUC": 0.9326113688024419,
    "AR": 0.9171285140562254,
    "AP": 0.8859008114697766,
    "F1": 0.9012442374862121
}