{
    "AUC": 0.9443296171030107,
    "AR": 0.9367469879518073,
    "AP": 0.912715224916181,
    "F1": 0.9245749730373283
}