{
    "AUC": 0.8214594348325882,
    "AR": 0.5492971887550201,
    "AP": 0.47619084859993444,
    "F1": 0.5101381682061953
}