{
    "AUC": 0.028224940974458036,
    "AR": 0.03190763052208833,
    "AP": 0.015787160676649068,
    "F1": 0.021123098653032597
}