{
    "AUC": 0.9327549294149404,
    "AR": 0.9200602409638556,
    "AP": 0.8880192367485094,
    "F1": 0.9037558392920918
}