{
    "AUC": 0.4663243623636717,
    "AR": 0.35546184738955816,
    "AP": 0.24508938890112988,
    "F1": 0.2901332032632912
}