{
    "AUC": 0.9292634981143733,
    "AR": 0.8959839357429713,
    "AP": 0.8704860170174747,
    "F1": 0.8830509529106146
}