{
    "AUC": 0.9728844585925339,
    "AR": 0.9641365461847394,
    "AP": 0.9535376795540401,
    "F1": 0.9588078232297973
}