{
    "AUC": 0.9608964726746408,
    "AR": 0.9495983935742967,
    "AP": 0.9338870971527405,
    "F1": 0.9416772166306292
}