{
    "AUC": 0.9693745213411785,
    "AR": 0.9613253012048197,
    "AP": 0.9496461440584333,
    "F1": 0.9554500332674584
}