{
    "AUC": 0.9288027210440244,
    "AR": 0.8934738955823286,
    "AP": 0.8690356013171302,
    "F1": 0.881085322348014
}