{
    "AUC": 0.9342370200537287,
    "AR": 0.9372891566265054,
    "AP": 0.9101862794079505,
    "F1": 0.9235389153865686
}