{
    "AUC": 0.4346638144936433,
    "AR": 0.433694779116466,
    "AP": 0.31155450658545847,
    "F1": 0.36261574619036513
}