{
    "AUC": 0.9575119682688478,
    "AR": 0.9534939759036143,
    "AP": 0.9369541442198865,
    "F1": 0.9451517052509482
}