{
    "AUC": 0.7281383057312864,
    "AR": 0.7325301204819281,
    "AP": 0.6396951079323347,
    "F1": 0.6829723354188444
}