{
    "AUC": 0.010662372282459994,
    "AR": 0.0,
    "AP": 1.4226462972762592e-06
}