{
    "AUC": 0.04148122516674821,
    "AR": 0.027830423940149597,
    "AP": 0.01434843127236931
}