{
    "AUC": 0.9037188475352501,
    "AR": 0.9002493765586032,
    "AP": 0.8575467514604889
}