{
    "AUC": 0.34585002679790244,
    "AR": 0.3443640897755612,
    "AP": 0.23251027064865468
}