{
    "AUC": 0.07712354074316939,
    "AR": 0.06705735660847878,
    "AP": 0.03261413554608723
}