{
    "AUC": 0.30245443732710686,
    "AR": 0.28501246882793035,
    "AP": 0.18598438868166203
}