{
    "AUC": 0.020179916291873573,
    "AR": 0.014962593516209476,
    "AP": 0.007522577447737282
}