{
    "AUC": 0.00189454916231607,
    "AR": 0.0,
    "AP": 5.29012593728003e-06
}