{
    "AUC": 0.9321848456072154,
    "AR": 0.7682294264339153,
    "AP": 0.7029667431043095
}