{
    "AUC": 0.3578219391884382,
    "AR": 0.20807980049875308,
    "AP": 0.09070185557225252
}