{
    "AUC": 0.9788852701390962,
    "AR": 0.9633915211970077,
    "AP": 0.9530715705046379
}