{
    "AUC": 0.8098670394270312,
    "AR": 0.8102992518703238,
    "AP": 0.7358601313203562
}