{
    "AUC": 0.505097871331677,
    "AR": 0.35518703241895255,
    "AP": 0.20603244265534978
}