{
    "AUC": 0.5369209619735251,
    "AR": 0.4487550200803214,
    "AP": 0.3354414720601355,
    "F1": 0.3839115477786585
}