{
    "AUC": 0.9043828868488973,
    "AR": 0.7975502008032129,
    "AP": 0.7401605929753956,
    "F1": 0.7677844649884696
}