{
    "AUC": 0.8083502000047905,
    "AR": 0.8015662650602404,
    "AP": 0.7346410369543981,
    "F1": 0.7666458444498497
}