{
    "AUC": 0.9811055070722775,
    "AR": 0.9693172690763056,
    "AP": 0.9605908774219581,
    "F1": 0.9649343443538879
}