{
    "AUC": 0.8214888011546126,
    "AR": 0.5491767068273092,
    "AP": 0.4761970288319365,
    "F1": 0.5100897497179111
}