{
    "AUC": 0.9837004022919329,
    "AR": 0.964638554216868,
    "AP": 0.9561933223465447,
    "F1": 0.9603973729032853
}