{
    "AUC": 0.020205305972447084,
    "AR": 0.023594377510040142,
    "AP": 0.0114958080179314,
    "F1": 0.015459390144392841
}