{
    "AUC": 0.9698503138642931,
    "AR": 0.960943775100402,
    "AP": 0.9482745081167604,
    "F1": 0.9545671059944993
}