{
    "AUC": 0.5692809882509058,
    "AR": 0.5460642570281125,
    "AP": 0.42786832905410144,
    "F1": 0.47979419633273257
}