{
    "AUC": 0.025987671616699355,
    "AR": 0.027369477911646598,
    "AP": 0.013684148089176746,
    "F1": 0.018245793385408278
}