{
    "AUC": 0.9377001501107485,
    "AR": 0.9259036144578319,
    "AP": 0.8990638943132757,
    "F1": 0.9122863890697397
}