{
    "AUC": 0.9782525715429108,
    "AR": 0.9649196787148597,
    "AP": 0.9562901410850816,
    "F1": 0.9605855291642132
}