{
    "AUC": 0.9423223900591676,
    "AR": 0.9336345381526114,
    "AP": 0.9113679792842909,
    "F1": 0.9223668958546745
}