{
    "AUC": 0.9304484187864547,
    "AR": 0.894738955823293,
    "AP": 0.8652417781710083,
    "F1": 0.8797431814818081
}