{
    "AUC": 0.9078899831130454,
    "AR": 0.9046787148594374,
    "AP": 0.8671930132517015,
    "F1": 0.8855393404803211
}