{
    "AUC": 0.9694590973032857,
    "AR": 0.9345180722891574,
    "AP": 0.9258698150155936,
    "F1": 0.9301738423728574
}