{
    "AUC": 0.9781508191084738,
    "AR": 0.9681526104417676,
    "AP": 0.9612832578111182,
    "F1": 0.9647057056802062
}