{
    "AUC": 0.9745048773278153,
    "AR": 0.9572289156626508,
    "AP": 0.9473508061392835,
    "F1": 0.9522642444758214
}