{
    "AUC": 0.9017732205417414,
    "AR": 0.8995983935742964,
    "AP": 0.8604692199894548,
    "F1": 0.8795988541091392
}