{
    "AUC": 0.9766320932243577,
    "AR": 0.9561646586345381,
    "AP": 0.9478854384240445,
    "F1": 0.9520070486123248
}