{
    "AUC": 0.8130654299810385,
    "AR": 0.8217469879518075,
    "AP": 0.7519070537273298,
    "F1": 0.7852772467839969
}