{
    "AUC": 0.02187480079046344,
    "AR": 0.024598393574297182,
    "AP": 0.01253570874977258,
    "F1": 0.01660782290459698
}