{
    "AUC": 0.9141924101364136,
    "AR": 0.9054216867469876,
    "AP": 0.8714231103672507,
    "F1": 0.888097130081863
}