{
    "AUC": 0.6115506916577591,
    "AR": 0.6001606425702816,
    "AP": 0.48409170037300375,
    "F1": 0.5359135958519192
}