{
    "AUC": 0.8338626171641935,
    "AR": 0.5802409638554217,
    "AP": 0.5031921120987859,
    "F1": 0.5389768553475202
}