{
    "AUC": 0.9317936975333808,
    "AR": 0.8668072289156626,
    "AP": 0.8366435162828193,
    "F1": 0.8514583118807666
}