{
    "AUC": 0.9808652168961077,
    "AR": 0.9604417670682732,
    "AP": 0.9516844066488567,
    "F1": 0.956043032909571
}