{
    "AUC": 0.9434323697054507,
    "AR": 0.9380722891566259,
    "AP": 0.9153176247571471,
    "F1": 0.926555273788211
}