{
    "AUC": 0.5016419846050871,
    "AR": 0.4099196787148597,
    "AP": 0.2932660487173772,
    "F1": 0.3419168500680024
}