{
    "AUC": 0.01966591197002776,
    "AR": 0.02246987951807227,
    "AP": 0.011447161734806869,
    "F1": 0.015167381086530533
}