{
    "AUC": 0.9636410853907555,
    "AR": 0.945542168674698,
    "AP": 0.9307751936079888,
    "F1": 0.9381005716879524
}