{
    "AUC": 0.9774960014461801,
    "AR": 0.9652008032128522,
    "AP": 0.9557227495331964,
    "F1": 0.960438393479565
}