{
    "AUC": 0.48336738993112277,
    "AR": 0.37495983935742966,
    "AP": 0.25979676157303044,
    "F1": 0.3069313555533263
}