{
    "AUC": 0.9450284297813014,
    "AR": 0.942289156626505,
    "AP": 0.9188753918143054,
    "F1": 0.9304349996596629
}