{
    "AUC": 0.9478540308866756,
    "AR": 0.9261044176706831,
    "AP": 0.903210556638345,
    "F1": 0.9145142289184177
}