{
    "AUC": 0.7641957399649276,
    "AR": 0.759036144578313,
    "AP": 0.674846565650217,
    "F1": 0.7144697843401951
}