{
    "AUC": 0.821570627558156,
    "AR": 0.8244979919678717,
    "AP": 0.7557932326047787,
    "F1": 0.7886521078341894
}