{
    "AUC": 0.9365095050689867,
    "AR": 0.9357429718875494,
    "AP": 0.9101255679188699,
    "F1": 0.9227565076812685
}