{
    "AUC": 0.9789291996040519,
    "AR": 0.9668473895582332,
    "AP": 0.958309004002054,
    "F1": 0.9625592622073084
}