{
    "AUC": 0.9567442640703426,
    "AR": 0.9207630522088356,
    "AP": 0.9087998622683935,
    "F1": 0.9147423446417153
}