{
    "AUC": 0.9941365775701592,
    "AR": 0.9946384039900251,
    "AP": 0.9912750225476378
}