{
    "AUC": 0.9547164570187149,
    "AR": 0.9464658634538144,
    "AP": 0.9297733065869429,
    "F1": 0.9380453297070894
}