{
    "AUC": 0.9341016097160321,
    "AR": 0.9106224899598394,
    "AP": 0.8830473159606043,
    "F1": 0.896622938021475
}