{
    "AUC": 0.9805638562554237,
    "AR": 0.9663654618473904,
    "AP": 0.959115482302529,
    "F1": 0.9627268229647047
}