{
    "AUC": 0.9436739369469419,
    "AR": 0.9339357429718878,
    "AP": 0.9106050607204725,
    "F1": 0.922122852729016
}