{
    "AUC": 0.9340969986395866,
    "AR": 0.8927309236947791,
    "AP": 0.8615934198592674,
    "F1": 0.8768858419898123
}