{
    "AUC": 0.9709287541481251,
    "AR": 0.939678714859438,
    "AP": 0.9270767140317879,
    "F1": 0.9333351779616145
}