{
    "AUC": 0.9287987845108974,
    "AR": 0.8934738955823286,
    "AP": 0.8690357982153539,
    "F1": 0.8810854235461586
}