{
    "AUC": 0.022708922386106462,
    "AR": 0.026104417670682747,
    "AP": 0.013580554554732472,
    "F1": 0.01786633319446755
}