{
    "AUC": 0.945989218033129,
    "AR": 0.9058032128514052,
    "AP": 0.8849753129174336,
    "F1": 0.8952681419838119
}