{
    "AUC": 0.9037302597182796,
    "AR": 0.9013052208835334,
    "AP": 0.8635796475905297,
    "F1": 0.8820392297828179
}