{
    "AUC": 0.9017380037679936,
    "AR": 0.8995983935742964,
    "AP": 0.860444599730382,
    "F1": 0.8795859903669235
}