{
    "AUC": 0.9614090443676954,
    "AR": 0.9464859437750998,
    "AP": 0.9310910075015338,
    "F1": 0.9387253612975953
}