{
    "AUC": 0.813152779848302,
    "AR": 0.8212851405622492,
    "AP": 0.7512261587488627,
    "F1": 0.7846950055651514
}