{
    "AUC": 0.9462711514849206,
    "AR": 0.9436345381526096,
    "AP": 0.920814234307342,
    "F1": 0.9320847293310353
}