{
    "AUC": 0.7630430837208971,
    "AR": 0.7564257028112444,
    "AP": 0.6694635308013515,
    "F1": 0.7102927911306393
}