{
    "AUC": 0.9162082066148443,
    "AR": 0.8217469879518071,
    "AP": 0.7744580316627829,
    "F1": 0.7974020216621553
}