{
    "AUC": 0.9325927178100155,
    "AR": 0.9172088353413658,
    "AP": 0.8859018666133304,
    "F1": 0.9012835633688902
}