{
  "AUC": 0.09519057285143852,
  "AR": 0.015911111111111105,
  "AP": 0.009759685210594927,
  "F1": 0.012098373096742608,
  "timePerImage": 0.17121220668156942
}