{
  "AUC": 0.10041703926226071,
  "AR": 0.05430555555555555,
  "AP": 0.025662139370072095,
  "F1": 0.03485399289130307,
  "timePerImage": 0.050018353197309705
}