{
  "AUC": 0.02290480533449381,
  "AR": 0.010605555555555563,
  "AP": 0.0056482641185714695,
  "F1": 0.007370941735906528,
  "timePerImage": 0.016396706104278565
}