{
  "AUC": 0.6401699074524935,
  "AR": 0.4887444444444444,
  "AP": 0.36068528794376836,
  "F1": 0.4150618325537854,
  "timePerImage": 0.020793314112557304
}