{
  "AUC": 0.11730859631590909,
  "AR": 0.05996111111111111,
  "AP": 0.02680203823375629,
  "F1": 0.037045220342352136,
  "timePerImage": 0.020010017156600952
}