{
  "AUC": 0.3486307722418718,
  "AR": 0.21533333333333335,
  "AP": 0.1248111973213344,
  "F1": 0.15802700754764307,
  "timePerImage": 0.004940716160668267
}