{
  "AUC": 0.44053345495743157,
  "AR": 0.3928944444444443,
  "AP": 0.27997016116146306,
  "F1": 0.32695647835867936,
  "timePerImage": 0.02383255812856886
}