{
  "AUC": 0.15025776266909655,
  "AR": 0.1052222222222222,
  "AP": 0.0534265645396713,
  "F1": 0.07086926993019375,
  "timePerImage": 0.013310751517613729
}