{
  "AUC": -1,
  "AR": 0.8194444444444444,
  "AP": 0.029522206603807385,
  "F1": 0.05699118607158596,
  "timePerImage": 2.888958349944443
}