{
  "AUC": 0.4460204396512184,
  "AR": 0.3705388888888889,
  "AP": 0.25898132272807567,
  "F1": 0.30487552201111845,
  "timePerImage": 0.012262182500627305
}