{
  "AUC": 0.14402444618604665,
  "AR": 0.09852222222222225,
  "AP": 0.05138396399258672,
  "F1": 0.06754173989700477,
  "timePerImage": 0.08864965544806587
}