{
  "AUC": -1,
  "AR": 0.4722222222222222,
  "AP": 0.4357832135166851,
  "F1": 0.4532715540992931,
  "timePerImage": 0.3204098293135838
}