{
  "AUC": 0.06193757527097551,
  "AR": 0.03628,
  "AP": 0.019332360178081032,
  "F1": 0.02522381805105333,
  "timePerImage": 0.14827720260620117
}