{
  "AUC": 0.6114794667813374,
  "AR": 0.48323999999999995,
  "AP": 0.35795533395315166,
  "F1": 0.4112679388427388,
  "timePerImage": 0.010760169982910156
}