{
  "AUC": 0.04560239043824701,
  "AR": 0.018040000000000014,
  "AP": 0.008387771784710656,
  "F1": 0.011451241839746872,
  "timePerImage": 0.04561220169067383
}