{
  "AUC": 0.02042228427070868,
  "AR": 0.012440000000000012,
  "AP": 0.008145930048287564,
  "F1": 0.009845109699974609,
  "timePerImage": 0.015040688514709473
}