{
  "AUC": 0.06396354531797696,
  "AR": 0.02876000000000001,
  "AP": 0.012805839230718381,
  "F1": 0.01772108746469284,
  "timePerImage": 0.017655293464660646
}