{
  "AUC": 0.6777141147132169,
  "AR": 0.45780000000000004,
  "AP": 0.28746818811425157,
  "F1": 0.35316933854831145,
  "timePerImage": 0.017904287338256837
}