{
  "AUC": 0.529493475205782,
  "AR": 0.20352,
  "AP": 0.10704228714016517,
  "F1": 0.14029550387059161,
  "timePerImage": 0.004657062530517578
}