{
  "AUC": 0.08909112757861004,
  "AR": 0.07027999999999998,
  "AP": 0.03100237174187929,
  "F1": 0.04302519083127561,
  "timePerImage": 0.01212812328338623
}