{
  "AUC": 0.5014756703078451,
  "AR": 0.28180000000000005,
  "AP": 0.19082900526219382,
  "F1": 0.22755951532451493,
  "timePerImage": 0.01696494197845459
}