{
  "AUC": -1,
  "AR": 0.972,
  "AP": 0.004707614518050699,
  "F1": 0.009369848752132797,
  "timePerImage": 5.9686728004
}