{
  "AUC": 0.08155956678700362,
  "AR": 0.06195999999999995,
  "AP": 0.02654512021890138,
  "F1": 0.03716701688433784,
  "timePerImage": 0.07499591064453125
}