{
  "AUC": -1,
  "AR": 0.6044444444444445,
  "AP": 0.01897700015488581,
  "F1": 0.03679867741224124,
  "timePerImage": 0.3485366051013653
}