{
  "AUC": 0.2973918338511198,
  "AR": 0.09124615384615385,
  "AP": 0.04886040311107984,
  "F1": 0.06364190165089205,
  "timePerImage": 0.1713204204119169
}