{
  "AUC": 0.3554278970633262,
  "AR": 0.2192769230769231,
  "AP": 0.1303269145855161,
  "F1": 0.16348610481795792,
  "timePerImage": 0.05381321246807392
}