{
  "AUC": 0.3101409742086335,
  "AR": 0.1418307692307693,
  "AP": 0.08931899318439603,
  "F1": 0.10961016250155221,
  "timePerImage": 0.017666709973261908
}