{
  "AUC": 0.44762585543230954,
  "AR": 0.2520307692307692,
  "AP": 0.14555617311595995,
  "F1": 0.18453641389817232,
  "timePerImage": 0.020901136765113244
}