{
  "AUC": 0.6240354746096187,
  "AR": 0.41516923076923085,
  "AP": 0.3017913308469316,
  "F1": 0.3495156676347887,
  "timePerImage": 0.020102372903090256
}