{
  "AUC": 0.46456165746052613,
  "AR": 0.29624615384615377,
  "AP": 0.1957820002913403,
  "F1": 0.2357575032684349,
  "timePerImage": 0.005307045716505784
}