{
  "AUC": 0.4959766249254622,
  "AR": 0.427876923076923,
  "AP": 0.29887920968718107,
  "F1": 0.351929652457774,
  "timePerImage": 0.014621069981501653
}