{
  "AUC": 0.4815272876970125,
  "AR": 0.4637846153846154,
  "AP": 0.34139071330107595,
  "F1": 0.3932851765904653,
  "timePerImage": 0.022349481582641603
}