{
  "AUC": -1,
  "AR": 0.7,
  "AP": 0.011242032055357247,
  "F1": 0.02212867655194366,
  "timePerImage": 1.7011376807692309
}