{
  "AUC": 0.6038653977191891,
  "AR": 0.4223846153846155,
  "AP": 0.3235487989210343,
  "F1": 0.3664188582237649,
  "timePerImage": 0.011885373042179988
}