{
  "AUC": 0.4514532743902619,
  "AR": 0.3680153846153846,
  "AP": 0.25549190938231015,
  "F1": 0.30160017116912025,
  "timePerImage": 0.0903158213542058
}