{
  "AUC": -1,
  "AR": 0.7589743589743589,
  "AP": 0.15784477885733178,
  "F1": 0.2613386542825106,
  "timePerImage": 0.338322190804915
}