{
    "AUC": 0.9063026760961356,
    "AR": 0.8933333333333326,
    "AP": 0.8565693746756609,
    "F1": 0.8745651643466383
}