{
    "AUC": 0.020731072437899747,
    "AR": 0.026104417670682747,
    "AP": 0.013498392517807621,
    "F1": 0.017795084464489668
}