{
    "AUC": 0.972443044573174,
    "AR": 0.9304016064257034,
    "AP": 0.91626087564667,
    "F1": 0.923277100046995
}