{
    "AUC": 0.9026096269016411,
    "AR": 0.8759437751004019,
    "AP": 0.8383565071276892,
    "F1": 0.8567380771576026
}