{
    "AUC": 0.7977033617093859,
    "AR": 0.70710843373494,
    "AP": 0.6311090225828021,
    "F1": 0.6669506669005145
}