{
    "AUC": 0.8705062335001085,
    "AR": 0.871927710843374,
    "AP": 0.8226694641001726,
    "F1": 0.8465826725310159
}