{
    "AUC": 0.8705714894371962,
    "AR": 0.8718473895582333,
    "AP": 0.8223355559920394,
    "F1": 0.846367990795364
}