{
    "AUC": 0.9782592041777873,
    "AR": 0.9572289156626506,
    "AP": 0.9489685244385717,
    "F1": 0.9530808220979281
}