{
    "AUC": 0.5892449709677382,
    "AR": 0.6004016064257034,
    "AP": 0.483417553697054,
    "F1": 0.5355961335491075
}