{
    "AUC": 0.9834085180747197,
    "AR": 0.9492570281124502,
    "AP": 0.936908520654104,
    "F1": 0.9430423522589975
}