{
    "AUC": 0.8995230851835628,
    "AR": 0.898253012048192,
    "AP": 0.8584932477134953,
    "F1": 0.877923196132254
}