{
    "AUC": 0.40515573900040114,
    "AR": 0.3563654618473899,
    "AP": 0.24552908315826488,
    "F1": 0.2907422432806372
}