{
    "AUC": 0.5207352287602336,
    "AR": 0.46309236947791177,
    "AP": 0.3478044292028775,
    "F1": 0.3972529611573343
}