{
    "AUC": 0.414997656891168,
    "AR": 0.36650602409638544,
    "AP": 0.25427876848547043,
    "F1": 0.3002480136864709
}