{
    "AUC": 0.6867730787437261,
    "AR": 0.6507831325301205,
    "AP": 0.5463722711153183,
    "F1": 0.5940245636302238
}