{
    "AUC": 0.7653283300744864,
    "AR": 0.7376104417670686,
    "AP": 0.6497213348833679,
    "F1": 0.6908819489536772
}