{
    "AUC": 0.810515780541229,
    "AR": 0.7218273092369472,
    "AP": 0.6569099540578881,
    "F1": 0.6878403263220894
}