{
    "AUC": 0.5691248002936875,
    "AR": 0.528413654618474,
    "AP": 0.4120652546183815,
    "F1": 0.4630426158325554
}