{
    "AUC": 0.9381414077616222,
    "AR": 0.9012048192771076,
    "AP": 0.8740773796006265,
    "F1": 0.8874338371839234
}