{
    "AUC": 0.905321270658865,
    "AR": 0.9069678714859435,
    "AP": 0.8688361461066749,
    "F1": 0.8874926087538509
}