{
    "AUC": 0.4375488770215759,
    "AR": 0.3311244979919678,
    "AP": 0.2316119052991651,
    "F1": 0.27256944964860313
}