{
    "AUC": 0.5870387566345225,
    "AR": 0.5968875502008035,
    "AP": 0.47958158642424137,
    "F1": 0.5318429827717187
}