{
    "AUC": 0.4884896614441039,
    "AR": 0.48315261044176716,
    "AP": 0.36127171490616516,
    "F1": 0.41341625743376625
}