{
    "AUC": 0.9263952256950742,
    "AR": 0.894076305220883,
    "AP": 0.866747718273665,
    "F1": 0.8801999372711861
}