{
    "AUC": 0.8343225530816114,
    "AR": 0.7648995983935737,
    "AP": 0.7040838130721144,
    "F1": 0.733232821624488
}