{
    "AUC": 0.4518359497619811,
    "AR": 0.39086345381526094,
    "AP": 0.2787749940185272,
    "F1": 0.3254381744414296
}