{
    "AUC": 0.8980993513890728,
    "AR": 0.8156827309236946,
    "AP": 0.7811545653083168,
    "F1": 0.7980453495264824
}