{
    "AUC": 0.9561343691200483,
    "AR": 0.943112449799196,
    "AP": 0.9246355467458646,
    "F1": 0.9337826058718761
}