{
    "AUC": 0.7244410967183028,
    "AR": 0.6974899598393575,
    "AP": 0.6018296588043867,
    "F1": 0.6461383920113056
}