{
    "AUC": 0.9669999772471516,
    "AR": 0.9399799196787146,
    "AP": 0.9262012288869778,
    "F1": 0.9330397077525311
}