{
    "AUC": 0.9200120341738073,
    "AR": 0.8921686746987945,
    "AP": 0.8590891850322941,
    "F1": 0.8753165108147131
}