{
    "AUC": 0.9328653817618079,
    "AR": 0.920441767068273,
    "AP": 0.893752514310023,
    "F1": 0.906900823177814
}