{
    "AUC": 0.9083029067108509,
    "AR": 0.894176706827309,
    "AP": 0.8574543078499107,
    "F1": 0.8754305705067784
}