{
    "AUC": 0.9495369317213421,
    "AR": 0.935341365461847,
    "AP": 0.9133121620680785,
    "F1": 0.924195509910485
}