{
    "AUC": 0.020181616674412785,
    "AR": 0.02409638554216867,
    "AP": 0.012458760306314171,
    "F1": 0.016425107040347012
}