{
    "AUC": 0.909368276394636,
    "AR": 0.8580120481927708,
    "AP": 0.8213991600875123,
    "F1": 0.8393065048698738
}