{
    "AUC": 0.41901352478494885,
    "AR": 0.2967469879518074,
    "AP": 0.19922370591312516,
    "F1": 0.2383972899592992
}