{
    "AUC": 0.020740152686542897,
    "AR": 0.026104417670682747,
    "AP": 0.013523460808589164,
    "F1": 0.017816854338300003
}