{
    "AUC": 0.588973009153732,
    "AR": 0.6004016064257034,
    "AP": 0.4834161561213684,
    "F1": 0.5355952757690711
}