{
    "AUC": 0.9061088546821849,
    "AR": 0.8377710843373495,
    "AP": 0.8028496207556404,
    "F1": 0.8199386918040384
}