{
    "AUC": 0.912584273114712,
    "AR": 0.8673493975903614,
    "AP": 0.8360780652972968,
    "F1": 0.8514266936201799
}