{
    "AUC": 0.9786092833073023,
    "AR": 0.9562048192771084,
    "AP": 0.9451801111798973,
    "F1": 0.9506605032131629
}