{
    "AUC": 0.907570903545702,
    "AR": 0.8694377510040161,
    "AP": 0.8354816389243467,
    "F1": 0.8521215506641111
}