{
    "AUC": 0.414998921522446,
    "AR": 0.36650602409638544,
    "AP": 0.25427880200070285,
    "F1": 0.30024803705074565
}