{
    "AUC": 0.2257944557627985,
    "AR": 0.21283132530120463,
    "AP": 0.13041826887524818,
    "F1": 0.16173125025714638
}