{
    "AUC": 0.18133705397769626,
    "AR": 0.18357429718875506,
    "AP": 0.10937545294099578,
    "F1": 0.13707826611527776
}