{
    "AUC": 0.9427480217531524,
    "AR": 0.9157429718875504,
    "AP": 0.8944000164041399,
    "F1": 0.9049456693486571
}