{
    "AUC": 0.5975842256804774,
    "AR": 0.5438353413654615,
    "AP": 0.4326583213596313,
    "F1": 0.4819178963938939
}