{
    "AUC": 0.9166767792758528,
    "AR": 0.9044979919678711,
    "AP": 0.8713063914396508,
    "F1": 0.8875919992197467
}