{
    "AUC": 0.9055077921566397,
    "AR": 0.8543373493975897,
    "AP": 0.8170796136085111,
    "F1": 0.8352932233996407
}