{
    "AUC": 0.9500796337145497,
    "AR": 0.9091767068273092,
    "AP": 0.8896867995028863,
    "F1": 0.8993261708109676
}