{
    "AUC": 0.5897973651930628,
    "AR": 0.5828428927680797,
    "AP": 0.4642082517003303
}