{
    "AUC": 0.00036923779039079016,
    "AR": 0.0,
    "AP": 2.9241375106232075e-06
}