{
    "AUC": 0.10584665954756522,
    "AR": 0.10723192019950122,
    "AP": 0.05936530245458673
}