{
    "AUC": 0.04402289120108728,
    "AR": 0.007481296758104738,
    "AP": 0.004037092229483249
}