{
    "AUC": 0.04099849506885111,
    "AR": 0.0024937655860349127,
    "AP": 0.0014626980038206438
}