{
    "AUC": 0.014603857389349096,
    "AR": 0.0,
    "AP": 1.4557283927349896e-05
}