{
    "AUC": 0.0012464130393594062,
    "AR": 0.0,
    "AP": 2.619257104181941e-07
}