{
    "AUC": 0.00032939759021133146,
    "AR": 0.0,
    "AP": 1.1783889361062789e-07
}