{
    "AUC": 0.0023994988451823893,
    "AR": 0.0024937655860349127,
    "AP": 0.0012495244938501206
}