{
    "AUC": 0.051589327070163955,
    "AR": 0.04760598503740646,
    "AP": 0.024974225634077207
}