{
    "AUC": 0.9260448159276095,
    "AR": 0.8550124688279297,
    "AP": 0.8094347102229504
}