{
    "AUC": 0.02692149706267865,
    "AR": 0.012468827930174578,
    "AP": 0.00632243706091327
}