{
    "AUC": 0.4031508875969776,
    "AR": 0.25905236907730667,
    "AP": 0.13511975199183737
}