{
    "AUC": 0.628372322365003,
    "AR": 0.4794513715710724,
    "AP": 0.3436464710651845
}