{
    "AUC": 0.9031957755461497,
    "AR": 0.8534164588528678,
    "AP": 0.8031681913059409
}