{
    "AUC": 0.026108229176494992,
    "AR": 0.012468827930174578,
    "AP": 0.006333095515414704
}