{
    "AUC": 0.4999069827931423,
    "AR": 0.33675810473815465,
    "AP": 0.2010934520658955
}