{
    "AUC": 0.932205608984279,
    "AR": 0.9035943775100398,
    "AP": 0.8751536563839052,
    "F1": 0.8891466450531568
}