{
    "AUC": 0.9066130094838502,
    "AR": 0.8951004016064253,
    "AP": 0.8565079294683977,
    "F1": 0.8753790194361679
}