{
    "AUC": 0.908023485621107,
    "AR": 0.9102409638554216,
    "AP": 0.8717985040332189,
    "F1": 0.8906050902891681
}