{
    "AUC": 0.4150635037298566,
    "AR": 0.3029718875502007,
    "AP": 0.2050361429771548,
    "F1": 0.2445638002584935
}