{
    "AUC": 0.8629929274264936,
    "AR": 0.8119277108433729,
    "AP": 0.758581065568704,
    "F1": 0.7843483555226162
}