{
    "AUC": 0.7917498119470102,
    "AR": 0.7775702811244982,
    "AP": 0.7008778902980564,
    "F1": 0.7372349315006782
}