{
    "AUC": 0.6895162997513382,
    "AR": 0.6674497991967869,
    "AP": 0.5654332114642999,
    "F1": 0.6122207544228805
}