{
    "AUC": 0.9188258731456119,
    "AR": 0.8943574297188749,
    "AP": 0.8642353820357673,
    "F1": 0.8790384332100388
}