{
    "AUC": 0.911673966318112,
    "AR": 0.8922690763052202,
    "AP": 0.8587710486718091,
    "F1": 0.8751996478277303
}