{
    "AUC": 0.9369974403106934,
    "AR": 0.9130923694779117,
    "AP": 0.8872516699979042,
    "F1": 0.899986571363882
}