{
    "AUC": 0.8995438508860316,
    "AR": 0.8982931726907623,
    "AP": 0.8584929504758748,
    "F1": 0.8779422219314492
}