{
    "AUC": 0.9022475320080238,
    "AR": 0.8806425702811248,
    "AP": 0.8402678616835513,
    "F1": 0.8599815954312447
}