{
    "AUC": 0.9681293314272267,
    "AR": 0.9578313253012051,
    "AP": 0.9444123329892794,
    "F1": 0.951074498364592
}