{
    "AUC": 0.9784882969171996,
    "AR": 0.9252811244979923,
    "AP": 0.9149703218367204,
    "F1": 0.9200968378072248
}