{
    "AUC": 0.9707093046097434,
    "AR": 0.9192971887550202,
    "AP": 0.9110098415654966,
    "F1": 0.9151347532470105
}