{
    "AUC": 0.9053453354395263,
    "AR": 0.8511847389558227,
    "AP": 0.8148650972808389,
    "F1": 0.8326290366918848
}