{
    "AUC": 0.7915125809691687,
    "AR": 0.7022289156626503,
    "AP": 0.6259191299469595,
    "F1": 0.6618818035656832
}