{
    "AUC": 0.018851536087854243,
    "AR": 0.022088353413654605,
    "AP": 0.011382397626021104,
    "F1": 0.015023171793203553
}