{
    "AUC": 0.937287495225542,
    "AR": 0.9289959839357435,
    "AP": 0.9025090609273635,
    "F1": 0.9155609976818895
}