{
    "AUC": 0.9271836704863442,
    "AR": 0.9014056224899591,
    "AP": 0.870671593474366,
    "F1": 0.885772090098229
}