{
    "AUC": 0.9661224240014705,
    "AR": 0.9544377510040162,
    "AP": 0.9392945374023213,
    "F1": 0.9468055979159268
}