{
    "AUC": 0.5191266697086817,
    "AR": 0.5042369477911648,
    "AP": 0.38321810414525276,
    "F1": 0.4354760880585157
}