{
    "AUC": 0.9229521095475403,
    "AR": 0.9045582329317265,
    "AP": 0.876357888945603,
    "F1": 0.8902347883793437
}