{
    "AUC": 0.04700192310853235,
    "AR": 0.04819277108433734,
    "AP": 0.0253488560742298,
    "F1": 0.03322286071808403
}