{
    "AUC": 0.019268129428282234,
    "AR": 0.020080321285140573,
    "AP": 0.01034104283581476,
    "F1": 0.013651686475395344
}