{
    "AUC": 0.89793684173866,
    "AR": 0.818313253012048,
    "AP": 0.7814259971159633,
    "F1": 0.7994443464920652
}