{
    "AUC": 0.8536344070476364,
    "AR": 0.8406626506024105,
    "AP": 0.7859105783352255,
    "F1": 0.8123651098712326
}