{
    "AUC": 0.9040691799455887,
    "AR": 0.8966064257028106,
    "AP": 0.8550971473609101,
    "F1": 0.875359973814526
}