{
    "AUC": 0.3744847812301839,
    "AR": 0.3731325301204821,
    "AP": 0.2594946827814983,
    "F1": 0.30610731111269673
}