{
    "AUC": 0.8705773403132356,
    "AR": 0.8718875502008037,
    "AP": 0.8226803393790852,
    "F1": 0.8465695002369281
}