{
    "AUC": 0.7564482482134742,
    "AR": 0.7484538152610448,
    "AP": 0.6603612245472713,
    "F1": 0.7016533242434841
}