{
    "AUC": 0.9139844058528083,
    "AR": 0.9079718875502006,
    "AP": 0.8744456355669473,
    "F1": 0.8908934567667767
}