{
    "AUC": 0.8817285921635524,
    "AR": 0.8680923694779117,
    "AP": 0.8244290683378213,
    "F1": 0.8456975107192273
}