{
    "AUC": 0.898090773884991,
    "AR": 0.8156425702811243,
    "AP": 0.7811546961007995,
    "F1": 0.7980261959722494
}