{
    "AUC": 0.42592464607287595,
    "AR": 0.2968072289156626,
    "AP": 0.1984467899494981,
    "F1": 0.23785952084582881
}