{
    "AUC": 0.9053516095986657,
    "AR": 0.8511847389558227,
    "AP": 0.8148649047133766,
    "F1": 0.8326289361644422
}