{
    "AUC": 0.9615782541325866,
    "AR": 0.9389357429718876,
    "AP": 0.9223712101710692,
    "F1": 0.9305797692911058
}