{
    "AUC": 0.019311136297768396,
    "AR": 0.022088353413654605,
    "AP": 0.011388882800444002,
    "F1": 0.015028819384854522
}