{
    "AUC": 0.020806596816518856,
    "AR": 0.025481927710843365,
    "AP": 0.012470855362409581,
    "F1": 0.016746146611907327
}