{
    "AUC": 0.9450904935383048,
    "AR": 0.9234939759036145,
    "AP": 0.9000439014817976,
    "F1": 0.9116181587179085
}