{
    "AUC": 0.7914778028401732,
    "AR": 0.70218875502008,
    "AP": 0.6259211497279579,
    "F1": 0.6618650930874496
}