{
    "AUC": 0.9026078784090611,
    "AR": 0.8759839357429722,
    "AP": 0.8383732375540615,
    "F1": 0.8567660224990237
}