{
    "AUC": 0.9155294349222821,
    "AR": 0.9145381526104418,
    "AP": 0.8792873268764422,
    "F1": 0.896566379205826
}