{
    "AUC": 0.9356264899576234,
    "AR": 0.9263453815261047,
    "AP": 0.8999109038812885,
    "F1": 0.9129368273845002
}