{
    "AUC": 0.8779048855354076,
    "AR": 0.871526104417671,
    "AP": 0.8224082232704705,
    "F1": 0.8462550446641958
}