{
    "AUC": 0.589038533482978,
    "AR": 0.6004016064257034,
    "AP": 0.4834151765728028,
    "F1": 0.5355946745572326
}