{
    "AUC": 0.8704630634600136,
    "AR": 0.8718875502008037,
    "AP": 0.8226734481037951,
    "F1": 0.8465658515687547
}