{
    "AUC": 0.020716059257778,
    "AR": 0.026104417670682747,
    "AP": 0.013505965541936801,
    "F1": 0.017801663955638928
}