{
    "AUC": 0.985691441815074,
    "AR": 0.9475301204819271,
    "AP": 0.9432224608824601,
    "F1": 0.9453713836596122
}