{
    "AUC": 0.9718072949494395,
    "AR": 0.9637655860349124,
    "AP": 0.949442716237981
}