{
    "AUC": 0.06562084820062297,
    "AR": 0.06475903614457827,
    "AP": 0.034449883748023886,
    "F1": 0.04497461053360698
}