{
    "AUC": 0.9083850606596673,
    "AR": 0.8941365461847386,
    "AP": 0.85746264820498,
    "F1": 0.875415669525408
}