{
    "AUC": 0.021024396091830006,
    "AR": 0.024558232931726903,
    "AP": 0.012458684803255429,
    "F1": 0.016530997292201158
}