{
    "AUC": 0.7265063715067885,
    "AR": 0.7130923694779114,
    "AP": 0.6220726637041979,
    "F1": 0.6644800586052472
}