{
    "AUC": 0.5776870039650935,
    "AR": 0.5831526104417665,
    "AP": 0.46489748622072535,
    "F1": 0.5173534806032019
}