{
    "AUC": 0.4953919405992873,
    "AR": 0.4149999999999998,
    "AP": 0.30622059369025456,
    "F1": 0.35240687105513746
}