{
    "AUC": 0.8990785109589287,
    "AR": 0.8998594377510033,
    "AP": 0.8586741183571844,
    "F1": 0.8787844925362317
}