{
    "AUC": 0.425878831455593,
    "AR": 0.296726907630522,
    "AP": 0.19845096475208948,
    "F1": 0.23783672240378992
}