{
    "AUC": 0.533995736030542,
    "AR": 0.5331726907630525,
    "AP": 0.4155039220522646,
    "F1": 0.46704080431744505
}