{
  "AUC": 0.43785803414511665,
  "AR": 0.08739,
  "AP": 0.05411144328814742,
  "F1": 0.06683746708253259,
  "timePerImage": 0.1726563835144043,
  "AAE": 0.44357066709497467
}