{
  "AAE": 1.092156525476737,
  "timePerImage": 0.39030767035484315
}