{
  "AUC": 0.4339770709128871,
  "AR": 0.25746,
  "AP": 0.16282125450764798,
  "F1": 0.1994852719979031,
  "timePerImage": 0.05910351514816284,
  "AAE": 0.7787164180364163
}