{
  "AUC": 0.32588690999522724,
  "AR": 0.19440000000000002,
  "AP": 0.10609368374456342,
  "F1": 0.13727151840885424,
  "timePerImage": 0.019793236255645753
}