{
  "AUC": 0.4495766827891979,
  "AR": 0.14857000000000004,
  "AP": 0.0797093927678974,
  "F1": 0.10375377593164775,
  "timePerImage": 0.01947644829750061
}