{
  "AUC": 0.5652740807806449,
  "AR": 0.20849,
  "AP": 0.11707068295743076,
  "F1": 0.1499448057920818,
  "timePerImage": 0.02346688652038574
}