{
  "AAE": 1.4860892501023482,
  "timePerImage": 0.7340813109874725
}