{
  "AUC": 0.37281551420668846,
  "AR": 0.18980999999999998,
  "AP": 0.09728550248145894,
  "F1": 0.12863845700402962,
  "timePerImage": 0.0062515995502471925
}