{
  "AUC": 0.004493656856392593,
  "AR": 0.00031000000000000005,
  "AP": 0.0005016805740300986,
  "F1": 0.00038320734270415986,
  "timePerImage": 0.012347659587860108
}