{
  "AUC": 0.5829655445097153,
  "AR": 0.45176999999999995,
  "AP": 0.2983728447353721,
  "F1": 0.3593872847341522,
  "timePerImage": 0.017311360120773316
}