{
  "AAE": 1.421869939619392,
  "timePerImage": 0.2785261447429657
}