{
  "AAE": 1.9584077113805043,
  "timePerImage": 0.13086640310287476
}