{
  "AUC": -1,
  "AR": 0.342,
  "AP": 0.2182013066557779,
  "F1": 0.2664215380780257,
  "timePerImage": 1.1547794820000001
}