{
  "AAE": 1.9639486548882241,
  "timePerImage": 0.06922426605224609
}