{
  "AUC": 0.37326146110247277,
  "AR": 0.11391,
  "AP": 0.06463797558067018,
  "F1": 0.08247544419866565,
  "timePerImage": 0.010744529724121094
}