{
  "AUC": 0.54438976042502,
  "AR": 0.39610000000000006,
  "AP": 0.2563156717289321,
  "F1": 0.31123298219608875,
  "timePerImage": 0.09411803483963013
}