{
  "AAE": 1.3941711135525992,
  "timePerImage": 0.215868670463562
}