{
  "AAE": 0.9542137249914624,
  "timePerImage": 0.011084116458892823,
  "AUC": 0.38020601717754327,
  "AR": 0.1175,
  "AP": 0.06768844385774114,
  "F1": 0.08589512377342783
}