{
  "AUC": 0.0014702535075570543,
  "AR": 0.0,
  "AP": 6.021194605009633e-08,
  "F1": 0.0,
  "AAE": 1.444590782060927,
  "timePerImage": 0.01565420150756836
}