{
  "AUC": 0.45204165935360935,
  "AR": 0.15018000000000004,
  "AP": 0.08294256774030205,
  "F1": 0.10686494185423409,
  "timePerImage": 0.13415600872039796,
  "AAE": 0.535039671718363
}