{
  "AUC": 0.11525095723116195,
  "AR": 0.03459000000000001,
  "AP": 0.013035413579725952,
  "F1": 0.01893505680398609,
  "timePerImage": 0.03075769829750061,
  "AAE": 0.9986043897403447
}