{
  "AUC": 0.23998370902153726,
  "AR": 0.06293,
  "AP": 0.028593639258592964,
  "F1": 0.039320939008100325,
  "AAE": 1.751830177988677,
  "timePerImage": 0.010034870147705079
}