{
  "AUC": 0.38020601717754327,
  "AR": 0.1175,
  "AP": 0.06768844385774114,
  "F1": 0.08589512377342783,
  "AAE": 0.2977513591884581,
  "timePerImage": 0.14007487201690674
}