{
  "AUC": 0.22309133724134475,
  "AR": 0.049539999999999994,
  "AP": 0.026259161074156413,
  "F1": 0.03432435982612058,
  "AAE": 1.53546532203271,
  "timePerImage": 0.0020152342319488523
}