{
  "AUC": 0.6311702242535343,
  "AR": 0.5612599999999999,
  "AP": 0.40534846739337776,
  "F1": 0.4707301632122363,
  "AAE": 2.2901212740846444,
  "timePerImage": 0.025730557680130006
}