{
  "AUC": 0.6990716841841842,
  "AR": 0.47360000000000013,
  "AP": 0.27887256527083204,
  "F1": 0.35104016547029754,
  "timePerImage": 0.040041484117507936,
  "AAE": 2.1577044877632083
}