{
  "AUC": -1,
  "AR": 0.5266666666666666,
  "AP": 0.017544788254023364,
  "F1": 0.03395832654226504,
  "timePerImage": 0.343594492544042
}