{
  "AUC": 0.022585688372615174,
  "AR": 0.0,
  "AP": 2.4662874741217427e-05,
  "F1": 0.0,
  "timePerImage": 0.16053835722116325
}