{
  "AUC": 0.258478134740194,
  "AR": 0.1946769230769231,
  "AP": 0.10980515579435957,
  "F1": 0.14041240093519494,
  "timePerImage": 0.011438470253577599
}