{
  "AUC": 0.011066894023563523,
  "AR": 0.0030769230769230743,
  "AP": 0.0015497748059980544,
  "F1": 0.0020613136994364167,
  "timePerImage": 0.04909079111539401
}