{
  "AUC": 0.00682269529201107,
  "AR": 0.0,
  "AP": 6.506651243493349e-06,
  "F1": 0.0,
  "timePerImage": 0.015434005443866436
}