{
  "AUC": 0.041270872095090234,
  "AR": 0.01473846153846154,
  "AP": 0.007879820831152764,
  "F1": 0.01026925337230136,
  "timePerImage": 0.018170039103581354
}