{
  "AUC": 0.19423341478059775,
  "AR": 0.13449230769230772,
  "AP": 0.06620285174643445,
  "F1": 0.08872933788826508,
  "timePerImage": 0.004930214515099158
}