{
  "AUC": 0.02046308286308287,
  "AR": 0.0029230769230769236,
  "AP": 0.004656706389211921,
  "F1": 0.0035916359143886617,
  "timePerImage": 0.01250516964839055
}