{
  "AUC": 0.32853150309897716,
  "AR": 0.3175692307692309,
  "AP": 0.2104445417206848,
  "F1": 0.2531400304907674,
  "timePerImage": 0.015121784210205078
}