{
  "AUC": -1,
  "AR": 0.4123076923076923,
  "AP": 0.013352970836713097,
  "F1": 0.02586817654451353,
  "timePerImage": 2.2679488381538464
}