{
  "AUC": 0.03376274685444116,
  "AR": 0.008461538461538454,
  "AP": 0.007810218515402881,
  "F1": 0.008122843089993564,
  "timePerImage": 0.08559271812438965
}