{
  "AUC": 0.37142283096362766,
  "AR": 0.3288,
  "AP": 0.20554630588020945,
  "F1": 0.2529581457930538,
  "timePerImage": 0.019638698284442608
}