{
  "AUC": -1,
  "AR": 0.24914675767918087,
  "AP": 0.3165792098529858,
  "F1": 0.2788441337687886,
  "timePerImage": 0.34852623298986635
}