{
  "AUC": 0.06288494675641836,
  "AR": 0.0043111111111111084,
  "AP": 0.0027196198151047055,
  "F1": 0.003335238775581024,
  "timePerImage": 0.1495177216000027
}