{
  "AUC": 0.4438864214402309,
  "AR": 0.3197777777777781,
  "AP": 0.21848552106515762,
  "F1": 0.2596008851170923,
  "timePerImage": 0.0110394287109375
}