{
  "AUC": 0.0290452509958188,
  "AR": 0.0,
  "AP": 7.699854055281586e-05,
  "F1": 0.0,
  "timePerImage": 0.04646180046929253
}