{
  "AUC": 0.06563869610935857,
  "AR": 0.03591111111111111,
  "AP": 0.01685471754544149,
  "F1": 0.022941803433445332,
  "timePerImage": 0.01515176984998915
}