{
  "AUC": 0.09739889739889741,
  "AR": 0.022577777777777783,
  "AP": 0.0075834721312700816,
  "F1": 0.011353504850103993,
  "timePerImage": 0.017165488137139213
}