{
  "AUC": 0.2910445553706784,
  "AR": 0.1976888888888889,
  "AP": 0.11983778873310667,
  "F1": 0.1492195835573356,
  "timePerImage": 0.005038632286919488
}