{
  "AUC": 0.10582024691358025,
  "AR": 0.07115555555555557,
  "AP": 0.029723653092808996,
  "F1": 0.04193139651465177,
  "timePerImage": 0.012139340506659614
}