{
  "AUC": 0.4778022482220694,
  "AR": 0.344488888888889,
  "AP": 0.24095075384965858,
  "F1": 0.28356418462655547,
  "timePerImage": 0.01758187082078722
}