{
  "AUC": -1,
  "AR": 0.9822222222222222,
  "AP": 0.005824713547967438,
  "F1": 0.011580751637942734,
  "timePerImage": 5.152081584888891
}