{
  "AUC": 0.10022687868430176,
  "AR": 0.06248888888888887,
  "AP": 0.022646686761471815,
  "F1": 0.03324500438103486,
  "timePerImage": 0.07651519457499187
}