{
  "AUC": 0.48000860945071705,
  "AR": 0.3137333333333335,
  "AP": 0.19846720064013515,
  "F1": 0.24313046271595798,
  "timePerImage": 0.018052136103312175
}