{
  "AUC": -1,
  "AR": 0.32019704433497537,
  "AP": 0.01469085912144142,
  "F1": 0.02809280132770901,
  "timePerImage": 0.3445274880591859
}