{
  "AUC": 0.166941521039626,
  "AR": 0.10530769230769232,
  "AP": 0.05373816571562013,
  "F1": 0.0711623966910326,
  "timePerImage": 0.17032166407658503
}