{
  "AUC": 0.7026844583987442,
  "AR": 0.675376923076923,
  "AP": 0.5760001772202907,
  "F1": 0.6217426022745774,
  "timePerImage": 0.011789654951829176
}