{
  "AAE": 0.40061064288949155,
  "timePerImage": 0.18144391555052536
}