{
  "AUC": 0.20852969777352193,
  "AR": 0.1540076923076923,
  "AP": 0.09329313073261347,
  "F1": 0.11619742785852301,
  "timePerImage": 0.053833425228412335
}