{
  "AUC": 0.17848284057842248,
  "AR": 0.09915384615384616,
  "AP": 0.05035867108745201,
  "F1": 0.06679381790433968,
  "timePerImage": 0.017891087898841272
}