{
  "AUC": 0.38277672418677194,
  "AR": 0.2910615384615385,
  "AP": 0.18764435714700625,
  "F1": 0.22818208748151939,
  "timePerImage": 0.021394129533034104
}