{
  "AAE": 0.9750583232534863,
  "timePerImage": 0.49932706869565524
}