{
  "AUC": 0.405236151116428,
  "AR": 0.27701538461538466,
  "AP": 0.16988609368091157,
  "F1": 0.21061045383529228,
  "timePerImage": 0.005404336269085224
}