{
  "AUC": 0.5727032530039863,
  "AR": 0.5666538461538463,
  "AP": 0.44521710954101523,
  "F1": 0.4986485402610825,
  "timePerImage": 0.013756998502291166
}