{
  "AUC": 0.341372598928582,
  "AR": 0.2754769230769231,
  "AP": 0.17301492917502356,
  "F1": 0.21254174449854968,
  "timePerImage": 0.015412457356086144
}