{
  "AAE": 0.9834754771107918,
  "timePerImage": 0.23735493880051833
}