{
  "AAE": 1.662598175514235,
  "timePerImage": 0.10654641298147348
}