{
  "AUC": -1,
  "AR": 0.6353846153846154,
  "AP": 0.3576531716821823,
  "F1": 0.4576811192685968,
  "timePerImage": 1.1136005433846166
}