{
  "AAE": 1.3705898605929843,
  "timePerImage": 0.02465203596995427
}