{
  "AUC": 0.2829983828198391,
  "AR": 0.21573846153846155,
  "AP": 0.13448077023526078,
  "F1": 0.16568293140342255,
  "timePerImage": 0.09179869596774762,
  "AAE": 1.2949796236135533
}