{
  "AAE": 1.1407709556322172,
  "timePerImage": 0.18526485186356764
}