{
  "AUC": 0.6743667261385922,
  "AR": 0.6458153846153848,
  "AP": 0.5416067510345348,
  "F1": 0.5891383724933017,
  "AAE": 0.6104505786990706,
  "timePerImage": 0.160904189990117
}