{
  "AUC": 0.4444862319748842,
  "AR": 0.31920000000000004,
  "AP": 0.20170619060922804,
  "F1": 0.24720234546325623,
  "timePerImage": 0.04178284810139583,
  "AAE": 1.907104888066618
}