{
  "AUC": 0.5500386138502155,
  "AR": 0.5368923076923077,
  "AP": 0.41667550276886806,
  "F1": 0.46920600671752305,
  "AAE": 1.639502940657642,
  "timePerImage": 0.015863340267768273
}