{
  "AUC": 0.6408874552760263,
  "AR": 0.6337307692307684,
  "AP": 0.5217936417498313,
  "F1": 0.5723404591430935,
  "AAE": 1.475919348167795,
  "timePerImage": 0.001979010838728685
}