{
  "AUC": 0.3784064415307892,
  "AR": 0.32115384615384623,
  "AP": 0.20554014737810128,
  "F1": 0.2506579140075258,
  "AAE": 1.7085303095739681,
  "timePerImage": 0.026304787489084096
}