{
  "AUC": 0.3483745423895317,
  "AR": 0.2668000000000001,
  "AP": 0.16594275705154055,
  "F1": 0.20461822576999458,
  "AAE": 1.5549932697987654,
  "timePerImage": 0.009955375561347374
}