{
  "AAE": 0.6770072833945915,
  "timePerImage": 0.0197159952383775,
  "AUC": 0.7940951471746333,
  "AR": 0.6959461538461539,
  "AP": 0.6073389780743451,
  "F1": 0.6486304731319185
}