{
  "AUC": 0.7179637913397233,
  "AR": 0.5797230769230768,
  "AP": 0.4737708551982761,
  "F1": 0.5214190410740481,
  "timePerImage": 0.030970174349271334,
  "AAE": 0.8180737178692877
}