{
  "AUC": 0.7772325985053996,
  "AR": 0.6796307692307693,
  "AP": 0.5883848006620348,
  "F1": 0.6307247705348555,
  "timePerImage": 0.17523030611184928,
  "AAE": 0.7550667099425595
}