{
  "AUC": -1,
  "AR": 0.9,
  "AP": 0.028680696148315973,
  "F1": 0.0555898849637808,
  "timePerImage": 0.3662439579272088
}