{
    "AUC": 0.28711438711438714,
    "AR": 0.23818181818181808,
    "AP": 0.14429445944791214,
    "F1": 0.1797147625356143
}