{
    "AUC": 0.11815718157181572,
    "AR": 0.09090909090909091,
    "AP": 0.05142915710478818,
    "F1": 0.06569390847302296
}