{
    "AUC": 0.14472803747251697,
    "AR": 0.1212121212121212,
    "AP": 0.06903834885653067,
    "F1": 0.08797123819838983
}