{
    "AUC": 0.02938621887666474,
    "AR": 0.009393939393939395,
    "AP": 0.00042087542087542086,
    "F1": 0.0008056551795831385
}