{
    "AUC": 0.10892710892710891,
    "AR": 0.10272727272727267,
    "AP": 0.05274671852211959,
    "F1": 0.06970331816334129
}