{
    "AUC": 0.1346801346801347,
    "AR": 0.12666666666666668,
    "AP": 0.056200601894381794,
    "F1": 0.07785693921758526
}