{
    "AUC": 0.08581030187148735,
    "AR": 0.0606060606060606,
    "AP": 0.0334781513011178,
    "F1": 0.04313112318432687
}