{
    "AUC": 0.20892340490330435,
    "AR": 0.17636363636363625,
    "AP": 0.09642019039556676,
    "F1": 0.1246775925029258
}