{
    "AUC": 0.35215136184782053,
    "AR": 0.29515151515151505,
    "AP": 0.1894105986829928,
    "F1": 0.23074369039975756
}