{
    "AUC": 0.04384268214055448,
    "AR": 0.012424242424242421,
    "AP": 0.001171356256102019,
    "F1": 0.0021408713853851083
}