{
    "AUC": 0.3324987945550981,
    "AR": 0.2845454545454545,
    "AP": 0.18768334798766623,
    "F1": 0.22618037390897
}