{
    "AUC": 0.17075699965433805,
    "AR": 0.17121212121212115,
    "AP": 0.09220547723221521,
    "F1": 0.11986059729900277
}