{
    "AUC": 0.3565881354826079,
    "AR": 0.29,
    "AP": 0.19194233619515896,
    "F1": 0.23099559144791823
}