{
    "AUC": 0.37299400935764576,
    "AR": 0.2854545454545458,
    "AP": 0.17270264071019747,
    "F1": 0.21520454242096032
}