{
    "AUC": 0.04518637704478413,
    "AR": 0.0303030303030303,
    "AP": 0.01670230176327737,
    "F1": 0.02153501886760345
}