{
    "AUC": 0.14587046939988113,
    "AR": 0.15000000000000005,
    "AP": 0.07189928312922965,
    "F1": 0.09720529347635203
}