{
    "AUC": 0.25380333951762524,
    "AR": 0.23636363636363625,
    "AP": 0.14164496162103818,
    "F1": 0.17713733698032785
}