{
    "AUC": 0.6474032876228824,
    "AR": 0.6542369477911646,
    "AP": 0.544634325733154,
    "F1": 0.5944256181607971
}