{
    "AUC": 0.7364893055030285,
    "AR": 0.7119678714859444,
    "AP": 0.614229863042286,
    "F1": 0.6594973235252659
}