{
    "AUC": 0.2743714280294729,
    "AR": 0.1496184738955824,
    "AP": 0.08314559339667021,
    "F1": 0.10689035416736312
}