{
    "AUC": 0.8157776573799898,
    "AR": 0.7849598393574299,
    "AP": 0.7085448994750874,
    "F1": 0.7447974901027231
}