{
    "AUC": 0.5905573965605668,
    "AR": 0.228995983935743,
    "AP": 0.1599380833480765,
    "F1": 0.18833618263818944
}