{
    "AUC": 0.6907061642442189,
    "AR": 0.6580923694779116,
    "AP": 0.5516219505839534,
    "F1": 0.6001717769154895
}