{
    "AUC": 0.7147141394352232,
    "AR": 0.6247791164658636,
    "AP": 0.5252600291521444,
    "F1": 0.5707136112347859
}