{
    "AUC": 0.548809024264999,
    "AR": 0.566686746987952,
    "AP": 0.4467118562564646,
    "F1": 0.49959746905605423
}