{
    "AUC": 0.7180173880741738,
    "AR": 0.702690763052209,
    "AP": 0.6042983083229947,
    "F1": 0.6497909564612453
}