{
    "AUC": 0.826623218440066,
    "AR": 0.7916064257028114,
    "AP": 0.7186513436085428,
    "F1": 0.7533667867835342
}