{
    "AUC": 0.6228113398791932,
    "AR": 0.37953815261044177,
    "AP": 0.2835642446512487,
    "F1": 0.3246058225871174
}