{
    "AUC": 0.0010978632631415872,
    "AR": 0.0,
    "AP": 2.9748624126134163e-06,
    "F1": 0.0
}