{
    "AUC": 0.3207745295698925,
    "AR": 0.23686746987951807,
    "AP": 0.14068539027036042,
    "F1": 0.17652517546350557
}