{
    "AUC": 0.6172939563485184,
    "AR": 0.3603212851405622,
    "AP": 0.2673234797520309,
    "F1": 0.3069326636986518
}