{
    "AUC": 0.7452591282561438,
    "AR": 0.7000803212851405,
    "AP": 0.6008583765638774,
    "F1": 0.6466855448411393
}