{
    "AUC": 0.7086380378802403,
    "AR": 0.6944578313253013,
    "AP": 0.5949634734789427,
    "F1": 0.6408720593812156
}