{
    "AUC": 0.7524391960749987,
    "AR": 0.7260441767068274,
    "AP": 0.6351541232091128,
    "F1": 0.6775646906050133
}