{
    "AUC": 0.5707450538621481,
    "AR": 0.24188755020080321,
    "AP": 0.1757816680824744,
    "F1": 0.20360321135201462
}