{
    "AUC": 0.001055013705616115,
    "AR": 0.0,
    "AP": 3.1823013130175217e-06,
    "F1": 0.0
}