{
    "AUC": 0.6131694604349268,
    "AR": 0.6206224899598392,
    "AP": 0.5074029679812654,
    "F1": 0.5583308269944861
}