{
    "AUC": 0.6084492706414846,
    "AR": 0.6209437751004016,
    "AP": 0.505799167260981,
    "F1": 0.5574880171043304
}