{
    "AUC": 0.001046060288053386,
    "AR": 0.0,
    "AP": 3.357913258384709e-06,
    "F1": 0.0
}