{
    "AUC": 0.0010261760113458927,
    "AR": 0.0,
    "AP": 3.403444285617044e-06,
    "F1": 0.0
}