{
    "AUC": 0.845112408918075,
    "AR": 0.7967269076305222,
    "AP": 0.7224143596845145,
    "F1": 0.7577530427260352
}