{
    "AUC": 0.5421647756072835,
    "AR": 0.5582329317269074,
    "AP": 0.436987787575224,
    "F1": 0.4902248698319476
}