{
    "AUC": 0.7345947172360703,
    "AR": 0.543012048192771,
    "AP": 0.4449640136372225,
    "F1": 0.48912282342079927
}