{
    "AUC": 0.3223050041821345,
    "AR": 0.18204819277108442,
    "AP": 0.10675607586134542,
    "F1": 0.13458769685032554
}