{
    "AUC": 0.6135558168930703,
    "AR": 0.2918273092369479,
    "AP": 0.21807647092364174,
    "F1": 0.24961834837738528
}