{
    "AUC": 0.7349399106391341,
    "AR": 0.5415060240963856,
    "AP": 0.4363939383258056,
    "F1": 0.483300860135523
}