{
    "AUC": 0.7930694458599384,
    "AR": 0.7665261044176706,
    "AP": 0.6793797712262607,
    "F1": 0.720326735274263
}