{
    "AUC": 0.2959489227583995,
    "AR": 0.16576305220883533,
    "AP": 0.0914695176468602,
    "F1": 0.11788760993772543
}