{
    "AUC": 0.7122652499472781,
    "AR": 0.6956224899598397,
    "AP": 0.5998922623551233,
    "F1": 0.6442204513710692
}