{
    "AUC": 0.7802529319903889,
    "AR": 0.7156425702811247,
    "AP": 0.6219171361662351,
    "F1": 0.6654960906530516
}