{
    "AUC": 0.6167944633917032,
    "AR": 0.6192771084337346,
    "AP": 0.5060121733483178,
    "F1": 0.5569443530949907
}