{
    "AUC": 0.0010826302974762585,
    "AR": 0.0,
    "AP": 2.9903680245927865e-06,
    "F1": 0.0
}