{
    "AUC": 0.6175166434027691,
    "AR": 0.3604016064257028,
    "AP": 0.26734346370375767,
    "F1": 0.306974975578463
}