{
    "AUC": 0.6363429115397762,
    "AR": 0.635020080321285,
    "AP": 0.5236505009390923,
    "F1": 0.5739829569244883
}