{
    "AUC": 0.5203651170223664,
    "AR": 0.18660642570281127,
    "AP": 0.12825496096358507,
    "F1": 0.15202372127914202
}