{
    "AUC": 0.6367263953261771,
    "AR": 0.30674698795180716,
    "AP": 0.2164673016315952,
    "F1": 0.25381834589577895
}