{
    "AUC": 0.7639113085364746,
    "AR": 0.7314457831325303,
    "AP": 0.6396886727317403,
    "F1": 0.6824970084970196
}