{
    "AUC": 0.8167113595220455,
    "AR": 0.799800498753118,
    "AP": 0.7317307835200624
}