{
    "AUC": 0.0011703757855224864,
    "AR": 0.0,
    "AP": 2.3403637861469185e-06,
    "F1": 0.0
}