{
    "AUC": 0.5635375865602328,
    "AR": 0.2351004016064257,
    "AP": 0.16746928657665702,
    "F1": 0.19560388020574376
}