{
    "AUC": 0.6471967813112917,
    "AR": 0.654156626506024,
    "AP": 0.5442694850072274,
    "F1": 0.5941751215232296
}