{
    "AUC": 0.688902089193009,
    "AR": 0.6857831325301208,
    "AP": 0.5850219767202283,
    "F1": 0.6314079175064529
}