{
    "AUC": 0.6085677736326015,
    "AR": 0.6209437751004016,
    "AP": 0.5057982160903335,
    "F1": 0.5574874393493943
}