{
    "AUC": 0.687533776266014,
    "AR": 0.6808433734939758,
    "AP": 0.5773462381420205,
    "F1": 0.6248380320666505
}