{
    "AUC": 0.3328012683680731,
    "AR": 0.26800498753117213,
    "AP": 0.16882457290891972
}