{
    "AUC": 0.9632111215969064,
    "AR": 0.9292269326683296,
    "AP": 0.9115669589010186
}