{
    "AUC": 0.9818024318685666,
    "AR": 0.9155860349127178,
    "AP": 0.8992478129168079
}