{
    "AUC": 0.9426869626583666,
    "AR": 0.8776807980049874,
    "AP": 0.8464142973827854
}