{
    "AUC": 0.08604262154206689,
    "AR": 0.004937655860349126,
    "AP": 0.010545544807605388
}