{
    "AUC": 0.7897988983092276,
    "AR": 0.6764588528678301,
    "AP": 0.5916725970447828
}