{
    "AUC": 0.7787411304516731,
    "AR": 0.6976059850374066,
    "AP": 0.610159057068632
}