{
    "AUC": 0.6767466477377094,
    "AR": 0.5945885286783044,
    "AP": 0.4747798148158183
}