{
    "AUC": 0.3119041439002407,
    "AR": 0.07034912718204486,
    "AP": 0.02139786099757472
}