{
    "AUC": 0.8293464588340281,
    "AR": 0.7522443890274313,
    "AP": 0.6608617359242129
}