{
    "AUC": 0.5255235724375376,
    "AR": 0.31264339152119697,
    "AP": 0.19657159965752127
}