{
    "AUC": 0.8477560779698696,
    "AR": 0.8144139650872817,
    "AP": 0.734947244176386
}