{
    "AUC": 0.7667669071795477,
    "AR": 0.6318453865336658,
    "AP": 0.5170280631383282
}