{
    "AUC": 0.15125351995495454,
    "AR": 0.07925187032418951,
    "AP": 0.03197654584804126
}