{
    "AUC": 0.6628349480395811,
    "AR": 0.5523293172690765,
    "AP": 0.44661146801144086,
    "F1": 0.4938763355067712
}