{
    "AUC": 0.3661634915852208,
    "AR": 0.20602409638554223,
    "AP": 0.12319394877580238,
    "F1": 0.15418912996863623
}