{
    "AUC": 0.5495521821555462,
    "AR": 0.5622489959839355,
    "AP": 0.4418085539672888,
    "F1": 0.494805135218175
}