{
    "AUC": 0.6412614614604114,
    "AR": 0.6492971887550201,
    "AP": 0.5402359279591217,
    "F1": 0.5897669671564295
}