{
    "AUC": 0.5404417784387835,
    "AR": 0.5582329317269074,
    "AP": 0.436419418480509,
    "F1": 0.4898670201505549
}