{
    "AUC": 0.5471270014404543,
    "AR": 0.5622489959839355,
    "AP": 0.4411379368561723,
    "F1": 0.4943842778294019
}