{
    "AUC": 0.5404232401410687,
    "AR": 0.5582329317269074,
    "AP": 0.436419534648393,
    "F1": 0.48986709333255984
}