{
    "AUC": 0.0010404054438511872,
    "AR": 0.0,
    "AP": 3.3026844218981182e-06,
    "F1": 0.0
}