{
    "AUC": 0.610935242879252,
    "AR": 0.6223493975903615,
    "AP": 0.5069945882949828,
    "F1": 0.5587806382297228
}