{
    "AUC": 0.8463925766121236,
    "AR": 0.7824899598393573,
    "AP": 0.7051412964029211,
    "F1": 0.741804775058494
}