{
    "AUC": 0.563342985676612,
    "AR": 0.2351004016064257,
    "AP": 0.1674437839490686,
    "F1": 0.1955864834992065
}