{
    "AUC": 0.7087311362469549,
    "AR": 0.4317469879518072,
    "AP": 0.3290974001586818,
    "F1": 0.3734976914639417
}