{
    "AUC": 0.6498084443035299,
    "AR": 0.42142570281124486,
    "AP": 0.3161852340916327,
    "F1": 0.3612977460857507
}