{
    "AUC": 0.266008105921351,
    "AR": 0.14833333333333337,
    "AP": 0.07939464224186263,
    "F1": 0.1034292945589746
}