{
    "AUC": 0.6596976260506787,
    "AR": 0.5406224899598393,
    "AP": 0.43703743808129464,
    "F1": 0.48334244087221645
}