{
    "AUC": 0.6597478488001544,
    "AR": 0.5404618473895582,
    "AP": 0.43700603866015936,
    "F1": 0.48325902946881916
}