{
    "AUC": 0.556969206742531,
    "AR": 0.2250200803212851,
    "AP": 0.15844478256565633,
    "F1": 0.1859531923263819
}