{
    "AUC": 0.3332044612391564,
    "AR": 0.34939759036144585,
    "AP": 0.236556061812254,
    "F1": 0.28211145259008785
}