{
    "AUC": 0.7158486643439415,
    "AR": 0.6964859437751003,
    "AP": 0.5948174256428684,
    "F1": 0.6416493380009979
}