{
    "AUC": 0.7030414939236358,
    "AR": 0.6459236947791164,
    "AP": 0.5429346717187259,
    "F1": 0.5899682906944198
}