{
    "AUC": 0.693252526050249,
    "AR": 0.6631526104417672,
    "AP": 0.5543320089407457,
    "F1": 0.6038790353950069
}