{
    "AUC": 0.6082401541146429,
    "AR": 0.6219477911646586,
    "AP": 0.5057936682448125,
    "F1": 0.5578889596107534
}