{
    "AUC": 0.6459499089897773,
    "AR": 0.4628112449799197,
    "AP": 0.35604556465385445,
    "F1": 0.4024681460992575
}