{
    "AUC": 0.694167735401301,
    "AR": 0.6909638554216871,
    "AP": 0.5914093116106709,
    "F1": 0.6373222219371094
}