{
    "AUC": 0.5171233199724717,
    "AR": 0.18056224899598391,
    "AP": 0.12596427916788153,
    "F1": 0.14840081656848814
}