{
    "AUC": 0.5389798688131917,
    "AR": 0.15714859437751003,
    "AP": 0.10711766153578292,
    "F1": 0.12739719556837614
}