{
    "AUC": 0.7329838823658543,
    "AR": 0.7175301204819277,
    "AP": 0.6198297337046108,
    "F1": 0.6651111921912322
}