{
    "AUC": 0.5380395958004777,
    "AR": 0.15883534136546185,
    "AP": 0.10646693127161229,
    "F1": 0.12748259714904947
}