{
    "AUC": 0.3461639318452877,
    "AR": 0.2956827309236949,
    "AP": 0.1882619262752975,
    "F1": 0.23005027398058928
}