{
    "AUC": 0.7090912291700739,
    "AR": 0.6945582329317268,
    "AP": 0.5936205977831167,
    "F1": 0.6401348377993742
}