{
    "AUC": 0.604861860902036,
    "AR": 0.29540160642570273,
    "AP": 0.21601825768447735,
    "F1": 0.24954893157426652
}