{
    "AUC": 0.6915872399894583,
    "AR": 0.5271084337349399,
    "AP": 0.4283269453863176,
    "F1": 0.4726112309483553
}