{
    "AUC": 0.7610562238743077,
    "AR": 0.7239558232931723,
    "AP": 0.6403430133222443,
    "F1": 0.6795872589758942
}