{
    "AUC": 0.6472538433600857,
    "AR": 0.6542369477911646,
    "AP": 0.5446356464825718,
    "F1": 0.5944264047988863
}