{
    "AUC": 0.2743817411930681,
    "AR": 0.1496184738955824,
    "AP": 0.08314592206537051,
    "F1": 0.1068906257651935
}