{
    "AUC": 0.7812491052673392,
    "AR": 0.6668072289156628,
    "AP": 0.5686035010876884,
    "F1": 0.6138022209196727
}