{
    "AUC": 0.6725938226727544,
    "AR": 0.6646787148594383,
    "AP": 0.5593380473420966,
    "F1": 0.6074754953692679
}