{
    "AUC": 0.7334466189100833,
    "AR": 0.6922891566265059,
    "AP": 0.5970806142219436,
    "F1": 0.6411697314506535
}