{
    "AUC": 0.7568242551956877,
    "AR": 0.6414257028112451,
    "AP": 0.5430951389485463,
    "F1": 0.5881790660194817
}