{
    "AUC": 0.743732208954072,
    "AR": 0.637028112449799,
    "AP": 0.5433241492892024,
    "F1": 0.5864567188784285
}