{
    "AUC": 0.6738764194582308,
    "AR": 0.5561646586345382,
    "AP": 0.443783403064666,
    "F1": 0.4936589295522409
}