{
    "AUC": 0.5514555793631278,
    "AR": 0.5668875502008034,
    "AP": 0.4459455099172673,
    "F1": 0.4991957067645038
}