{
    "AUC": 0.5169702427924505,
    "AR": 0.18056224899598391,
    "AP": 0.12597697944338462,
    "F1": 0.14840962995714924
}