{
    "AUC": 0.6494554993394709,
    "AR": 0.6470883534136551,
    "AP": 0.5422246968822071,
    "F1": 0.5900335259895473
}