{
    "AUC": 0.6926407351745185,
    "AR": 0.6767068273092365,
    "AP": 0.5722236811272775,
    "F1": 0.6200948237730328
}