{
    "AUC": 0.8391064762066371,
    "AR": 0.7924096385542171,
    "AP": 0.7228159313730993,
    "F1": 0.7560145793316598
}