{
    "AUC": 0.2783013360869294,
    "AR": 0.1680923694779116,
    "AP": 0.09619270245570136,
    "F1": 0.1223622595401393
}