{
    "AUC": 0.543137401432055,
    "AR": 0.17387550200803217,
    "AP": 0.11556273637413697,
    "F1": 0.13884501863187687
}