{
    "AUC": 0.5382510682703238,
    "AR": 0.15883534136546185,
    "AP": 0.1064703171246722,
    "F1": 0.1274850243453452
}