{
    "AUC": 0.6528696872744433,
    "AR": 0.6532730923694778,
    "AP": 0.5455974906912427,
    "F1": 0.5945998925471063
}