{
    "AUC": 0.3069109822689174,
    "AR": 0.22024096385542163,
    "AP": 0.12815560411962054,
    "F1": 0.16202865567149338
}