{
    "AUC": 0.6429902588460262,
    "AR": 0.651586345381526,
    "AP": 0.5431182551589475,
    "F1": 0.5924283522954776
}