{
    "AUC": 0.6525201366667945,
    "AR": 0.6511847389558229,
    "AP": 0.5424489049061937,
    "F1": 0.5918640955784679
}