{
    "AUC": 0.5447594235462752,
    "AR": 0.5614056224899595,
    "AP": 0.43859161766234545,
    "F1": 0.492456959371419
}