{
    "AUC": 0.6075813689242087,
    "AR": 0.6229718875502008,
    "AP": 0.5070824554219706,
    "F1": 0.5590848198803744
}