{
    "AUC": 0.6719458601936354,
    "AR": 0.4066867469879518,
    "AP": 0.31416742359605376,
    "F1": 0.35448980591553764
}