{
    "AUC": 0.6081372979875456,
    "AR": 0.6209437751004016,
    "AP": 0.5058000034046569,
    "F1": 0.5574885249893992
}