{
    "AUC": 0.6876893279757144,
    "AR": 0.6899196787148598,
    "AP": 0.5853818579864369,
    "F1": 0.6333662302833162
}