{
    "AUC": 0.5404887209971323,
    "AR": 0.5582329317269074,
    "AP": 0.436416713619676,
    "F1": 0.4898653161709906
}