{
    "AUC": 0.6906103712213975,
    "AR": 0.6581726907630522,
    "AP": 0.5516210366913709,
    "F1": 0.6002046361483415
}