{
    "AUC": 0.6838210254066598,
    "AR": 0.592991967871486,
    "AP": 0.48748028369587876,
    "F1": 0.5350843435507636
}