{
  "AUC": 0.33866369115626466,
  "AR": 0.19651538461538465,
  "AP": 0.12629367927498997,
  "F1": 0.15376675399452264,
  "timePerImage": 0.17194239359635574
}