{
  "AAE": 0.7158141909466706,
  "timePerImage": 0.366373437001155
}