{
  "AUC": 0.475992309025489,
  "AR": 0.2747384615384617,
  "AP": 0.1802202873367057,
  "F1": 0.21766124776508758,
  "timePerImage": 0.056388723300053525,
  "AAE": 0.8409118177009861
}