{
  "AUC": 0.49188489906371047,
  "AR": 0.2174461538461538,
  "AP": 0.15580152009209117,
  "F1": 0.18153330173473375,
  "timePerImage": 0.0188875988813547
}