{
  "AUC": 0.5338885257202624,
  "AR": 0.2402461538461539,
  "AP": 0.15997375357686908,
  "F1": 0.1920598066230241,
  "timePerImage": 0.02254673847785363
}