{
  "AAE": 0.9902194963558028,
  "timePerImage": 0.7306489511636587
}