{
  "AUC": 0.4684719889559472,
  "AR": 0.30993846153846155,
  "AP": 0.20145399308721176,
  "F1": 0.2441895265503423,
  "timePerImage": 0.005754672930790828
}