{
  "AUC": 0.5968289423244727,
  "AR": 0.4751692307692306,
  "AP": 0.32461763153991025,
  "F1": 0.38572354096341044,
  "timePerImage": 0.016194286529834453
}