{
  "AUC": 0.25648457808402175,
  "AR": 0.23527692307692316,
  "AP": 0.1432985640295645,
  "F1": 0.17811425395714495,
  "timePerImage": 0.012604503631591797
}