{
  "AAE": 1.3343443386774043,
  "timePerImage": 0.2751962181238028
}