{
  "AAE": 1.840944144562037,
  "timePerImage": 0.12694412763302143
}