{
  "AUC": -1,
  "AR": 0.41,
  "AP": 0.02916855924829394,
  "F1": 0.054462502107484254,
  "timePerImage": 1.2087460237692311
}