{
  "AAE": 1.8899135285819983,
  "timePerImage": 0.06561288393460787
}