{
  "AUC": 0.5857015904925207,
  "AR": 0.4722846153846154,
  "AP": 0.3445408096517321,
  "F1": 0.39842374828974364,
  "timePerImage": 0.09341608139184805
}