{
  "AUC": 0.5936318678849352,
  "AR": 0.5163846153846153,
  "AP": 0.4000462629697347,
  "F1": 0.4508310239625146,
  "timePerImage": 0.010792925908015324
}