{
  "AAE": 1.3466047128026999,
  "timePerImage": 0.21345245453027578
}