{
  "AUC": 0.6238780416107723,
  "AR": 0.48037692307692303,
  "AP": 0.3593337988757762,
  "F1": 0.4111312625854757,
  "timePerImage": 0.17086901554694542,
  "AAE": 0.6201782893183351
}