{
  "AUC": 0.5852736956001934,
  "AR": 0.5048846153846154,
  "AP": 0.3890644788661243,
  "F1": 0.4394717127305293,
  "AAE": 0.4715902984091146,
  "timePerImage": 0.16235580902833205
}