{
  "AAE": 0.890787775549752,
  "timePerImage": 0.01971138550685002,
  "AUC": 0.6409069967069967,
  "AR": 0.4957846153846155,
  "AP": 0.3723234827839322,
  "F1": 0.4252748133559118
}