{
  "AAE": 0.9331625912896971,
  "timePerImage": 0.011199824810028076,
  "AUC": 0.5852736956001934,
  "AR": 0.5048846153846154,
  "AP": 0.3890644788661243,
  "F1": 0.4394717127305293
}