{
  "AUC": 0.6226477347778312,
  "AR": 0.5204615384615384,
  "AP": 0.3733917256784256,
  "F1": 0.43482759372677526,
  "AAE": 1.7471001871706888,
  "timePerImage": 0.028586583687708927
}