{
  "AUC": 0.37509284024239187,
  "AR": 0.19026153846153845,
  "AP": 0.10373243248604534,
  "F1": 0.13426324444368584,
  "timePerImage": 0.03369761778758122,
  "AAE": 1.0025086497718263
}