{
  "AUC": 0.392225478335167,
  "AR": 0.18700769230769224,
  "AP": 0.11111705654649019,
  "F1": 0.13940301434649546,
  "AAE": 1.49719544998387,
  "timePerImage": 0.010063712963691124
}