{
  "AUC": 0.6141320597944806,
  "AR": 0.40455384615384615,
  "AP": 0.2738487993626696,
  "F1": 0.32661012093321445,
  "timePerImage": 0.041661666539999156,
  "AAE": 1.848511980492346
}