{
  "AUC": 0.3019212200598802,
  "AR": 0.24599230769230768,
  "AP": 0.1496608365671366,
  "F1": 0.18609944135396544,
  "AAE": 1.9493478904557768,
  "timePerImage": 0.016010058843172515
}