{
  "AUC": 0.5415929063329883,
  "AR": 0.497730769230769,
  "AP": 0.3768801234834334,
  "F1": 0.42895608854598116,
  "AAE": 1.5854765371946644,
  "timePerImage": 0.0021264048723074105
}