{
  "AUC": -1,
  "AR": 0.7461538461538462,
  "AP": 0.3549675121372053,
  "F1": 0.48107390242961606,
  "timePerImage": 0.33674176540083556
}